fecha,provincia,localidad,tn
2024-12-06,CHACO,PAMPA DEL INFIERNO,2000
2025-02-24,ENTRE RÍOS,CUCHILLA REDONDA,29
2025-03-14,ENTRE RÍOS,DIAMANTE,29
2025-03-17,BUENOS AIRES,SAN ANTONIO DE ARECO,120
2025-03-27,BUENOS AIRES,ARRIBEÑOS,583
2025-03-28,BUENOS AIRES,GENERAL VILLEGAS,360
2025-03-28,SANTA FE,RUFINO,58
2025-03-31,BUENOS AIRES,GENERAL VILLEGAS,500
2025-03-31,CÓRDOBA,ALEJANDRO ROCA,189
2025-03-31,CÓRDOBA,BELL VILLE,122
2025-03-31,SANTA FE,MERCEDITAS,91
2025-04-01,BUENOS AIRES,TRENQUE LAUQUEN,558
2025-04-01,SANTA FE,WHEELWRIGHT,322
2025-04-03,BUENOS AIRES,LOBOS,300
2025-04-03,LA PAMPA,CATRILO,2000
2025-04-04,SANTA FE,SAN JUSTO,800
2025-04-08,CÓRDOBA,ORDOÑEZ,328
2025-04-08,CÓRDOBA,VIVERO,3000
2025-04-08,ENTRE RÍOS,DIAMANTE,1000
2025-04-08,ENTRE RÍOS,LA PAZ,10000
2025-04-08,ENTRE RÍOS,TALITAS (APEADERO FC,150
2025-04-08,ENTRE RÍOS,URDINARRAIN,2000
2025-04-09,BUENOS AIRES,JUNIN,120
2025-04-09,BUENOS AIRES,PEHUAJO,600
2025-04-09,CÓRDOBA,VILLA MARIA (DPTO. G,36
2025-04-09,SANTA FE,SAN JUSTO,300
2025-04-10,BUENOS AIRES,CARABELAS,1980
2025-04-11,CÓRDOBA,SINSACATE,1905
2025-04-11,CÓRDOBA,VILLA HUIDOBRO,642
2025-04-14,CÓRDOBA,MONTE BUEY,60
2025-04-14,CÓRDOBA,RIO PRIMERO,1000
2025-04-15,BUENOS AIRES,ROJAS,323
2025-04-15,SANTA FE,BOUQUET,90
2025-04-15,SANTA FE,LAS ROSAS,10160
2025-04-15,SANTA FE,VIDELA,300
2025-04-16,CÓRDOBA,MONTE MAIZ,90
2025-04-16,SANTA FE,SAN JORGE,400
2025-04-16,SANTA FE,VENADO TUERTO,1000
2025-04-23,BUENOS AIRES,JUNIN,789
2025-04-24,BUENOS AIRES,LUJAN,1716
2025-04-24,SAN LUIS,LUJAN,654
2025-04-25,BUENOS AIRES,PERGAMINO,1
2025-04-25,CÓRDOBA,JUSTINIANO POSSE,328
2025-04-28,CÓRDOBA,VILLA DEL ROSARIO,243
2025-04-28,LA PAMPA,CATRILO,1139
2025-04-28,SANTIAGO DEL ESTERO,QUIMILI,168
2025-04-30,BUENOS AIRES,SARASA,613
2025-04-30,CÓRDOBA,MONTE BUEY,790
2025-04-30,ENTRE RÍOS,ALDEA PROTESTANTE,190
2025-04-30,ENTRE RÍOS,HERNANDARIAS,268
2025-04-30,SANTA FE,FUNES,633
2025-04-30,SANTA FE,MURPHY,2500
2025-05-05,CÓRDOBA,LAS ACEQUIAS,113
2025-05-05,SAN LUIS,JUSTO DARACT,2100
2025-05-07,SANTA FE,BOUQUET,90
2025-05-07,SANTA FE,CASILDA,500
2025-05-08,BUENOS AIRES,ARRIBEÑOS,805
2025-05-08,BUENOS AIRES,CARABELAS,337
2025-05-08,BUENOS AIRES,SARASA,559
2025-05-08,SANTA FE,MARIA SUSANA,30
2025-05-09,CÓRDOBA,INRIVILLE,750
2025-05-09,SANTA FE,VENADO TUERTO,750
2025-05-09,SANTIAGO DEL ESTERO,BANDERA,297
2025-05-12,BUENOS AIRES,GENERAL VILLEGAS,394
2025-05-12,CÓRDOBA,GUATIMOZIN,413
2025-05-12,CÓRDOBA,LA BARRANQUITA,200
2025-05-12,SANTA FE,COLONIA JOSEFINA,631
2025-05-13,BUENOS AIRES,VEDIA,301
2025-05-13,CÓRDOBA,MONTE MAIZ,1770
2025-05-14,SANTA FE,SANTA ISABEL,1500
2025-05-15,SANTA FE,CAÑADA DE GOMEZ,60
2025-05-16,BUENOS AIRES,ROJAS,1000
2025-05-19,BUENOS AIRES,ARRIBEÑOS,1161
2025-05-19,CÓRDOBA,ALEJO LEDESMA,553
2025-05-19,CÓRDOBA,GUATIMOZIN,618
2025-05-19,CÓRDOBA,MORRISON,290
2025-05-19,SANTA FE,VENADO TUERTO,2500
2025-05-20,BUENOS AIRES,ARRIBEÑOS,137
2025-05-20,BUENOS AIRES,PERGAMINO,28
2025-05-20,CÓRDOBA,CORDOBA,500
2025-05-20,SANTA FE,VENADO TUERTO,500
2025-05-21,CÓRDOBA,JUSTINIANO POSSE,300
2025-05-21,ENTRE RÍOS,LA PAZ,5000
2025-05-21,SANTA FE,VENADO TUERTO,200
2025-05-22,BUENOS AIRES,COLON,108
2025-05-22,CÓRDOBA,MONTE RALO,300
2025-05-22,SANTA FE,MURPHY,30
2025-05-23,BUENOS AIRES,ARRIBEÑOS,43
2025-05-23,SANTA FE,LAS ROSAS,6350
2025-05-23,SANTIAGO DEL ESTERO,LOS JURIES,82
2025-05-26,BUENOS AIRES,ARRIBEÑOS,8
2025-05-26,CÓRDOBA,CORDOBA,30
2025-05-26,CÓRDOBA,VILLA HUIDOBRO,62
2025-05-26,SANTA FE,MURPHY,27
2025-05-26,SANTA FE,SANTA FE,33
2025-05-27,LA PAMPA,CATRILO,304
2025-05-28,BUENOS AIRES,GENERAL VILLEGAS,500
2025-05-28,BUENOS AIRES,LINCOLN,500
2025-05-28,CÓRDOBA,ELENA,125
2025-05-28,CÓRDOBA,NOETINGER,863
2025-05-28,CÓRDOBA,RIO CUARTO,386
2025-05-28,SAN LUIS,LUJAN,1121
2025-05-28,SANTA FE,CHAPUY,1000
2025-05-28,SANTA FE,ELORTONDO,77
2025-05-28,SANTA FE,RUFINO,1400
2025-05-28,SANTA FE,SAN LORENZO,2820
2025-05-29,BUENOS AIRES,BELLOCQ,333
2025-05-29,BUENOS AIRES,BRAGADO,111
2025-05-29,BUENOS AIRES,CARLOS CASARES,3000
2025-05-29,BUENOS AIRES,LINCOLN,560
2025-05-29,BUENOS AIRES,SALTO,1017
2025-05-29,CÓRDOBA,BERROTARAN,30
2025-05-29,CÓRDOBA,MONTE BUEY,734
2025-05-29,CÓRDOBA,SANTA MARIA (ALDEA S,120
2025-05-29,ENTRE RÍOS,RINCON DE NOGOYA,500
2025-05-29,ENTRE RÍOS,VICTORIA,500
2025-05-29,SANTA FE,ALVEAR,556
2025-05-29,SANTA FE,CHAPUY,7000
2025-05-29,SANTA FE,SAN MARCOS DE VENADO,778
2025-05-29,SANTA FE,SANTA FE,3722
2025-05-30,SANTA FE,VENADO TUERTO,3
2025-06-02,BUENOS AIRES,SARASA,665
2025-06-02,BUENOS AIRES,VEDIA,26
2025-06-02,CÓRDOBA,HUINCA RENANCO,232
2025-06-02,CÓRDOBA,INRIVILLE,436
2025-06-02,CÓRDOBA,MALAGUEÑO,200
2025-06-02,ENTRE RÍOS,VICTORIA,391
2025-06-02,ENTRE RÍOS,VILLAGUAY,127
2025-06-03,CÓRDOBA,MONTE CRISTO,1000
2025-06-03,CÓRDOBA,VILLA HUIDOBRO,572
2025-06-03,ENTRE RÍOS,GUALEGUAYCHU,222
2025-06-03,ENTRE RÍOS,PASO DE LA ARENA,204
2025-06-03,ENTRE RÍOS,SAN SALVADOR,123
2025-06-04,CÓRDOBA,CANALS,125
2025-06-04,CÓRDOBA,MARCOS JUAREZ,900
2025-06-04,ENTRE RÍOS,VILLAGUAY,806
2025-06-05,BUENOS AIRES,VEDIA,164
2025-06-05,CÓRDOBA,INRIVILLE,300
2025-06-05,CÓRDOBA,SINSACATE,893
2025-06-05,SANTA FE,MURPHY,12
2025-06-06,BUENOS AIRES,BOLIVAR,879
2025-06-06,CÓRDOBA,RAYO CORTADO,900
2025-06-06,ENTRE RÍOS,SAN SALVADOR,110
2025-06-09,BUENOS AIRES,COLON,193
2025-06-09,CÓRDOBA,RIO TERCERO,916
2025-06-09,SANTA FE,LAS ROSAS,75
2025-06-10,BUENOS AIRES,PEHUAJO,2800
2025-06-10,CÓRDOBA,MONTE CRISTO,1000
2025-06-10,CÓRDOBA,VILLA HUIDOBRO,1700
2025-06-10,ENTRE RÍOS,CRUCESITAS 3A. SECCI,468
2025-06-10,SANTA FE,ROSARIO,1300
2025-06-10,SANTA FE,VENADO TUERTO,1000
2025-06-11,BUENOS AIRES,ROJAS,500
2025-06-11,ENTRE RÍOS,PAJONAL,2000
2025-06-11,LA PAMPA,CATRILO,796
2025-06-11,SANTA FE,SAN GREGORIO,524
2025-06-11,SANTA FE,VENADO TUERTO,950
2025-06-11,SANTA FE,VILLA CAÑAS,250
2025-06-12,CÓRDOBA,MONTE MAIZ,211
2025-06-12,ENTRE RÍOS,HERNANDARIAS,287
2025-06-12,SANTA FE,VILLA CAÑAS,448
2025-06-13,BUENOS AIRES,ROQUE PEREZ,1000
2025-06-13,CÓRDOBA,EL RASTREADOR,70
2025-06-13,CÓRDOBA,PUEBLO ITALIANO,104
2025-06-13,CÓRDOBA,VICUÑA MACKENNA,175
2025-06-13,ENTRE RÍOS,VICTORIA,278
2025-06-13,SANTA FE,CARCARAÑA,90
2025-06-13,SANTA FE,MARIA SUSANA,563
2025-06-13,SANTA FE,MURPHY,222
2025-06-13,SANTA FE,SAN JUSTO,6000
2025-06-13,SANTA FE,VILLA CAÑAS,657
2025-06-17,BUENOS AIRES,COLON,150
2025-06-17,CÓRDOBA,CAPILLA DE SITON,504
2025-06-17,CÓRDOBA,COLONIA ALMADA,2200
2025-06-17,CÓRDOBA,LA CESIRA,200
2025-06-17,CÓRDOBA,MONTE RALO,295
2025-06-17,CÓRDOBA,RIO PRIMERO,45
2025-06-17,ENTRE RÍOS,TALITA,1200
2025-06-17,SANTA FE,MARIA SUSANA,563
2025-06-17,SANTA FE,VENADO TUERTO,237
2025-06-17,SANTA FE,VILLA CAÑAS,395
2025-06-18,BUENOS AIRES,ARRIBEÑOS,262
2025-06-18,BUENOS AIRES,COLON,60
2025-06-18,BUENOS AIRES,LINCOLN,500
2025-06-18,CÓRDOBA,MONTE MAIZ,135
2025-06-18,CÓRDOBA,PASCANAS,210
2025-06-18,LA PAMPA,GENERAL PICO,31
2025-06-18,SANTA FE,"HUMBERTO I""",60
2025-06-18,SANTA FE,MURPHY,618
2025-06-18,SANTA FE,VILLA CAÑAS,2418
2025-06-18,SANTIAGO DEL ESTERO,BANDERA,638
2025-06-19,BUENOS AIRES,ARRIBEÑOS,269
2025-06-19,BUENOS AIRES,DAIREAUX,26
2025-06-19,BUENOS AIRES,VEDIA,298
2025-06-19,CÓRDOBA,RIO CUARTO,1351
2025-06-19,ENTRE RÍOS,NOGOYA,283
2025-06-19,LA PAMPA,LONQUIMAY,50
2025-06-19,SAN LUIS,VILLA MERCEDES,1076
2025-06-19,SANTA FE,VILLA CAÑAS,2417
2025-06-22,CÓRDOBA,MONTE MAIZ,1500
2025-06-23,BUENOS AIRES,BOLIVAR,316
2025-06-23,ENTRE RÍOS,MOJONES NORTE,199
2025-06-23,SANTA FE,MURPHY,10
2025-06-23,SANTA FE,RUFINO,61
2025-06-23,SANTIAGO DEL ESTERO,TACAÑITAS,959
2025-06-24,BUENOS AIRES,ROJAS,10
2025-06-24,BUENOS AIRES,VEDIA,822
2025-06-24,CÓRDOBA,MONTE CRISTO,8186
2025-06-24,ENTRE RÍOS,SAN JOSE DE FELICIAN,91
2025-06-24,ENTRE RÍOS,TALITA,1200
2025-06-24,SANTA FE,HUGHES,2000
2025-06-24,SANTA FE,RUFINO,86
2025-06-24,SANTA FE,SANCTI SPIRITU,289
2025-06-24,SANTA FE,VENADO TUERTO,2313
2025-06-25,BUENOS AIRES,CARLOS CASARES,103
2025-06-25,CHACO,TRES ESTACAS,700
2025-06-25,CÓRDOBA,VILLA DEL TOTORAL,60
2025-06-25,ENTRE RÍOS,GOBERNADOR SOLA,198
2025-06-25,SANTA FE,DOCTOR BARROS PAZOS,500
2025-06-25,SANTA FE,FRANCK,305
2025-06-26,BUENOS AIRES,ARRIBEÑOS,55
2025-06-26,BUENOS AIRES,GENERAL VILLEGAS,300
2025-06-26,CÓRDOBA,MONTE CRISTO,3000
2025-06-26,CÓRDOBA,NUEVA ANDALUCIA,2000
2025-06-26,LA PAMPA,GENERAL PICO,11
2025-06-26,SAN LUIS,SAN LUIS,1400
2025-06-27,BUENOS AIRES,BRAGADO,500
2025-06-27,BUENOS AIRES,GENERAL VILLEGAS,111
2025-06-27,CÓRDOBA,LABOULAYE,840
2025-06-27,CÓRDOBA,RIO CUARTO,2706
2025-06-27,ENTRE RÍOS,LARROQUE,188
2025-06-27,SANTA FE,BOUQUET,120
2025-06-30,BUENOS AIRES,ARRIBEÑOS,298
2025-06-30,BUENOS AIRES,COLON,90
2025-06-30,BUENOS AIRES,JUNIN,39
2025-06-30,BUENOS AIRES,LINCOLN,240
2025-06-30,CÓRDOBA,VILLA HUIDOBRO,6000
2025-06-30,ENTRE RÍOS,"COLONIA OFICIAL N"" 1",153
2025-06-30,SANTA FE,RUFINO,331
2025-07-01,BUENOS AIRES,ARRIBEÑOS,240
2025-07-01,CÓRDOBA,CORONEL MOLDES,700
2025-07-01,CÓRDOBA,JESUS MARIA,1050
2025-07-01,CÓRDOBA,VILLA HUIDOBRO,3000
2025-07-01,ENTRE RÍOS,PASO DE LA ARENA,51
2025-07-01,LA PAMPA,WINIFREDA,140
2025-07-01,SANTA FE,EL TREBOL,395
2025-07-01,SANTA FE,ROSARIO,1000
2025-07-01,SANTA FE,URANGA,2000
2025-07-02,BUENOS AIRES,ARRIBEÑOS,318
2025-07-02,BUENOS AIRES,BRAGADO,1000
2025-07-02,BUENOS AIRES,CARLOS CASARES,2000
2025-07-02,BUENOS AIRES,LINCOLN,500
2025-07-02,CATAMARCA,CHACABUCO,1000
2025-07-02,CÓRDOBA,COLONIA ALMADA,200
2025-07-02,CÓRDOBA,CORONEL MOLDES,262
2025-07-02,CÓRDOBA,HIPOLITO BOUCHARD,150
2025-07-02,CÓRDOBA,OLAETA,98
2025-07-02,CÓRDOBA,VILLA HUIDOBRO,10
2025-07-02,SANTA FE,CHAPUY,3500
2025-07-02,SANTA FE,ROSARIO,400
2025-07-02,SANTA FE,TEODELINA,1000
2025-07-02,SANTA FE,VILLA MINETTI,4202
2025-07-03,BUENOS AIRES,ALBERTI,500
2025-07-03,BUENOS AIRES,BRAGADO,4100
2025-07-03,BUENOS AIRES,CARABELAS,780
2025-07-03,BUENOS AIRES,MARIANO H. ALFONZO,598
2025-07-03,CÓRDOBA,BELL VILLE,24
2025-07-03,CÓRDOBA,COLONIA ALMADA,500
2025-07-03,CÓRDOBA,GALPON CHICO,150
2025-07-03,CÓRDOBA,GUATIMOZIN,801
2025-07-03,CÓRDOBA,JUSTINIANO POSSE,16200
2025-07-03,CÓRDOBA,MARCOS JUAREZ,600
2025-07-03,CÓRDOBA,MONTE BUEY,1498
2025-07-03,CÓRDOBA,ONCATIVO,800
2025-07-03,CÓRDOBA,SINSACATE,1000
2025-07-03,ENTRE RÍOS,GUALEGUAYCHU,1380
2025-07-03,ENTRE RÍOS,RINCON DE NOGOYA,1000
2025-07-03,SANTA FE,ARMSTRONG,260
2025-07-03,SANTA FE,CARCARAÑA,1108
2025-07-03,SANTA FE,MARIA SUSANA,1
2025-07-03,SANTA FE,VILLA MINETTI,5200
2025-07-04,BUENOS AIRES,ALBERTI,790
2025-07-04,BUENOS AIRES,ARRIBEÑOS,981
2025-07-04,BUENOS AIRES,BRAGADO,120
2025-07-04,BUENOS AIRES,CARMEN DE ARECO,2750
2025-07-04,BUENOS AIRES,JUAN VELA,403
2025-07-04,BUENOS AIRES,SAN ANDRES DE GILES,2006
2025-07-04,CÓRDOBA,IDIAZABAL,395
2025-07-04,CÓRDOBA,LOS ZORROS,152
2025-07-04,CÓRDOBA,NICOLAS BRUZONE,834
2025-07-04,CÓRDOBA,NOETINGER,1500
2025-07-04,CÓRDOBA,RIO CUARTO,4000
2025-07-04,CÓRDOBA,VILLA MARIA (DPTO. G,5000
2025-07-04,ENTRE RÍOS,CRUCESITAS 3A. SECCI,570
2025-07-04,ENTRE RÍOS,DIAMANTE,192
2025-07-04,ENTRE RÍOS,GUALEGUAY,500
2025-07-04,ENTRE RÍOS,PAJONAL,1000
2025-07-04,ENTRE RÍOS,VICTORIA,2920
2025-07-04,LA PAMPA,WINIFREDA,500
2025-07-04,SALTA,ANTA,1389
2025-07-04,SANTA FE,ARMSTRONG,9245
2025-07-04,SANTA FE,CAMPO LA RIVIERE,60
2025-07-04,SANTA FE,CAÑADA ROSQUIN,2000
2025-07-04,SANTA FE,CHABAS,59
2025-07-04,SANTA FE,CHAPUY,2009
2025-07-04,SANTA FE,LUIS PALACIOS,1000
2025-07-04,SANTA FE,MARIA JUANA,17680
2025-07-04,SANTA FE,MONTES DE OCA,50
2025-07-04,SANTA FE,ROSARIO,3300
2025-07-04,SANTA FE,RUFINO,300
2025-07-04,SANTA FE,SAN JORGE,4190
2025-07-04,SANTA FE,VILLA CAÑAS,1375
2025-07-04,SANTIAGO DEL ESTERO,BANDERA,1261
2025-07-04,SANTIAGO DEL ESTERO,SACHAYOJ,2914
2025-07-05,BUENOS AIRES,BRAGADO,8190
2025-07-05,CÓRDOBA,INRIVILLE,1580
2025-07-07,BUENOS AIRES,25 DE MAYO,710
2025-07-07,BUENOS AIRES,ALBERTI,3000
2025-07-07,BUENOS AIRES,ARRECIFES,2000
2025-07-07,BUENOS AIRES,CARMEN DE ARECO,470
2025-07-07,BUENOS AIRES,CHACABUCO,7000
2025-07-07,BUENOS AIRES,CHIVILCOY,120
2025-07-07,BUENOS AIRES,GONZALES CHAVES,1200
2025-07-07,BUENOS AIRES,SAN ANTONIO DE ARECO,713
2025-07-07,CÓRDOBA,CAMILO ALDAO,2300
2025-07-07,CÓRDOBA,JESUS MARIA,2941
2025-07-07,CÓRDOBA,MONTE MAIZ,590
2025-07-07,CÓRDOBA,RIO CUARTO,200
2025-07-07,CÓRDOBA,SAN FRANCISCO (DPTO.,1276
2025-07-07,ENTRE RÍOS,CERRITO,604
2025-07-07,ENTRE RÍOS,VICTORIA,5000
2025-07-07,SANTA FE,AROCENA,1603
2025-07-07,SANTA FE,LAS ROSAS,5320
2025-07-07,SANTA FE,LOPEZ,2900
2025-07-07,SANTA FE,MARIA JUANA,2400
2025-07-07,SANTA FE,MARIA SUSANA,1000
2025-07-07,SANTA FE,RAFAELA,5000
2025-07-07,SANTA FE,SAN CARLOS CENTRO,1450
2025-07-07,SANTA FE,SAN JORGE,1582
2025-07-07,SANTA FE,SAN LORENZO,25100
2025-07-07,SANTA FE,VENADO TUERTO,20045
2025-07-07,SANTA FE,VIDELA,300
2025-07-08,BUENOS AIRES,ARRECIFES,162
2025-07-08,BUENOS AIRES,BRAGADO,1750
2025-07-08,CÓRDOBA,JUSTINIANO POSSE,3000
2025-07-08,CÓRDOBA,LABOULAYE,500
2025-07-08,ENTRE RÍOS,CRESPO,274
2025-07-08,ENTRE RÍOS,PASO DE LAS PIEDRAS,1869
2025-07-08,ENTRE RÍOS,VICTORIA,512
2025-07-08,LA PAMPA,GENERAL PICO,100
2025-07-08,SANTA FE,ALCORTA DTO CONSTITU,77
2025-07-08,SANTA FE,BUSTINZA,1000
2025-07-08,SANTA FE,ROSARIO,300
2025-07-08,SANTA FE,VENADO TUERTO,77
2025-07-08,SANTIAGO DEL ESTERO,LOS JURIES,359
2025-07-09,CÓRDOBA,BELL VILLE,100
2025-07-10,BUENOS AIRES,BOLIVAR,305
2025-07-10,BUENOS AIRES,PERGAMINO,2000
2025-07-10,LA PAMPA,GENERAL PICO,133
2025-07-10,SANTA FE,ROSARIO,2000
2025-07-10,SANTA FE,TEODELINA,636
2025-07-10,SANTA FE,VENADO TUERTO,150
2025-07-11,BUENOS AIRES,CHIVILCOY,150
2025-07-11,BUENOS AIRES,INES INDART,82
2025-07-11,BUENOS AIRES,VEDIA,616
2025-07-11,ENTRE RÍOS,DIAMANTE,115
2025-07-11,ENTRE RÍOS,VICTORIA,1187
2025-07-11,LA PAMPA,GENERAL PICO,1000
2025-07-11,SANTA FE,RAFAELA,5464
2025-07-11,SANTA FE,ROSARIO,300
2025-07-11,SANTIAGO DEL ESTERO,BANDERA,100
2025-07-14,BUENOS AIRES,ARRIBEÑOS,719
2025-07-14,BUENOS AIRES,VEDIA,9
2025-07-14,CÓRDOBA,LOS CONDORES,11942
2025-07-14,LA PAMPA,GENERAL PICO,60
2025-07-14,SANTA FE,SAN LORENZO,7800
2025-07-15,CÓRDOBA,LABOULAYE,350
2025-07-15,ENTRE RÍOS,VILLAGUAY,595
2025-07-15,SANTA FE,MARIA SUSANA,298
2025-07-16,BUENOS AIRES,BRAGADO,210
2025-07-16,CÓRDOBA,LABOULAYE,23
2025-07-16,ENTRE RÍOS,GOBERNADOR SOLA,420
2025-07-16,ENTRE RÍOS,MOJONES NORTE,433
2025-07-16,ENTRE RÍOS,VILLAGUAY,840
2025-07-16,SANTA FE,SANCTI SPIRITU,209
2025-07-17,BUENOS AIRES,TRENQUE LAUQUEN,1500
2025-07-17,BUENOS AIRES,VEDIA,67
2025-07-17,CÓRDOBA,ALEJANDRO ROCA,210
2025-07-17,CÓRDOBA,COLONIA ALMADA,336
2025-07-17,LA PAMPA,GENERAL PICO,7000
2025-07-18,BUENOS AIRES,AMERICA,84
2025-07-18,BUENOS AIRES,ARRIBEÑOS,70
2025-07-18,BUENOS AIRES,DAIREAUX,150
2025-07-18,BUENOS AIRES,PEHUAJO,3500
2025-07-18,BUENOS AIRES,TRENQUE LAUQUEN,700
2025-07-18,BUENOS AIRES,VEDIA,113
2025-07-18,ENTRE RÍOS,VILLAGUAY,200
2025-07-18,LA PAMPA,GENERAL PICO,4000
2025-07-18,SANTA FE,CAÑADA DE GOMEZ,34
2025-07-21,BUENOS AIRES,ROJAS,376
2025-07-21,BUENOS AIRES,TRENQUE LAUQUEN,292
2025-07-21,BUENOS AIRES,VEDIA,45
2025-07-21,CÓRDOBA,BELL VILLE,124
2025-07-21,CÓRDOBA,CAMILO ALDAO,60
2025-07-21,CÓRDOBA,MONTE CRISTO,33
2025-07-21,ENTRE RÍOS,ALTAMIRANO NORTE,5
2025-07-22,BUENOS AIRES,COLON,60
2025-07-22,CÓRDOBA,BELL VILLE,270
2025-07-22,ENTRE RÍOS,MACIA,372
2025-07-22,ENTRE RÍOS,VILLAGUAY,767
2025-07-22,SANTA FE,MARIA SUSANA,76
2025-07-22,SANTA FE,ROSARIO,210
2025-07-22,SANTIAGO DEL ESTERO,TOMAS YOUNG,614
2025-07-23,BUENOS AIRES,BRAGADO,500
2025-07-23,BUENOS AIRES,SAN ANTONIO DE ARECO,390
2025-07-23,BUENOS AIRES,VEDIA,19
2025-07-23,CÓRDOBA,ALEJANDRO ROCA,370
2025-07-23,CÓRDOBA,CAMILO ALDAO,330
2025-07-23,CÓRDOBA,HUANCHILLA,248
2025-07-23,CÓRDOBA,HUINCA RENANCO,190
2025-07-23,ENTRE RÍOS,VILLAGUAY,62
2025-07-23,LA PAMPA,GENERAL PICO,42
2025-07-23,SANTA FE,ARMSTRONG,30
2025-07-23,SANTA FE,LAS ROSAS,5080
2025-07-23,SANTA FE,RUFINO,110
2025-07-23,SANTA FE,TEODELINA,952
2025-07-24,BUENOS AIRES,ARRIBEÑOS,216
2025-07-24,BUENOS AIRES,BRAGADO,90
2025-07-24,BUENOS AIRES,CHIVILCOY,101
2025-07-24,BUENOS AIRES,PERGAMINO,30
2025-07-24,BUENOS AIRES,ROJAS,308
2025-07-24,CÓRDOBA,BELL VILLE,2000
2025-07-24,CÓRDOBA,MALAGUEÑO,200
2025-07-24,ENTRE RÍOS,COSTA GRANDE,5048
2025-07-24,ENTRE RÍOS,DON CRISTOBAL SEGUND,23
2025-07-24,ENTRE RÍOS,PAJONAL,1248
2025-07-24,ENTRE RÍOS,SAN JOSE DE FELICIAN,218
2025-07-24,SALTA,ROSARIO DE LA FRONTE,700
2025-07-24,SANTA FE,RAFAELA,5441
2025-07-24,SANTA FE,RICARDONE,100
2025-07-24,SANTA FE,ROSARIO,4600
2025-07-24,SANTA FE,VILLA MINETTI,2221
2025-07-25,BUENOS AIRES,BOLIVAR,80
2025-07-25,BUENOS AIRES,LOBOS,200
2025-07-25,BUENOS AIRES,TRENQUE LAUQUEN,200
2025-07-25,BUENOS AIRES,VEDIA,37
2025-07-25,CÓRDOBA,COLONIA CAROYA,400
2025-07-25,CÓRDOBA,HUANCHILLA,66
2025-07-25,CÓRDOBA,LOS CISNES,229
2025-07-25,ENTRE RÍOS,ARANGUREN,1275
2025-07-25,ENTRE RÍOS,CRUCESITAS 8A. SECCI,18
2025-07-25,ENTRE RÍOS,SAN SALVADOR,100
2025-07-25,ENTRE RÍOS,VICTORIA,413
2025-07-25,SANTA FE,CHABAS,431
2025-07-25,SANTA FE,LAS PAREJAS,253
2025-07-25,SANTA FE,MARIA SUSANA,1064
2025-07-25,SANTA FE,MARIA TERESA,70
2025-07-25,SANTA FE,SANCTI SPIRITU,300
2025-07-25,SANTA FE,VENADO TUERTO,45
2025-07-28,BUENOS AIRES,CHILLAR,1300
2025-07-28,BUENOS AIRES,URDAMPILLETA,261
2025-07-28,CÓRDOBA,LOS CONDORES,478
2025-07-28,CÓRDOBA,SANTA ROSA DE RIO PR,500
2025-07-28,CÓRDOBA,VILLA ALLENDE,24
2025-07-28,ENTRE RÍOS,PALAVECINO,98
2025-07-28,ENTRE RÍOS,VICTORIA,1473
2025-07-28,SANTA FE,BUSTINZA,120
2025-07-28,SANTA FE,SAN JORGE,232
2025-07-29,BUENOS AIRES,CARABELAS,7
2025-07-29,BUENOS AIRES,ROJAS,90
2025-07-29,CÓRDOBA,HUINCA RENANCO,407
2025-07-29,CÓRDOBA,MARCOS JUAREZ,244
2025-07-29,CÓRDOBA,MONTE MAIZ,564
2025-07-29,CÓRDOBA,ORDOÑEZ,115
2025-07-29,CÓRDOBA,PUEBLO ITALIANO,1777
2025-07-29,ENTRE RÍOS,AVENIDA EJERCITO PAR,491
2025-07-29,ENTRE RÍOS,COLONIA SANTA LUISA,212
2025-07-29,ENTRE RÍOS,CONCEPCION DEL URUGU,461
2025-07-29,ENTRE RÍOS,GUALEGUAY,117
2025-07-29,ENTRE RÍOS,GUALEGUAYCHU,524
2025-07-29,ENTRE RÍOS,LARROQUE,1514
2025-07-29,ENTRE RÍOS,URDINARRAIN,1755
2025-07-29,SANTA FE,MARIA TERESA,327
2025-07-29,SANTA FE,ROSARIO,600
2025-07-29,SANTA FE,VENADO TUERTO,17
2025-07-29,TUCUMÁN,BURRUYACU,5323
2025-07-30,BUENOS AIRES,ARRIBEÑOS,60
2025-07-30,CÓRDOBA,INRIVILLE,1412
2025-07-30,CÓRDOBA,LOS CONDORES,812
2025-07-30,ENTRE RÍOS,COSTA GRANDE,215
2025-07-30,ENTRE RÍOS,FEDERAL,910
2025-07-30,ENTRE RÍOS,GOBERNADOR MANSILLA,226
2025-07-30,ENTRE RÍOS,MOLINO DOLL,30
2025-07-30,ENTRE RÍOS,PAJONAL,1242
2025-07-30,ENTRE RÍOS,SANTA ELENA (DPTO. L,111
2025-07-30,ENTRE RÍOS,VILLAGUAY,533
2025-07-30,SANTA FE,ALCORTA DTO CONSTITU,77
2025-07-30,SANTA FE,RUNCIMAN,1750
2025-07-31,BUENOS AIRES,ARRIBEÑOS,230
2025-07-31,CÓRDOBA,ADELIA MARIA,420
2025-07-31,CÓRDOBA,COLONIA ALMADA,164
2025-07-31,CÓRDOBA,HUINCA RENANCO,90
2025-07-31,CÓRDOBA,ONCATIVO,76
2025-07-31,CÓRDOBA,SAN FRANCISCO (DPTO.,250
2025-07-31,CÓRDOBA,VILLA HUIDOBRO,326
2025-07-31,ENTRE RÍOS,FEDERAL,510
2025-07-31,LA PAMPA,BERNARDO LARROUDE,23
2025-07-31,SALTA,ROSARIO DE LA FRONTE,500
2025-07-31,SANTA FE,ROSARIO,3500
2025-07-31,SANTA FE,VENADO TUERTO,245
2025-07-31,SANTIAGO DEL ESTERO,QUIMILI,2430
2025-08-01,BUENOS AIRES,CHIVILCOY,138
2025-08-01,BUENOS AIRES,COLON,120
2025-08-01,BUENOS AIRES,VEDIA,164
2025-08-01,CÓRDOBA,ARIAS,162
2025-08-01,CÓRDOBA,COLAZO,101
2025-08-01,CÓRDOBA,CORDOBA,100
2025-08-01,CÓRDOBA,SAN FRANCISCO (DPTO.,300
2025-08-01,ENTRE RÍOS,EL PALENQUE,215
2025-08-01,ENTRE RÍOS,MOJONES NORTE,150
2025-08-01,ENTRE RÍOS,VICTORIA,6000
2025-08-01,LA PAMPA,WINIFREDA,130
2025-08-01,SALTA,ROSARIO DE LA FRONTE,250
2025-08-01,SANTA FE,ROSARIO,1000
2025-08-04,BUENOS AIRES,VILLA SABOYA,348
2025-08-04,CHACO,PRESIDENCIA ROQUE SAENZ PEÑA,174
2025-08-04,CÓRDOBA,CAMILO ALDAO,60
2025-08-04,CÓRDOBA,JESUS MARIA,321
2025-08-04,ENTRE RÍOS,DIAMANTE,300
2025-08-04,LA PAMPA,GENERAL PICO,1006
2025-08-04,SANTA FE,LAS PAREJAS,19
2025-08-04,SANTA FE,SANCTI SPIRITU,263
2025-08-04,SANTA FE,VENADO TUERTO,400
2025-08-05,BUENOS AIRES,AMERICA,535
2025-08-05,CÓRDOBA,CANALS,500
2025-08-05,CÓRDOBA,CAÑADA DE LUQUE,208
2025-08-05,CÓRDOBA,RIO CUARTO,1500
2025-08-05,ENTRE RÍOS,COSTA GRANDE,101
2025-08-05,ENTRE RÍOS,DIAMANTE,106
2025-08-05,ENTRE RÍOS,PASO DE LAS PIEDRAS,150
2025-08-05,ENTRE RÍOS,VICTORIA,412
2025-08-05,SANTA FE,CARLOS PELLEGRINI,324
2025-08-05,SANTA FE,CHAPUY,405
2025-08-05,SANTA FE,HUGHES,1210
2025-08-05,SANTA FE,ROSARIO,5000
2025-08-06,BUENOS AIRES,PERGAMINO,34
2025-08-06,CÓRDOBA,CUATRO VIENTOS,600
2025-08-06,ENTRE RÍOS,PASO DE LA LAGUNA,4000
2025-08-06,ENTRE RÍOS,VICTORIA,90
2025-08-06,ENTRE RÍOS,VILLAGUAY,1081
2025-08-06,SANTA FE,AMENABAR,45
2025-08-06,SANTA FE,CAÑADA DE GOMEZ,30
2025-08-07,BUENOS AIRES,PERGAMINO,2000
2025-08-07,BUENOS AIRES,VEDIA,60
2025-08-07,CÓRDOBA,JESUS MARIA,1388
2025-08-07,CÓRDOBA,NOETINGER,1110
2025-08-07,ENTRE RÍOS,GALARZA,785
2025-08-07,ENTRE RÍOS,RINCON DE NOGOYA,448
2025-08-07,ENTRE RÍOS,VICTORIA,440
2025-08-07,LA PAMPA,WINIFREDA,93
2025-08-07,SANTA FE,CORONEL ARNOLD,365
2025-08-07,SANTA FE,MURPHY,270
2025-08-07,SANTA FE,SAN JERONIMO SUD,79
2025-08-07,SANTA FE,ZENON PEREYRA,500
2025-08-07,SANTIAGO DEL ESTERO,BANDERA,840
2025-08-07,SANTIAGO DEL ESTERO,RAPELLI,67
2025-08-08,BUENOS AIRES,ARRIBEÑOS,665
2025-08-08,BUENOS AIRES,COLON,90
2025-08-08,BUENOS AIRES,GENERAL VILLEGAS,3000
2025-08-08,BUENOS AIRES,LINCOLN,1000
2025-08-08,BUENOS AIRES,ROJAS,66
2025-08-08,CÓRDOBA,CORRAL DE BUSTOS,89
2025-08-08,CÓRDOBA,HERNANDO,1000
2025-08-08,CÓRDOBA,MARCOS JUAREZ,240
2025-08-08,ENTRE RÍOS,ARANGUREN,906
2025-08-08,ENTRE RÍOS,EL PINGO,315
2025-08-08,ENTRE RÍOS,GOBERNADOR SOLA,633
2025-08-08,ENTRE RÍOS,GUALEGUAY,180
2025-08-08,ENTRE RÍOS,LARROQUE,586
2025-08-08,ENTRE RÍOS,VICTORIA,1912
2025-08-08,ENTRE RÍOS,VILLA MANTERO,150
2025-08-08,ENTRE RÍOS,VILLAGUAY,347
2025-08-08,SALTA,ROSARIO DE LA FRONTE,200
2025-08-08,SANTA FE,ARMSTRONG,30
2025-08-08,SANTA FE,LA MOROCHA,150
2025-08-08,SANTA FE,LAS ROSAS,131
2025-08-08,SANTA FE,MURPHY,60
2025-08-08,SANTA FE,SAN MARCOS DE VENADO,2000
2025-08-08,SANTIAGO DEL ESTERO,BANDERA,247
2025-08-09,ENTRE RÍOS,VILLAGUAY,98
2025-08-11,BUENOS AIRES,LINCOLN,400
2025-08-11,CÓRDOBA,JESUS MARIA,15
2025-08-11,CÓRDOBA,LEONES,197
2025-08-11,CÓRDOBA,LUQUE,89
2025-08-11,CÓRDOBA,MARCOS JUAREZ,544
2025-08-11,CÓRDOBA,WENCESLAO ESCALANTE,6000
2025-08-11,ENTRE RÍOS,LA PAZ,2000
2025-08-11,ENTRE RÍOS,PARANA,600
2025-08-11,ENTRE RÍOS,URDINARRAIN,1337
2025-08-11,ENTRE RÍOS,VALLE MARIA,203
2025-08-11,ENTRE RÍOS,VILLAGUAY,112
2025-08-11,SALTA,LAS LAJITAS,1261
2025-08-11,SAN LUIS,JUSTO DARACT,26574
2025-08-11,SANTA FE,SAN JERONIMO NORTE,100
2025-08-12,BUENOS AIRES,ARRIBEÑOS,97
2025-08-12,BUENOS AIRES,COLON,120
2025-08-12,BUENOS AIRES,GENERAL VILLEGAS,1089
2025-08-12,CÓRDOBA,LOS SURGENTES,21
2025-08-12,CÓRDOBA,MODESTINO PIZARRO,150
2025-08-12,CÓRDOBA,NICOLAS BRUZONE,2500
2025-08-12,CÓRDOBA,RIO CUARTO,500
2025-08-12,ENTRE RÍOS,LA PAZ,380
2025-08-12,ENTRE RÍOS,LAS TUNAS,67
2025-08-12,ENTRE RÍOS,URDINARRAIN,918
2025-08-12,ENTRE RÍOS,VICTORIA,220
2025-08-12,LA PAMPA,WINIFREDA,60
2025-08-12,SANTA FE,CHAPUY,395
2025-08-12,SANTA FE,RUFINO,1000
2025-08-12,SANTA FE,TEODELINA,356
2025-08-13,BUENOS AIRES,COLON,90
2025-08-13,BUENOS AIRES,PERGAMINO,84
2025-08-13,CÓRDOBA,CRUZ ALTA,1000
2025-08-13,CÓRDOBA,DEL CAMPILLO,400
2025-08-13,CÓRDOBA,HUINCA RENANCO,341
2025-08-13,CÓRDOBA,LEONES,113
2025-08-13,CÓRDOBA,MARCOS JUAREZ,1397
2025-08-13,ENTRE RÍOS,MARIA GRANDE,59
2025-08-13,ENTRE RÍOS,PASO DE LA ARENA,279
2025-08-13,ENTRE RÍOS,PASO DE LA LAGUNA,4000
2025-08-13,ENTRE RÍOS,RAICES,3000
2025-08-13,ENTRE RÍOS,URDINARRAIN,495
2025-08-13,ENTRE RÍOS,VILLAGUAY,498
2025-08-13,SANTA FE,AMENABAR,3081
2025-08-13,SANTA FE,ARMSTRONG,726
2025-08-13,SANTA FE,BUSTINZA,353
2025-08-13,SANTA FE,CAFFERATA,200
2025-08-13,SANTA FE,CAÑADA DE GOMEZ,90
2025-08-13,SANTA FE,CHABAS,397
2025-08-13,SANTA FE,LAS ROSAS,6000
2025-08-13,SANTA FE,ROSARIO,3000
2025-08-13,SANTA FE,SAN CARLOS CENTRO,1100
2025-08-13,SANTA FE,SAN GREGORIO,2176
2025-08-14,BUENOS AIRES,CHACABUCO,255
2025-08-14,BUENOS AIRES,COLON,111
2025-08-14,BUENOS AIRES,SARASA,1000
2025-08-14,CÓRDOBA,CORRAL DE BUSTOS,500
2025-08-14,CÓRDOBA,GUATIMOZIN,500
2025-08-14,CÓRDOBA,JESUS MARIA,1625
2025-08-14,CÓRDOBA,MONTE BUEY,1200
2025-08-14,CÓRDOBA,MONTE MAIZ,10000
2025-08-14,ENTRE RÍOS,VILLAGUAY,42
2025-08-14,LA PAMPA,CATRILO,2000
2025-08-14,LA PAMPA,GENERAL PICO,405
2025-08-14,SANTA FE,ALCORTA DTO CONSTITU,77
2025-08-14,SANTA FE,AMENABAR,1718
2025-08-14,SANTA FE,CARCARAÑA,187
2025-08-14,SANTA FE,CHAÑAR LADEADO,35
2025-08-14,SANTA FE,LAS ROSAS,24000
2025-08-14,SANTA FE,MURPHY,60
2025-08-14,SANTA FE,ROSARIO,3000
2025-08-14,SANTA FE,SAN JUSTO,720
2025-08-14,SANTIAGO DEL ESTERO,BANDERA,14
2025-08-14,SANTIAGO DEL ESTERO,QUIMILI,180
2025-08-15,BUENOS AIRES,VEDIA,5
2025-08-15,ENTRE RÍOS,MARIA GRANDE,73
2025-08-15,ENTRE RÍOS,SAN SALVADOR,58
2025-08-15,ENTRE RÍOS,VILLAGUAY,25
2025-08-15,SANTA FE,SARGENTO CABRAL,1000
2025-08-18,BUENOS AIRES,ARRECIFES,250
2025-08-18,BUENOS AIRES,BALCARCE,110
2025-08-18,BUENOS AIRES,CONDARCO,250
2025-08-18,BUENOS AIRES,GENERAL VILLEGAS,1951
2025-08-18,BUENOS AIRES,LINCOLN,2000
2025-08-18,BUENOS AIRES,PEHUAJO,160
2025-08-18,BUENOS AIRES,TRENQUE LAUQUEN,7620
2025-08-18,CÓRDOBA,ALEJO LEDESMA,634
2025-08-18,CÓRDOBA,ALMAFUERTE,3458
2025-08-18,CÓRDOBA,CANALS,880
2025-08-18,CÓRDOBA,HUINCA RENANCO,1681
2025-08-18,CÓRDOBA,MONTE RALO,500
2025-08-18,CÓRDOBA,PILAR,300
2025-08-18,CÓRDOBA,RIO PRIMERO,5239
2025-08-18,CÓRDOBA,VILLA HUIDOBRO,900
2025-08-18,ENTRE RÍOS,ALDEA VALLE MARIA,142
2025-08-18,ENTRE RÍOS,MOLINO DOLL,134
2025-08-18,ENTRE RÍOS,NOGOYA,165
2025-08-18,ENTRE RÍOS,VICTORIA,228
2025-08-18,ENTRE RÍOS,VILLAGUAY,32
2025-08-18,LA PAMPA,GENERAL PICO,430
2025-08-18,SANTA FE,ARTEAGA,177
2025-08-18,SANTA FE,CORONEL ARNOLD,1000
2025-08-18,SANTA FE,EL TREBOL,188
2025-08-18,SANTA FE,LAS ROSAS,10160
2025-08-18,SANTA FE,MARIA SUSANA,613
2025-08-18,SANTA FE,ROSARIO,7000
2025-08-18,SANTA FE,RUFINO,760
2025-08-18,SANTA FE,VENADO TUERTO,300
2025-08-18,SANTIAGO DEL ESTERO,BANDERA,840
2025-08-19,BUENOS AIRES,PEHUAJO,300
2025-08-19,BUENOS AIRES,PERGAMINO,400
2025-08-19,BUENOS AIRES,ROQUE PEREZ,600
2025-08-19,BUENOS AIRES,VEDIA,104
2025-08-19,CÓRDOBA,ALEJANDRO ROCA,1070
2025-08-19,CÓRDOBA,BELL VILLE,378
2025-08-19,CÓRDOBA,LOS SURGENTES,21
2025-08-19,CÓRDOBA,VILLA DEL ROSARIO,200
2025-08-19,ENTRE RÍOS,GUALEGUAYCHU,1505
2025-08-19,ENTRE RÍOS,SAN SALVADOR,370
2025-08-19,ENTRE RÍOS,VALLE MARIA,166
2025-08-19,SANTA FE,ARTEAGA,123
2025-08-19,SANTA FE,EL TREBOL,257
2025-08-19,SANTA FE,MONJE,600
2025-08-19,SANTA FE,ROSARIO,6000
2025-08-19,SANTA FE,SAN JUSTO,1000
2025-08-19,SANTA FE,SAN MARCOS DE VENADO,300
2025-08-20,BUENOS AIRES,CAÑADA SECA,300
2025-08-20,BUENOS AIRES,CHACABUCO,343
2025-08-20,BUENOS AIRES,VEDIA,3
2025-08-20,CHACO,GENERAL PINEDO,59
2025-08-20,CHACO,HERMOSO CAMPO,43
2025-08-20,CÓRDOBA,BELL VILLE,441
2025-08-20,CÓRDOBA,CORRAL DE BUSTOS,877
2025-08-20,CÓRDOBA,EL VENCE,337
2025-08-20,CÓRDOBA,ISLA VERDE (DPTO. MA,300
2025-08-20,CÓRDOBA,LA CARLOTA,2000
2025-08-20,ENTRE RÍOS,GUALEGUAYCHU,115
2025-08-20,LA PAMPA,CATRILO,350
2025-08-20,LA PAMPA,GENERAL PICO,77
2025-08-20,SAN LUIS,JUSTO DARACT,250
2025-08-20,SANTA FE,CHAPUY,500
2025-08-20,SANTA FE,CORONEL ARNOLD,370
2025-08-20,SANTA FE,LAS ROSAS,480
2025-08-20,SANTA FE,MARGARITA,270
2025-08-20,SANTA FE,ROSARIO,3000
2025-08-20,SANTA FE,SAN MARCOS DE VENADO,400
2025-08-21,BUENOS AIRES,COLON,300
2025-08-21,BUENOS AIRES,GENERAL VILLEGAS,400
2025-08-21,BUENOS AIRES,JUNIN,210
2025-08-21,BUENOS AIRES,PEHUAJO,310
2025-08-21,BUENOS AIRES,PERGAMINO,240
2025-08-21,BUENOS AIRES,SALTO,620
2025-08-21,BUENOS AIRES,TRENQUE LAUQUEN,1500
2025-08-21,BUENOS AIRES,VEDIA,77
2025-08-21,CÓRDOBA,ALEJANDRO ROCA,1000
2025-08-21,CÓRDOBA,GENERAL LEVALLE,800
2025-08-21,CÓRDOBA,JOVITA,1060
2025-08-21,CÓRDOBA,LA CARLOTA,4090
2025-08-21,CÓRDOBA,MARCOS JUAREZ,689
2025-08-21,CÓRDOBA,MONTE MAIZ,300
2025-08-21,CÓRDOBA,RIO CUARTO,1080
2025-08-21,ENTRE RÍOS,BASAVILBASO,300
2025-08-21,ENTRE RÍOS,PAJONAL,5109
2025-08-21,LA PAMPA,GENERAL PICO,500
2025-08-21,SAN LUIS,JUSTO DARACT,100
2025-08-21,SANTA FE,BUSTINZA,138
2025-08-21,SANTA FE,COLONIA JOSEFINA,300
2025-08-21,SANTA FE,GALVEZ,60
2025-08-21,SANTA FE,MAGGIOLO,60
2025-08-21,SANTA FE,ROSARIO,4000
2025-08-21,SANTA FE,RUFINO,1885
2025-08-21,SANTA FE,SAN JUSTO,2001
2025-08-21,SANTA FE,SAN LORENZO,1000
2025-08-21,SANTA FE,VENADO TUERTO,400
2025-08-22,BUENOS AIRES,CHACABUCO,172
2025-08-22,BUENOS AIRES,ROJAS,57
2025-08-22,BUENOS AIRES,VEDIA,437
2025-08-22,CÓRDOBA,HUINCA RENANCO,1500
2025-08-22,CÓRDOBA,LEONES,189
2025-08-22,CÓRDOBA,SACANTA,40
2025-08-22,CÓRDOBA,SANTA ROSA DE RIO PR,150
2025-08-22,CÓRDOBA,TRANSITO,35
2025-08-22,CÓRDOBA,WENCESLAO ESCALANTE,1752
2025-08-22,ENTRE RÍOS,ALDEA PROTESTANTE,24
2025-08-22,ENTRE RÍOS,ALDEA SALTO,211
2025-08-22,ENTRE RÍOS,GUALEGUAYCHU,500
2025-08-22,ENTRE RÍOS,VICTORIA,1202
2025-08-22,ENTRE RÍOS,VILLAGUAY,754
2025-08-22,LA PAMPA,INTENDENTE ALVEAR,500
2025-08-22,SANTA FE,MONTES DE OCA,10
2025-08-22,SANTA FE,MURPHY,90
2025-08-22,SANTA FE,RAFAELA,2959
2025-08-22,SANTA FE,ROSARIO,1416
2025-08-22,SANTA FE,RUFINO,700
2025-08-22,SANTA FE,SAN LORENZO,1000
2025-08-22,SANTA FE,VENADO TUERTO,150
2025-08-22,TUCUMÁN,GOBERNADOR GARMENDIA,2250
2025-08-22,TUCUMÁN,LEALES,144
2025-08-25,BUENOS AIRES,COLON,150
2025-08-25,BUENOS AIRES,PALEMON HUERGO,792
2025-08-25,BUENOS AIRES,PERGAMINO,420
2025-08-25,BUENOS AIRES,SARASA,1000
2025-08-25,CÓRDOBA,BELL VILLE,628
2025-08-25,CÓRDOBA,BERROTARAN,1158
2025-08-25,CÓRDOBA,CAMILO ALDAO,150
2025-08-25,CÓRDOBA,HUINCA RENANCO,3211
2025-08-25,CÓRDOBA,LA CARLOTA,3000
2025-08-25,CÓRDOBA,MONTE MAIZ,986
2025-08-25,CÓRDOBA,WENCESLAO ESCALANTE,3528
2025-08-25,ENTRE RÍOS,ALDEA PROTESTANTE,92
2025-08-25,ENTRE RÍOS,ARANGUREN,1831
2025-08-25,ENTRE RÍOS,DIAMANTE,1000
2025-08-25,ENTRE RÍOS,PARANA,69
2025-08-25,ENTRE RÍOS,VILLAGUAY,41
2025-08-25,SANTA FE,BOUQUET,60
2025-08-25,SANTA FE,BUSTINZA,601
2025-08-25,SANTA FE,CAMPO VALDEZ,360
2025-08-25,SANTA FE,GALVEZ,90
2025-08-25,SANTA FE,LOS CARDOS,135
2025-08-25,SANTA FE,MARIA SUSANA,1725
2025-08-25,SANTA FE,ROSARIO,2000
2025-08-25,SANTA FE,SAN LORENZO,4270
2025-08-25,SANTA FE,VENADO TUERTO,420
2025-08-26,BUENOS AIRES,ARRIBEÑOS,1783
2025-08-26,BUENOS AIRES,CLAUDIO C. MOLINA,350
2025-08-26,BUENOS AIRES,MARIANO H. ALFONZO,5000
2025-08-26,BUENOS AIRES,PEHUAJO,200
2025-08-26,BUENOS AIRES,SARASA,1000
2025-08-26,BUENOS AIRES,TRENQUE LAUQUEN,1000
2025-08-26,BUENOS AIRES,VEDIA,97
2025-08-26,CHACO,AVIA TERAI,2003
2025-08-26,CÓRDOBA,ALEJO LEDESMA,270
2025-08-26,CÓRDOBA,BELL VILLE,21
2025-08-26,CÓRDOBA,CANALS,150
2025-08-26,CÓRDOBA,JESUS MARIA,1577
2025-08-26,CÓRDOBA,LEONES,182
2025-08-26,CÓRDOBA,LOS CISNES,55
2025-08-26,CÓRDOBA,MONTE BUEY,70
2025-08-26,CÓRDOBA,MONTE MAIZ,884
2025-08-26,CÓRDOBA,RIO PRIMERO,44
2025-08-26,CÓRDOBA,SANTA ROSA DE RIO PR,90
2025-08-26,CÓRDOBA,VICUÑA MACKENNA,2000
2025-08-26,ENTRE RÍOS,MARIA GRANDE,75
2025-08-26,ENTRE RÍOS,VILLAGUAY,274
2025-08-26,LA PAMPA,GENERAL PICO,1000
2025-08-26,SANTA FE,ALCORTA DTO CONSTITU,82
2025-08-26,SANTA FE,CARLOS PELLEGRINI,1000
2025-08-26,SANTA FE,WHEELWRIGHT,165
2025-08-26,SANTIAGO DEL ESTERO,SANTIAGO DEL ESTERO,350
2025-08-27,BUENOS AIRES,9 DE JULIO,120
2025-08-27,BUENOS AIRES,ARRIBEÑOS,101
2025-08-27,BUENOS AIRES,QUEQUEN,3000
2025-08-27,BUENOS AIRES,TRENQUE LAUQUEN,1000
2025-08-27,CÓRDOBA,COLONIA BREMEN,91
2025-08-27,CÓRDOBA,MONTE BUEY,40
2025-08-27,CÓRDOBA,MONTE LEÑA,85
2025-08-27,ENTRE RÍOS,LUCAS GONZALEZ,45
2025-08-27,ENTRE RÍOS,VILLAGUAY,60
2025-08-27,SALTA,LAS LAJITAS,130
2025-08-27,SAN LUIS,VILLA MERCEDES,42
2025-08-27,SANTA FE,BOUQUET,300
2025-08-27,SANTA FE,RICARDONE,309
2025-08-27,SANTA FE,RUFINO,200
2025-08-27,SANTA FE,SAN JERONIMO SUD,270
2025-08-27,SANTA FE,VENADO TUERTO,500
2025-08-27,SANTIAGO DEL ESTERO,PAMPA DE LOS GUANACO,1350
2025-08-28,BUENOS AIRES,CAÑADA SECA,700
2025-08-28,BUENOS AIRES,GENERAL VILLEGAS,270
2025-08-28,CÓRDOBA,GENERAL BALDISSERA,60
2025-08-28,CÓRDOBA,HUINCA RENANCO,150
2025-08-28,CÓRDOBA,LEONES,59
2025-08-28,CÓRDOBA,RIO PRIMERO,488
2025-08-28,ENTRE RÍOS,DIAMANTE,179
2025-08-28,ENTRE RÍOS,GOBERNADOR SOLA,730
2025-08-28,ENTRE RÍOS,VICTORIA,520
2025-08-28,ENTRE RÍOS,VILLAGUAY,3
2025-08-28,SANTA FE,CARRIZALES,131
2025-08-28,SANTA FE,GODEKEN,200
2025-08-28,SANTA FE,LAS PAREJAS,65
2025-08-28,SANTA FE,MURPHY,122
2025-08-28,SANTA FE,ROSARIO,306
2025-08-28,SANTA FE,SAN JUSTO,1000
2025-08-28,SANTA FE,SAN LORENZO,180
2025-08-28,SANTIAGO DEL ESTERO,BANDERA,425
2025-08-29,BUENOS AIRES,AMERICA,700
2025-08-29,BUENOS AIRES,COLON,90
2025-08-29,BUENOS AIRES,PERGAMINO,120
2025-08-29,CÓRDOBA,EL FORTIN,904
2025-08-29,CÓRDOBA,INRIVILLE,163
2025-08-29,CÓRDOBA,MONTE CRISTO,142
2025-08-29,CÓRDOBA,RIO PRIMERO,369
2025-08-29,ENTRE RÍOS,MARIA GRANDE,10
2025-08-29,ENTRE RÍOS,VICTORIA,192
2025-08-29,ENTRE RÍOS,VILLAGUAY,262
2025-08-29,LA PAMPA,CATRILO,801
2025-08-29,SAN LUIS,NASCHEL,180
2025-08-29,SANTA FE,ALCORTA DTO CONSTITU,90
2025-08-29,SANTA FE,CORONEL ARNOLD,1000
2025-08-29,SANTA FE,PAZ,200
2025-08-29,SANTA FE,SAN JUSTO,1700
2025-08-29,SANTA FE,SAN LORENZO,1300
2025-08-29,SANTA FE,SAN MARCOS DE VENADO,450
2025-08-30,BUENOS AIRES,VEDIA,97
2025-08-30,CÓRDOBA,RIO PRIMERO,50
2025-08-30,ENTRE RÍOS,MARIA GRANDE,7
2025-09-01,CÓRDOBA,LOS CISNES,28
2025-09-01,CÓRDOBA,MONTE BUEY,180
2025-09-01,CÓRDOBA,RIO CUARTO,122
2025-09-01,CÓRDOBA,VILLA MARIA (DPTO. G,600
2025-09-01,ENTRE RÍOS,BASAVILBASO,600
2025-09-01,ENTRE RÍOS,VILLAGUAY,73
2025-09-01,SANTA FE,ALCORTA DTO CONSTITU,90
2025-09-01,SANTA FE,LAS ROSAS,1300
2025-09-01,SANTA FE,MONTES DE OCA,955
2025-09-01,SANTA FE,RAFAELA,6000
2025-09-01,SANTA FE,SAN MARCOS DE VENADO,700
2025-09-01,SANTA FE,SANTO DOMINGO,740
2025-09-02,BUENOS AIRES,AMERICA,1210
2025-09-02,BUENOS AIRES,BOLIVAR,668
2025-09-02,BUENOS AIRES,CAÑADA SECA,500
2025-09-02,BUENOS AIRES,PEHUAJO,6500
2025-09-02,BUENOS AIRES,TRENQUE LAUQUEN,125
2025-09-02,BUENOS AIRES,VEDIA,22
2025-09-02,CHACO,CHARATA,485
2025-09-02,CÓRDOBA,CAMILO ALDAO,150
2025-09-02,CÓRDOBA,CAVANAGH,294
2025-09-02,CÓRDOBA,HUANCHILLA,82
2025-09-02,CÓRDOBA,HUINCA RENANCO,3009
2025-09-02,CÓRDOBA,INRIVILLE,12
2025-09-02,CÓRDOBA,LA CARLOTA,750
2025-09-02,CÓRDOBA,MARCOS JUAREZ,220
2025-09-02,CÓRDOBA,PASCANAS,210
2025-09-02,CÓRDOBA,RIO PRIMERO,88
2025-09-02,CÓRDOBA,SAN FRANCISCO (DPTO.,95
2025-09-02,ENTRE RÍOS,AVENIDA EJERCITO PAR,504
2025-09-02,ENTRE RÍOS,CONCEPCION DEL URUGU,100
2025-09-02,ENTRE RÍOS,GUALEGUAYCHU,29
2025-09-02,ENTRE RÍOS,LA PAZ,977
2025-09-02,ENTRE RÍOS,PAJONAL,2002
2025-09-02,ENTRE RÍOS,URDINARRAIN,960
2025-09-02,SANTA FE,EL ARAZA,19
2025-09-02,SANTA FE,ROLDAN,134
2025-09-02,SANTA FE,SAN JUSTO,1765
2025-09-02,SANTA FE,TOSTADO,6
2025-09-03,BUENOS AIRES,ROJAS,120
2025-09-03,CHACO,NAPENAY,46
2025-09-03,CHACO,PAMPA DEL INFIERNO,7
2025-09-03,CÓRDOBA,COLONIA SAN BARTOLOM,30
2025-09-03,CÓRDOBA,HUINCA RENANCO,2521
2025-09-03,CÓRDOBA,ISLA VERDE (DPTO. MA,90
2025-09-03,CÓRDOBA,LABOULAYE,90
2025-09-03,CÓRDOBA,WENCESLAO ESCALANTE,260
2025-09-03,ENTRE RÍOS,SOLA,150
2025-09-03,ENTRE RÍOS,URDINARRAIN,1000
2025-09-03,ENTRE RÍOS,VILLAGUAY,826
2025-09-03,LA PAMPA,CATRILO,350
2025-09-03,SAN LUIS,JUSTO DARACT,5324
2025-09-03,SANTA FE,ARMSTRONG,120
2025-09-03,SANTA FE,CAÑADA ROSQUIN,1000
2025-09-03,SANTA FE,LUIS PALACIOS,1000
2025-09-03,SANTA FE,SAN JUSTO,300
2025-09-03,SANTA FE,SANCTI SPIRITU,100
2025-09-03,SANTA FE,SARGENTO CABRAL,2000
2025-09-03,SANTA FE,VENADO TUERTO,1130
2025-09-03,SANTIAGO DEL ESTERO,BANDERA,1000
2025-09-03,TUCUMÁN,POZO LARGO,500
2025-09-04,BUENOS AIRES,AMERICA,500
2025-09-04,BUENOS AIRES,SARASA,500
2025-09-04,BUENOS AIRES,VEDIA,3711
2025-09-04,CHACO,COLONIA JUAN JOSE CA,15
2025-09-04,CHACO,TRES ISLETAS,108
2025-09-04,CÓRDOBA,BALLESTEROS,1000
2025-09-04,CÓRDOBA,JUSTINIANO POSSE,4000
2025-09-04,CÓRDOBA,LA CARLOTA,1000
2025-09-04,CÓRDOBA,RIO CEBALLOS,500
2025-09-04,CÓRDOBA,SINSACATE,154
2025-09-04,CÓRDOBA,TRANSITO,956
2025-09-04,CÓRDOBA,WENCESLAO ESCALANTE,1200
2025-09-04,ENTRE RÍOS,ALGARROBITOS 1RO,42
2025-09-04,ENTRE RÍOS,VICTORIA,81
2025-09-04,LA PAMPA,GENERAL PICO,500
2025-09-04,LA PAMPA,LONQUIMAY,350
2025-09-04,SANTA FE,ARMSTRONG,1050
2025-09-04,SANTA FE,GALVEZ,390
2025-09-04,SANTA FE,MARIA SUSANA,700
2025-09-04,SANTA FE,MURPHY,870
2025-09-04,SANTA FE,POZO BORRADO,6
2025-09-04,SANTA FE,SAN GENARO,34
2025-09-04,SANTA FE,SAN JERONIMO SUD,75
2025-09-04,SANTA FE,SAN JUSTO,3006
2025-09-04,SANTA FE,SAN LORENZO,3500
2025-09-04,SANTA FE,VENADO TUERTO,90
2025-09-04,SANTA FE,VILLA CAÑAS,130
2025-09-04,SANTIAGO DEL ESTERO,BANDERA,60
2025-09-05,BUENOS AIRES,AMERICA,61
2025-09-05,BUENOS AIRES,ARRIBEÑOS,162
2025-09-05,BUENOS AIRES,DAIREAUX,120
2025-09-05,BUENOS AIRES,ROJAS,835
2025-09-05,BUENOS AIRES,SAN MIGUEL DEL MONTE,110
2025-09-05,BUENOS AIRES,TRENQUE LAUQUEN,500
2025-09-05,BUENOS AIRES,VEDIA,380
2025-09-05,CÓRDOBA,CANALS,3000
2025-09-05,CÓRDOBA,LOZADA,150
2025-09-05,CÓRDOBA,MARCOS JUAREZ,200
2025-09-05,CÓRDOBA,MONTE CRISTO,953
2025-09-05,CÓRDOBA,NOETINGER,2000
2025-09-05,CÓRDOBA,RIO PRIMERO,22
2025-09-05,ENTRE RÍOS,PARANA,750
2025-09-05,ENTRE RÍOS,VILLAGUAY,25
2025-09-05,SANTA FE,CARCARAÑA,420
2025-09-05,SANTA FE,LAS ROSAS,615
2025-09-05,SANTA FE,RICARDONE,1998
2025-09-05,SANTA FE,SAN JUSTO,500
2025-09-05,SANTA FE,SAN MARCOS DE VENADO,3500
2025-09-05,SANTA FE,SANCTI SPIRITU,150
2025-09-05,SANTA FE,SANTA FE,1000
2025-09-05,SANTA FE,VILLA CAÑAS,500
2025-09-05,SANTIAGO DEL ESTERO,BANDERA,67
2025-09-06,CÓRDOBA,HUINCA RENANCO,1464
2025-09-06,SANTA FE,BOUQUET,473
2025-09-06,SANTIAGO DEL ESTERO,BANDERA,8
2025-09-08,BUENOS AIRES,AMERICA,800
2025-09-08,BUENOS AIRES,CHACABUCO,4000
2025-09-08,CÓRDOBA,ARROYO CABRAL,1000
2025-09-08,CÓRDOBA,COLAZO,79
2025-09-08,CÓRDOBA,LAS JUNTURAS,300
2025-09-08,CÓRDOBA,RIO PRIMERO,307
2025-09-08,ENTRE RÍOS,GENERAL GALARZA,6100
2025-09-08,ENTRE RÍOS,GUALEGUAYCHU,947
2025-09-08,ENTRE RÍOS,LA PAZ,320
2025-09-08,LA PAMPA,CORONEL HILARIO LAGO,200
2025-09-08,SANTA FE,ALCORTA DTO CONSTITU,41
2025-09-08,SANTA FE,ESTACION JOSEFINA,97
2025-09-08,SANTA FE,MONTES DE OCA,50
2025-09-08,SANTA FE,RUFINO,81
2025-09-08,SANTA FE,SAN LORENZO,20200
2025-09-09,BUENOS AIRES,9 DE JULIO,2000
2025-09-09,BUENOS AIRES,BRAGADO,7980
2025-09-09,BUENOS AIRES,CHIVILCOY,206
2025-09-09,BUENOS AIRES,COLON,60
2025-09-09,BUENOS AIRES,DEL CARRIL,500
2025-09-09,BUENOS AIRES,HENDERSON,210
2025-09-09,BUENOS AIRES,JUAN JOSE PASO,180
2025-09-09,BUENOS AIRES,MIRAMAR (PDO. GRAL.,300
2025-09-09,BUENOS AIRES,ROJAS,3013
2025-09-09,CÓRDOBA,ALEJANDRO ROCA,1000
2025-09-09,CÓRDOBA,DEVOTO,250
2025-09-09,CÓRDOBA,GUATIMOZIN,479
2025-09-09,CÓRDOBA,HOLMBERG,600
2025-09-09,CÓRDOBA,HUINCA RENANCO,508
2025-09-09,CÓRDOBA,INRIVILLE,600
2025-09-09,CÓRDOBA,JUSTINIANO POSSE,3000
2025-09-09,CÓRDOBA,LA GILDA,750
2025-09-09,CÓRDOBA,MONTE BUEY,900
2025-09-09,CÓRDOBA,RIO CUARTO,3430
2025-09-09,CÓRDOBA,SEBASTIAN ELCANO,500
2025-09-09,CÓRDOBA,VILLA VALERIA,300
2025-09-09,CÓRDOBA,WENCESLAO ESCALANTE,5660
2025-09-09,ENTRE RÍOS,BOVRIL,116
2025-09-09,ENTRE RÍOS,GOBERNADOR SOLA,1580
2025-09-09,ENTRE RÍOS,GUALEGUAY,500
2025-09-09,ENTRE RÍOS,MACIA,69
2025-09-09,ENTRE RÍOS,URDINARRAIN,916
2025-09-09,ENTRE RÍOS,VILLAGUAY,135
2025-09-09,LA PAMPA,GENERAL PICO,77
2025-09-09,SAN LUIS,JUSTO DARACT,60
2025-09-09,SANTA FE,CARCARAÑA,270
2025-09-09,SANTA FE,CHABAS,60
2025-09-09,SANTA FE,DIAZ,2000
2025-09-09,SANTA FE,MONTES DE OCA,30
2025-09-09,SANTA FE,MURPHY,180
2025-09-09,SANTA FE,ROSARIO,3000
2025-09-09,SANTA FE,SAN GREGORIO,240
2025-09-09,SANTA FE,SANCTI SPIRITU,443
2025-09-09,SANTA FE,TOTORAS,300
2025-09-09,SANTA FE,URANGA,200
2025-09-09,SANTA FE,VILLA TRINIDAD,1200
2025-09-09,SANTIAGO DEL ESTERO,TACAÑITAS,2041
2025-09-10,BUENOS AIRES,ARRIBEÑOS,24
2025-09-10,BUENOS AIRES,BALCARCE,200
2025-09-10,BUENOS AIRES,CHIVILCOY,372
2025-09-10,BUENOS AIRES,GENERAL O BRIEN,1500
2025-09-10,BUENOS AIRES,LOBERIA,210
2025-09-10,BUENOS AIRES,PERGAMINO,26
2025-09-10,BUENOS AIRES,TRENQUE LAUQUEN,500
2025-09-10,BUENOS AIRES,VEDIA,184
2025-09-10,CÓRDOBA,ACHIRAS (DPTO. RIO C,1000
2025-09-10,CÓRDOBA,CANALS,275
2025-09-10,CÓRDOBA,HUINCA RENANCO,1200
2025-09-10,CÓRDOBA,INRIVILLE,60
2025-09-10,CÓRDOBA,LA CARLOTA,1000
2025-09-10,CÓRDOBA,LA TORDILLA NORTE,222
2025-09-10,CÓRDOBA,MARCOS JUAREZ,628
2025-09-10,CÓRDOBA,MONTE CRISTO,180
2025-09-10,CÓRDOBA,MONTE MAIZ,300
2025-09-10,CÓRDOBA,RIO CUARTO,7830
2025-09-10,CÓRDOBA,SAMPACHO,250
2025-09-10,ENTRE RÍOS,GUALEGUAY,224
2025-09-10,ENTRE RÍOS,GUALEGUAYCHU,350
2025-09-10,ENTRE RÍOS,LA PICADA,408
2025-09-10,ENTRE RÍOS,VALLE MARIA,222
2025-09-10,ENTRE RÍOS,VILLAGUAY,22
2025-09-10,SANTA FE,ARROYO SECO,500
2025-09-10,SANTA FE,BUSTINZA,130
2025-09-10,SANTA FE,CARCARAÑA,58
2025-09-10,SANTA FE,CAÑADA DE GOMEZ,5000
2025-09-10,SANTA FE,CHAPUY,2000
2025-09-10,SANTA FE,CORONEL ARNOLD,2000
2025-09-10,SANTA FE,MARIA SUSANA,300
2025-09-10,SANTA FE,MARIA TERESA,100
2025-09-10,SANTA FE,MONTES DE OCA,10
2025-09-10,SANTA FE,PUJATO,120
2025-09-10,SANTA FE,RAFAELA,706
2025-09-10,SANTA FE,ROSARIO,1500
2025-09-10,SANTA FE,SAN MARCOS DE VENADO,1700
2025-09-10,SANTA FE,SAN MARTIN DE LAS ES,10000
2025-09-10,SANTA FE,SANTO DOMINGO,201
2025-09-10,SANTA FE,VENADO TUERTO,1400
2025-09-10,SANTIAGO DEL ESTERO,AVERIAS,11
2025-09-11,BUENOS AIRES,ARRIBEÑOS,261
2025-09-11,BUENOS AIRES,BAHIA BLANCA,1000
2025-09-11,BUENOS AIRES,BARRIO VILLA GAUCHO,7000
2025-09-11,BUENOS AIRES,BRAGADO,3000
2025-09-11,BUENOS AIRES,CARLOS CASARES,6000
2025-09-11,BUENOS AIRES,COLON,31
2025-09-11,BUENOS AIRES,CORONEL DORREGO,2000
2025-09-11,BUENOS AIRES,CORONEL PRINGLES,560
2025-09-11,BUENOS AIRES,ROJAS,4200
2025-09-11,BUENOS AIRES,SALDUNGARAY,120
2025-09-11,BUENOS AIRES,SANTA REGINA,301
2025-09-11,BUENOS AIRES,VEDIA,571
2025-09-11,BUENOS AIRES,VILLA SABOYA,8
2025-09-11,CÓRDOBA,BELL VILLE,158
2025-09-11,CÓRDOBA,CANALS,90
2025-09-11,CÓRDOBA,EL TIO,120
2025-09-11,CÓRDOBA,GUATIMOZIN,150
2025-09-11,CÓRDOBA,JESUS MARIA,300
2025-09-11,CÓRDOBA,JOVITA,500
2025-09-11,CÓRDOBA,LA CARLOTA,3000
2025-09-11,CÓRDOBA,LA CESIRA,500
2025-09-11,CÓRDOBA,LOS CISNES,1000
2025-09-11,CÓRDOBA,MARCOS JUAREZ,300
2025-09-11,CÓRDOBA,MONTE BUEY,300
2025-09-11,CÓRDOBA,MONTE CRISTO,80
2025-09-11,CÓRDOBA,RIO CUARTO,400
2025-09-11,CÓRDOBA,SANTA ROSA DE RIO PR,200
2025-09-11,CÓRDOBA,UCACHA,200
2025-09-11,ENTRE RÍOS,LA PAZ,21
2025-09-11,ENTRE RÍOS,PAJONAL,1119
2025-09-11,ENTRE RÍOS,RINCON DE NOGOYA,545
2025-09-11,ENTRE RÍOS,VICTORIA,221
2025-09-11,LA PAMPA,CATRILO,2000
2025-09-11,RÍO NEGRO,LA TEODOLINA,1000
2025-09-11,SALTA,JOAQUIN V. GONZALEZ,1000
2025-09-11,SAN LUIS,JUSTO DARACT,200
2025-09-11,SANTA FE,GALVEZ,500
2025-09-11,SANTA FE,LA SARITA,29
2025-09-11,SANTA FE,LUIS PALACIOS,1000
2025-09-11,SANTA FE,MARIA SUSANA,64
2025-09-11,SANTA FE,PAZ,30
2025-09-11,SANTA FE,ROLDAN,993
2025-09-11,SANTA FE,ROSARIO,1000
2025-09-11,SANTA FE,RUFINO,702
2025-09-11,SANTA FE,SAN EDUARDO,344
2025-09-11,SANTA FE,SAN LORENZO,700
2025-09-11,SANTA FE,SAN MARCOS DE VENADO,450
2025-09-11,SANTA FE,SAN MARTIN DE LAS ES,10000
2025-09-11,SANTIAGO DEL ESTERO,BANDERA,200
2025-09-12,BUENOS AIRES,ARRIBEÑOS,7
2025-09-12,BUENOS AIRES,BALCARCE,2000
2025-09-12,BUENOS AIRES,BRAGADO,1000
2025-09-12,BUENOS AIRES,CARMEN DE ARECO,654
2025-09-12,BUENOS AIRES,CASBAS,2000
2025-09-12,BUENOS AIRES,COLON,69
2025-09-12,BUENOS AIRES,CORONEL PRINGLES,700
2025-09-12,BUENOS AIRES,GENERAL VILLEGAS,744
2025-09-12,BUENOS AIRES,LOBERIA,300
2025-09-12,BUENOS AIRES,MIRAMAR (PDO. GRAL.,300
2025-09-12,BUENOS AIRES,PERGAMINO,51
2025-09-12,BUENOS AIRES,PIEDRITAS,300
2025-09-12,BUENOS AIRES,SARASA,500
2025-09-12,BUENOS AIRES,TRENQUE LAUQUEN,150
2025-09-12,BUENOS AIRES,VEDIA,33
2025-09-12,CÓRDOBA,ARIAS,389
2025-09-12,CÓRDOBA,CRUZ ALTA,104
2025-09-12,CÓRDOBA,JUSTINIANO POSSE,3000
2025-09-12,CÓRDOBA,LA CESIRA,40
2025-09-12,CÓRDOBA,RIO CUARTO,200
2025-09-12,CÓRDOBA,WENCESLAO ESCALANTE,700
2025-09-12,ENTRE RÍOS,ISLETAS,130
2025-09-12,ENTRE RÍOS,SAN SALVADOR,220
2025-09-12,ENTRE RÍOS,SANTA ANITA,10000
2025-09-12,ENTRE RÍOS,VICTORIA,600
2025-09-12,LA PAMPA,LA MARUJA,360
2025-09-12,LA PAMPA,SARAH,500
2025-09-12,SANTA FE,ALVEAR,58
2025-09-12,SANTA FE,BOUQUET,510
2025-09-12,SANTA FE,CHABAS,286
2025-09-12,SANTA FE,CRISPI,300
2025-09-12,SANTA FE,LUIS PALACIOS,1000
2025-09-12,SANTA FE,MARIA JUANA,8000
2025-09-12,SANTA FE,MARIA SUSANA,717
2025-09-12,SANTA FE,MURPHY,8
2025-09-12,SANTA FE,RAFAELA,383
2025-09-12,SANTA FE,ROSARIO,2000
2025-09-12,SANTA FE,RUFINO,20
2025-09-12,SANTA FE,SAN EDUARDO,578
2025-09-12,SANTA FE,SAN JUSTO,731
2025-09-12,SANTA FE,SAN MARCOS DE VENADO,800
2025-09-12,SANTA FE,VENADO TUERTO,60
2025-09-12,SANTA FE,VIDELA,300
2025-09-12,SANTIAGO DEL ESTERO,PAMPA DE LOS GUANACO,250
2025-09-13,BUENOS AIRES,ARRIBEÑOS,48
2025-09-13,BUENOS AIRES,PERGAMINO,16
2025-09-13,BUENOS AIRES,VEDIA,30
2025-09-13,ENTRE RÍOS,DON CRISTOBAL SEGUND,16
2025-09-15,BUENOS AIRES,9 DE JULIO,90
2025-09-15,BUENOS AIRES,AMERICA,101
2025-09-15,BUENOS AIRES,BALCARCE,500
2025-09-15,BUENOS AIRES,VEDIA,14
2025-09-15,CHACO,COLONIA ABATE,3
2025-09-15,CHACO,LOS FRENTONES,91
2025-09-15,CÓRDOBA,LA CARLOTA,3000
2025-09-15,CÓRDOBA,LABOULAYE,90
2025-09-15,CÓRDOBA,ONCATIVO,168
2025-09-15,CÓRDOBA,RIO PRIMERO,359
2025-09-15,ENTRE RÍOS,GENERAL RAMIREZ,210
2025-09-15,ENTRE RÍOS,LA PAZ,3000
2025-09-15,ENTRE RÍOS,MOJONES SUD,16
2025-09-15,ENTRE RÍOS,PARANA,137
2025-09-15,LA PAMPA,GENERAL PICO,90
2025-09-15,SALTA,ROSARIO DE LA FRONTE,300
2025-09-15,SANTA FE,LAS ROSAS,7000
2025-09-15,SANTA FE,PAZ,1200
2025-09-15,SANTA FE,SAN LORENZO,400
2025-09-15,SANTA FE,VENADO TUERTO,30
2025-09-15,SANTIAGO DEL ESTERO,BANDERA,345
2025-09-16,BUENOS AIRES,ABEL,1000
2025-09-16,BUENOS AIRES,AMERICA,3400
2025-09-16,BUENOS AIRES,ARRECIFES,1350
2025-09-16,BUENOS AIRES,ARRIBEÑOS,102
2025-09-16,BUENOS AIRES,BALCARCE,1200
2025-09-16,BUENOS AIRES,BANDERALO,300
2025-09-16,BUENOS AIRES,CARLOS CASARES,15000
2025-09-16,BUENOS AIRES,CORONEL DORREGO,300
2025-09-16,BUENOS AIRES,CORONEL SUAREZ,1060
2025-09-16,BUENOS AIRES,DAIREAUX,120
2025-09-16,BUENOS AIRES,GENERAL VILLEGAS,6264
2025-09-16,BUENOS AIRES,LINCOLN,150
2025-09-16,BUENOS AIRES,LOBERIA,400
2025-09-16,BUENOS AIRES,LOPEZ,540
2025-09-16,BUENOS AIRES,PEHUAJO,2400
2025-09-16,BUENOS AIRES,TRENQUE LAUQUEN,1030
2025-09-16,BUENOS AIRES,TRES ARROYOS,400
2025-09-16,BUENOS AIRES,VEDIA,42
2025-09-16,CHACO,COLONIA ABATE,6
2025-09-16,CHACO,PAMPA DEL INFIERNO,354
2025-09-16,CÓRDOBA,ADELIA MARIA,1000
2025-09-16,CÓRDOBA,ALEJO LEDESMA,68
2025-09-16,CÓRDOBA,HUINCA RENANCO,350
2025-09-16,CÓRDOBA,ISLA VERDE (DPTO. MA,600
2025-09-16,CÓRDOBA,LA CARLOTA,1870
2025-09-16,CÓRDOBA,LOS CISNES,1090
2025-09-16,CÓRDOBA,LOS SURGENTES,88
2025-09-16,CÓRDOBA,MARCOS JUAREZ,1030
2025-09-16,CÓRDOBA,MONTE CRISTO,103
2025-09-16,CÓRDOBA,NOETINGER,700
2025-09-16,CÓRDOBA,PASCANAS,150
2025-09-16,CÓRDOBA,PLAZA SAN FRANCISCO,100
2025-09-16,CÓRDOBA,RIO PRIMERO,127
2025-09-16,CÓRDOBA,SAN BASILIO,211
2025-09-16,CÓRDOBA,VILLA DEL ROSARIO,1400
2025-09-16,CÓRDOBA,WENCESLAO ESCALANTE,3000
2025-09-16,ENTRE RÍOS,GOBERNADOR MANSILLA,74
2025-09-16,ENTRE RÍOS,GUALEGUAYCHU,124
2025-09-16,ENTRE RÍOS,VILLAGUAY,74
2025-09-16,LA PAMPA,ANGUIL,120
2025-09-16,LA PAMPA,BERNARDO LARROUDE,500
2025-09-16,LA PAMPA,CATRILO,3000
2025-09-16,LA PAMPA,QUEMU-QUEMU,527
2025-09-16,SALTA,JOAQUIN V. GONZALEZ,200
2025-09-16,SALTA,LAS LAJITAS,1299
2025-09-16,SANTA FE,ARMSTRONG,235
2025-09-16,SANTA FE,CHAPUY,2000
2025-09-16,SANTA FE,LUIS PALACIOS,1939
2025-09-16,SANTA FE,ROSARIO,2019
2025-09-16,SANTA FE,SAN JORGE,260
2025-09-16,SANTA FE,SAN JUSTO,90
2025-09-16,SANTA FE,SAN LORENZO,30
2025-09-16,SANTA FE,SAN MARCOS DE VENADO,1000
2025-09-16,SANTA FE,SAN MARTIN DE LAS ES,8000
2025-09-16,SANTA FE,VENADO TUERTO,1000
2025-09-17,BUENOS AIRES,9 DE JULIO,15000
2025-09-17,BUENOS AIRES,ALFALAD,1000
2025-09-17,BUENOS AIRES,AMERICA,7000
2025-09-17,BUENOS AIRES,ARRECIFES,120
2025-09-17,BUENOS AIRES,ARRIBEÑOS,41
2025-09-17,BUENOS AIRES,BARRIO BANCO PROVINC,2000
2025-09-17,BUENOS AIRES,BELLOCQ,1000
2025-09-17,BUENOS AIRES,CARLOS CASARES,1000
2025-09-17,BUENOS AIRES,HENDERSON,60
2025-09-17,BUENOS AIRES,JUNIN,5000
2025-09-17,BUENOS AIRES,TRENQUE LAUQUEN,600
2025-09-17,CHACO,PRESIDENCIA ROQUE SAENZ PEÑA,3
2025-09-17,CÓRDOBA,ALTOS DE CHIPION,500
2025-09-17,CÓRDOBA,BELL VILLE,246
2025-09-17,CÓRDOBA,INRIVILLE,645
2025-09-17,CÓRDOBA,LABOULAYE,300
2025-09-17,CÓRDOBA,LEONES,240
2025-09-17,CÓRDOBA,VILLA MARIA (DPTO. G,240
2025-09-17,CÓRDOBA,WENCESLAO ESCALANTE,859
2025-09-17,ENTRE RÍOS,GOBERNADOR SOLA,200
2025-09-17,ENTRE RÍOS,LA PAZ,97
2025-09-17,LA PAMPA,GENERAL PICO,4510
2025-09-17,SANTA FE,BUSTINZA,500
2025-09-17,SANTA FE,LAS ROSAS,120
2025-09-17,SANTA FE,RAFAELA,928
2025-09-17,SANTA FE,ROLDAN,5000
2025-09-17,SANTA FE,ROSARIO,3000
2025-09-17,SANTA FE,SAN MARCOS DE VENADO,1000
2025-09-17,SANTA FE,SANTA ISABEL,2000
2025-09-17,SANTA FE,VENADO TUERTO,10760
2025-09-17,SANTIAGO DEL ESTERO,BANDERA,240
2025-09-17,SANTIAGO DEL ESTERO,PAMPA DE LOS GUANACO,300
2025-09-18,BUENOS AIRES,ARRIBEÑOS,1377
2025-09-18,BUENOS AIRES,CAÑADA SECA,300
2025-09-18,BUENOS AIRES,GENERAL VILLEGAS,1500
2025-09-18,BUENOS AIRES,LOBERIA,300
2025-09-18,BUENOS AIRES,PERGAMINO,420
2025-09-18,BUENOS AIRES,PIEDRITAS,280
2025-09-18,BUENOS AIRES,ROJAS,5408
2025-09-18,BUENOS AIRES,VEDIA,2123
2025-09-18,CÓRDOBA,ALTOS DE CHIPION,1000
2025-09-18,CÓRDOBA,BELL VILLE,960
2025-09-18,CÓRDOBA,GENERAL CABRERA,300
2025-09-18,CÓRDOBA,INRIVILLE,90
2025-09-18,CÓRDOBA,ISLA VERDE (DPTO. MA,500
2025-09-18,CÓRDOBA,LA CESIRA,50
2025-09-18,CÓRDOBA,LEONES,46
2025-09-18,CÓRDOBA,MARCOS JUAREZ,415
2025-09-18,CÓRDOBA,MONTE BUEY,1246
2025-09-18,CÓRDOBA,ORDOÑEZ,200
2025-09-18,CÓRDOBA,TRANSITO,780
2025-09-18,CÓRDOBA,VICUÑA MACKENNA,200
2025-09-18,CÓRDOBA,VILLA MARIA (DPTO. G,3000
2025-09-18,CÓRDOBA,WENCESLAO ESCALANTE,2000
2025-09-18,ENTRE RÍOS,GUALEGUAY,300
2025-09-18,ENTRE RÍOS,VIALE,140
2025-09-18,ENTRE RÍOS,VICTORIA,260
2025-09-18,ENTRE RÍOS,VILLAGUAY,411
2025-09-18,FORMOSA,FORMOSA,141
2025-09-18,LA PAMPA,INTENDENTE ALVEAR,302
2025-09-18,SANTA FE,CARLOS PELLEGRINI,1000
2025-09-18,SANTA FE,EL TREBOL,150
2025-09-18,SANTA FE,GODEKEN,300
2025-09-18,SANTA FE,LAS PAREJAS,500
2025-09-18,SANTA FE,LAS ROSAS,300
2025-09-18,SANTA FE,MARIA SUSANA,900
2025-09-18,SANTA FE,RUFINO,1500
2025-09-18,SANTA FE,SAN JUSTO,150
2025-09-18,SANTA FE,SAN LORENZO,1000
2025-09-18,SANTA FE,VENADO TUERTO,780
2025-09-19,BUENOS AIRES,BRAGADO,5390
2025-09-19,BUENOS AIRES,CHIVILCOY,30
2025-09-19,BUENOS AIRES,COLON,150
2025-09-19,BUENOS AIRES,PEHUAJO,383
2025-09-19,CÓRDOBA,BALLESTEROS,90
2025-09-19,CÓRDOBA,CANALS,250
2025-09-19,CÓRDOBA,DEVOTO,500
2025-09-19,CÓRDOBA,GUATIMOZIN,112
2025-09-19,CÓRDOBA,HIPOLITO BOUCHARD,70
2025-09-19,CÓRDOBA,HUINCA RENANCO,70
2025-09-19,CÓRDOBA,INRIVILLE,89
2025-09-19,CÓRDOBA,ISLA VERDE (DPTO. MA,500
2025-09-19,CÓRDOBA,JESUS MARIA,423
2025-09-19,CÓRDOBA,LABOULAYE,2000
2025-09-19,CÓRDOBA,LOS CISNES,100
2025-09-19,CÓRDOBA,NOETINGER,300
2025-09-19,CÓRDOBA,RIO PRIMERO,120
2025-09-19,CÓRDOBA,VIAMONTE,120
2025-09-19,ENTRE RÍOS,GUALEGUAYCHU,60
2025-09-19,ENTRE RÍOS,NOGOYA,240
2025-09-19,LA PAMPA,LONQUIMAY,365
2025-09-19,SANTA FE,ARMSTRONG,105
2025-09-19,SANTA FE,CAÑADA DE GOMEZ,570
2025-09-19,SANTA FE,LA SARITA,10
2025-09-19,SANTA FE,MARIA SUSANA,262
2025-09-19,SANTA FE,SAN EDUARDO,407
2025-09-19,SANTA FE,SAN LORENZO,1000
2025-09-19,SANTA FE,SAN MARCOS DE VENADO,1800
2025-09-19,SANTA FE,SANTA ANA,5
2025-09-20,CÓRDOBA,INRIVILLE,39
2025-09-22,BUENOS AIRES,ARRIBEÑOS,61
2025-09-22,BUENOS AIRES,BALCARCE,500
2025-09-22,BUENOS AIRES,DEL CARRIL,300
2025-09-22,BUENOS AIRES,ROJAS,239
2025-09-22,BUENOS AIRES,VEDIA,30
2025-09-22,CÓRDOBA,ALEJO LEDESMA,179
2025-09-22,CÓRDOBA,ARIAS,150
2025-09-22,CÓRDOBA,BENGOLEA,35
2025-09-22,CÓRDOBA,CALCHIN,60
2025-09-22,CÓRDOBA,COLONIA CALCHAQUI,30
2025-09-22,CÓRDOBA,ESQUINA DEL ALAMBRE,71
2025-09-22,CÓRDOBA,HUINCA RENANCO,136
2025-09-22,CÓRDOBA,INRIVILLE,135
2025-09-22,CÓRDOBA,LA CARLOTA,420
2025-09-22,CÓRDOBA,MONTE BUEY,500
2025-09-22,CÓRDOBA,RIO CUARTO,420
2025-09-22,CÓRDOBA,SAN FRANCISCO (DPTO.,600
2025-09-22,ENTRE RÍOS,COLONIA SANTA LUISA,28
2025-09-22,ENTRE RÍOS,DIAMANTE,360
2025-09-22,ENTRE RÍOS,GILBERT,176
2025-09-22,ENTRE RÍOS,GUALEGUAYCHU,127
2025-09-22,SAN LUIS,VILLA MERCEDES,1000
2025-09-22,SANTA FE,ALCORTA DTO CONSTITU,81
2025-09-22,SANTA FE,AMENABAR,300
2025-09-22,SANTA FE,ARROYO SECO,2290
2025-09-22,SANTA FE,ROLDAN,3390
2025-09-22,SANTA FE,RUFINO,50
2025-09-22,SANTA FE,SANCTI SPIRITU,100
2025-09-22,SANTA FE,VENADO TUERTO,3200
2025-09-22,SANTA FE,VILLA CAÑAS,126
2025-09-23,BUENOS AIRES,AMERICA,2200
2025-09-23,BUENOS AIRES,ARRIBEÑOS,58
2025-09-23,BUENOS AIRES,BRAGADO,30
2025-09-23,BUENOS AIRES,CHIVILCOY,190
2025-09-23,BUENOS AIRES,DEL CARRIL,300
2025-09-23,BUENOS AIRES,GENERAL VILLEGAS,2300
2025-09-23,BUENOS AIRES,LOS TOLDOS,600
2025-09-23,BUENOS AIRES,ROJAS,300
2025-09-23,BUENOS AIRES,VEDIA,98
2025-09-23,BUENOS AIRES,VILLA SABOYA,103
2025-09-23,CÓRDOBA,ALEJO LEDESMA,150
2025-09-23,CÓRDOBA,ARIAS,347
2025-09-23,CÓRDOBA,BELL VILLE,300
2025-09-23,CÓRDOBA,CANALS,200
2025-09-23,CÓRDOBA,CAÑADA DE LUQUE,280
2025-09-23,CÓRDOBA,COLONIA CALCHAQUI,100
2025-09-23,CÓRDOBA,ELENA,240
2025-09-23,CÓRDOBA,HUINCA RENANCO,23
2025-09-23,CÓRDOBA,INRIVILLE,1000
2025-09-23,CÓRDOBA,LA CARLOTA,90
2025-09-23,CÓRDOBA,LABOULAYE,1000
2025-09-23,CÓRDOBA,MARCOS JUAREZ,60
2025-09-23,CÓRDOBA,MONTE BUEY,653
2025-09-23,CÓRDOBA,PASCANAS,180
2025-09-23,CÓRDOBA,PUEBLO ITALIANO,369
2025-09-23,CÓRDOBA,RIO PRIMERO,180
2025-09-23,CÓRDOBA,SAN BASILIO,150
2025-09-23,CÓRDOBA,SAN FRANCISCO (DPTO.,390
2025-09-23,CÓRDOBA,TRANSITO,600
2025-09-23,CÓRDOBA,VICUÑA MACKENNA,252
2025-09-23,CÓRDOBA,WENCESLAO ESCALANTE,3610
2025-09-23,ENTRE RÍOS,EL PINGO,185
2025-09-23,ENTRE RÍOS,GOBERNADOR MANSILLA,122
2025-09-23,ENTRE RÍOS,GUALEGUAY,200
2025-09-23,ENTRE RÍOS,VILLAGUAY,500
2025-09-23,LA PAMPA,BERNARDO LARROUDE,600
2025-09-23,SAN LUIS,JUSTO DARACT,300
2025-09-23,SANTA FE,BIGAND,900
2025-09-23,SANTA FE,CAFFERATA,300
2025-09-23,SANTA FE,CHABAS,150
2025-09-23,SANTA FE,CHAPUY,200
2025-09-23,SANTA FE,ITURRASPE,400
2025-09-23,SANTA FE,LAS ROSAS,790
2025-09-23,SANTA FE,MARIA SUSANA,515
2025-09-23,SANTA FE,RICARDONE,150
2025-09-23,SANTA FE,RUFINO,120
2025-09-23,SANTA FE,SAN EDUARDO,183
2025-09-23,SANTA FE,SAN JUSTO,300
2025-09-24,BUENOS AIRES,AMERICA,360
2025-09-24,BUENOS AIRES,ARRIBEÑOS,15
2025-09-24,BUENOS AIRES,BONIFACIO,600
2025-09-24,BUENOS AIRES,CHIVILCOY,100
2025-09-24,BUENOS AIRES,LINCOLN,270
2025-09-24,BUENOS AIRES,MARIANO H. ALFONZO,10000
2025-09-24,BUENOS AIRES,PEHUAJO,1000
2025-09-24,BUENOS AIRES,VEDIA,58
2025-09-24,CHACO,HERMOSO CAMPO,110
2025-09-24,CÓRDOBA,ADELIA MARIA,2000
2025-09-24,CÓRDOBA,BELL VILLE,100
2025-09-24,CÓRDOBA,CORONEL BAIGORRIA,150
2025-09-24,CÓRDOBA,HIPOLITO BOUCHARD,70
2025-09-24,CÓRDOBA,LOS CISNES,30
2025-09-24,CÓRDOBA,RIO CUARTO,200
2025-09-24,CÓRDOBA,SANTA ROSA DE RIO PR,1000
2025-09-24,CÓRDOBA,VICUÑA MACKENNA,44
2025-09-24,ENTRE RÍOS,ALDEA BRASILERA,99
2025-09-24,ENTRE RÍOS,RINCON DE NOGOYA,1304
2025-09-24,ENTRE RÍOS,SAN JOSE DE FELICIAN,119
2025-09-24,SAN LUIS,JUSTO DARACT,175
2025-09-24,SANTA FE,RUFINO,752
2025-09-25,BUENOS AIRES,BLAQUIER,45
2025-09-25,BUENOS AIRES,COLON,90
2025-09-25,BUENOS AIRES,VEDIA,49
2025-09-25,BUENOS AIRES,VILLA SABOYA,17
2025-09-25,CÓRDOBA,INRIVILLE,30
2025-09-25,CÓRDOBA,LOS CISNES,30
2025-09-25,CÓRDOBA,MONTE BUEY,80
2025-09-25,CÓRDOBA,RIO PRIMERO,125
2025-09-25,ENTRE RÍOS,HASENKAMP,30
2025-09-25,ENTRE RÍOS,LUCAS GONZALEZ,25
2025-09-25,ENTRE RÍOS,SAN JOSE DE FELICIAN,242
2025-09-25,SALTA,SALTA,2000
2025-09-25,SANTA FE,LA SARITA,60
2025-09-25,SANTA FE,RUFINO,13
2025-09-25,SANTA FE,SAN EDUARDO,594
2025-09-25,SANTA FE,SAN LORENZO,5000
2025-09-25,SANTA FE,VENADO TUERTO,1810
2025-09-25,SANTIAGO DEL ESTERO,BANDERA,1032
2025-09-25,SANTIAGO DEL ESTERO,LOS JURIES,6193
2025-09-26,BUENOS AIRES,ARRIBEÑOS,24
2025-09-26,BUENOS AIRES,PEHUAJO,91
2025-09-26,CHACO,CORZUELA,6
2025-09-26,CHACO,PAMPA DEL INFIERNO,8
2025-09-26,CÓRDOBA,HUINCA RENANCO,420
2025-09-26,CÓRDOBA,JESUS MARIA,473
2025-09-26,CÓRDOBA,MONTE BUEY,80
2025-09-26,CÓRDOBA,UCACHA,321
2025-09-26,ENTRE RÍOS,HASENKAMP,400
2025-09-26,ENTRE RÍOS,HERNANDEZ,15
2025-09-26,ENTRE RÍOS,LA PAZ,350
2025-09-26,ENTRE RÍOS,PASO DE LA LAGUNA,59
2025-09-26,ENTRE RÍOS,VILLAGUAY,419
2025-09-26,SANTA FE,MARIA SUSANA,109
2025-09-26,SANTA FE,SANTA ISABEL,500
2025-09-26,SANTIAGO DEL ESTERO,BANDERA,60
2025-09-26,SANTIAGO DEL ESTERO,PAMPA POZO (RAPELLI-,105
2025-09-29,CÓRDOBA,ARIAS,63
2025-09-29,CÓRDOBA,JESUS MARIA,137
2025-09-29,CÓRDOBA,RIO PRIMERO,300
2025-09-29,CÓRDOBA,SAN JOSE DE LA DORMI,186
2025-09-29,ENTRE RÍOS,COLONIA SANTA LUISA,132
2025-09-29,ENTRE RÍOS,MOJONES SUD,97
2025-09-29,LA PAMPA,CATRILO,150
2025-09-29,SANTA FE,ARMSTRONG,90
2025-09-29,SANTA FE,EL TREBOL,305
2025-09-29,SANTA FE,RECREO,120
2025-09-29,SANTA FE,SAN JORGE,350
2025-09-29,SANTA FE,SAN MARCOS DE VENADO,1000
2025-09-29,SANTIAGO DEL ESTERO,JIMENEZ,200
2025-09-30,BUENOS AIRES,BAHIA BLANCA,300
2025-09-30,BUENOS AIRES,CARLOS CASARES,240
2025-09-30,BUENOS AIRES,COLON,30
2025-09-30,CÓRDOBA,ALCIRA,120
2025-09-30,CÓRDOBA,MARCOS JUAREZ,2592
2025-09-30,CÓRDOBA,PINCEN,4
2025-09-30,CÓRDOBA,TRANSITO,2030
2025-09-30,CÓRDOBA,VILLA HUIDOBRO,1
2025-09-30,ENTRE RÍOS,COLONIA SANTA LUISA,143
2025-09-30,ENTRE RÍOS,PASO DE LA LAGUNA,137
2025-09-30,LA PAMPA,GENERAL PICO,128
2025-09-30,SALTA,JOAQUIN V. GONZALEZ,300
2025-09-30,SANTA FE,BOUQUET,129
2025-09-30,SANTA FE,LA SARITA,3
2025-09-30,SANTA FE,PAZ,120
2025-09-30,SANTA FE,ROSARIO,700
2025-09-30,SANTA FE,RUFINO,214
2025-09-30,SANTA FE,SAN LORENZO,500
2025-09-30,SANTA FE,SAN MARCOS DE VENADO,800
2025-09-30,SANTIAGO DEL ESTERO,LOS PIRPINTOS,600
2025-10-01,BUENOS AIRES,SARASA,500
2025-10-01,BUENOS AIRES,TRENQUE LAUQUEN,600
2025-10-01,CÓRDOBA,CORONEL BAIGORRIA,350
2025-10-01,CÓRDOBA,LOZADA,150
2025-10-01,ENTRE RÍOS,LARROQUE,513
2025-10-01,ENTRE RÍOS,OMBU,118
2025-10-01,ENTRE RÍOS,PASO DE LA LAGUNA,90
2025-10-01,ENTRE RÍOS,URDINARRAIN,156
2025-10-01,ENTRE RÍOS,VILLAGUAY,83
2025-10-01,SANTA FE,CORONEL ARNOLD,273
2025-10-01,SANTA FE,ROSARIO,3000
2025-10-01,SANTA FE,SAN MARCOS DE VENADO,1000
2025-10-01,SANTA FE,SAN VICENTE (VILLA O,210
2025-10-01,SANTA FE,VILLA CAÑAS,310
2025-10-02,BUENOS AIRES,BRAGADO,3200
2025-10-02,BUENOS AIRES,CARLOS CASARES,360
2025-10-02,BUENOS AIRES,CAÑADA SECA,5000
2025-10-02,BUENOS AIRES,CORONEL PRINGLES,2000
2025-10-02,BUENOS AIRES,DAIREAUX,210
2025-10-02,BUENOS AIRES,JUAN JOSE PASO,120
2025-10-02,BUENOS AIRES,QUEQUEN,30
2025-10-02,BUENOS AIRES,TANDIL,150
2025-10-02,BUENOS AIRES,TRENQUE LAUQUEN,400
2025-10-02,BUENOS AIRES,VEDIA,154
2025-10-02,CÓRDOBA,LAS ACEQUIAS,400
2025-10-02,CÓRDOBA,PUEBLO ITALIANO,93
2025-10-02,CÓRDOBA,VILLA HUIDOBRO,1000
2025-10-02,CÓRDOBA,VILLA MARIA (DPTO. G,2000
2025-10-02,ENTRE RÍOS,LA PAZ,346
2025-10-02,ENTRE RÍOS,LUCAS GONZALEZ,120
2025-10-02,ENTRE RÍOS,PASO DE LA LAGUNA,26
2025-10-02,LA PAMPA,GENERAL PICO,3130
2025-10-02,SALTA,ANTA,1000
2025-10-02,SALTA,LAS LAJITAS,1800
2025-10-02,SANTA FE,ALCORTA DTO CONSTITU,79
2025-10-02,SANTA FE,EL TREBOL,794
2025-10-02,SANTA FE,LOS LAURELES,6
2025-10-02,SANTA FE,MURPHY,60
2025-10-02,SANTA FE,ROSARIO,2250
2025-10-02,SANTA FE,SAN MARCOS DE VENADO,1500
2025-10-03,BUENOS AIRES,ARRIBEÑOS,0
2025-10-03,BUENOS AIRES,BRAGADO,2000
2025-10-03,BUENOS AIRES,HENDERSON,600
2025-10-03,BUENOS AIRES,JOSE A. GUISASOLA,2500
2025-10-03,BUENOS AIRES,MAR DEL PLATA,1000
2025-10-03,BUENOS AIRES,PIGUE,180
2025-10-03,BUENOS AIRES,VEDIA,48
2025-10-03,BUENOS AIRES,VICENTE LOPEZ,400
2025-10-03,CÓRDOBA,ALEJANDRO ROCA,700
2025-10-03,CÓRDOBA,ALEJO LEDESMA,200
2025-10-03,CÓRDOBA,ALTO DE LOS VIDELA,400
2025-10-03,CÓRDOBA,BELL VILLE,150
2025-10-03,CÓRDOBA,GUATIMOZIN,35
2025-10-03,CÓRDOBA,HUINCA RENANCO,1200
2025-10-03,CÓRDOBA,RIO CEBALLOS,1000
2025-10-03,CÓRDOBA,VILLA HUIDOBRO,200
2025-10-03,CÓRDOBA,VILLA MARIA (DPTO. G,2000
2025-10-03,ENTRE RÍOS,COSTA GRANDE,245
2025-10-03,ENTRE RÍOS,EL PALENQUE,280
2025-10-03,ENTRE RÍOS,LA PAZ,71
2025-10-03,ENTRE RÍOS,MOJONES SUD,32
2025-10-03,ENTRE RÍOS,PARANA,152
2025-10-03,ENTRE RÍOS,SAN SALVADOR,524
2025-10-03,ENTRE RÍOS,VILLAGUAY,387
2025-10-03,LA PAMPA,LONQUIMAY,2
2025-10-03,LA PAMPA,VILLA MIRASOL,1118
2025-10-03,SANTA FE,MARIA SUSANA,600
2025-10-03,SANTA FE,PAZ,90
2025-10-03,SANTA FE,RUFINO,300
2025-10-03,SANTA FE,SAN LORENZO,4300
2025-10-03,SANTA FE,SAN MARCOS DE VENADO,1000
2025-10-03,SANTIAGO DEL ESTERO,BANDERA,319
2025-10-04,BUENOS AIRES,VEDIA,6
2025-10-04,ENTRE RÍOS,VILLAGUAY,97
2025-10-06,BUENOS AIRES,AMEGHINO,500
2025-10-06,BUENOS AIRES,QUEQUEN,5000
2025-10-06,BUENOS AIRES,SALTO,272
2025-10-06,BUENOS AIRES,TANDIL,2500
2025-10-06,BUENOS AIRES,TRENQUE LAUQUEN,300
2025-10-06,BUENOS AIRES,TRES ARROYOS,700
2025-10-06,CÓRDOBA,ALEJO LEDESMA,200
2025-10-06,CÓRDOBA,CANALS,200
2025-10-06,CÓRDOBA,CORRAL DE BUSTOS,150
2025-10-06,CÓRDOBA,HUINCA RENANCO,60
2025-10-06,CÓRDOBA,JOVITA,250
2025-10-06,CÓRDOBA,MONTE BUEY,400
2025-10-06,CÓRDOBA,MONTE MAIZ,300
2025-10-06,CÓRDOBA,RIO CUARTO,500
2025-10-06,CÓRDOBA,RIO PRIMERO,1210
2025-10-06,CÓRDOBA,VILLA MARIA (DPTO. G,1000
2025-10-06,ENTRE RÍOS,LA PAZ,97
2025-10-06,ENTRE RÍOS,LUCAS GONZALEZ,70
2025-10-06,ENTRE RÍOS,PARANA,0
2025-10-06,ENTRE RÍOS,VILLAGUAY,129
2025-10-06,LA PAMPA,GENERAL PICO,2000
2025-10-06,LA PAMPA,MACACHIN,300
2025-10-06,LA PAMPA,VILLA MIRASOL,470
2025-10-06,SAN LUIS,FRAGA,240
2025-10-06,SAN LUIS,SAN LUIS,105
2025-10-06,SANTA FE,LA SARITA,80
2025-10-06,SANTA FE,MARIA SUSANA,30
2025-10-06,SANTA FE,ROSARIO,1000
2025-10-06,SANTA FE,RUFINO,315
2025-10-06,SANTA FE,SAN LORENZO,3333
2025-10-06,SANTA FE,VILLA CAÑAS,150
2025-10-06,SANTIAGO DEL ESTERO,SACHAYOJ,6000
2025-10-07,BUENOS AIRES,TRENQUE LAUQUEN,300
2025-10-07,BUENOS AIRES,VEDIA,34
2025-10-07,CÓRDOBA,ALEJO LEDESMA,177
2025-10-07,CÓRDOBA,MONTE MAIZ,1500
2025-10-07,CÓRDOBA,RIO CUARTO,1000
2025-10-07,CÓRDOBA,RIO PRIMERO,290
2025-10-07,CÓRDOBA,VILLA GUTIERREZ,1200
2025-10-07,CÓRDOBA,WENCESLAO ESCALANTE,45
2025-10-07,ENTRE RÍOS,PARANA,598
2025-10-07,ENTRE RÍOS,VIALE,423
2025-10-07,ENTRE RÍOS,VILLAGUAY,2
2025-10-07,LA PAMPA,INGENIERO LUIGGI,76
2025-10-07,SANTA FE,ARMSTRONG,210
2025-10-07,SANTA FE,RAFAELA,3899
2025-10-07,SANTA FE,ROSARIO,2000
2025-10-07,SANTA FE,SAN MARCOS DE VENADO,550
2025-10-07,SANTA FE,VIDELA,92
2025-10-07,TUCUMÁN,SAN MIGUEL DE TUCUMA,459
2025-10-08,BUENOS AIRES,PERGAMINO,1000
2025-10-08,BUENOS AIRES,VEDIA,18
2025-10-08,CÓRDOBA,CARRILOBO,300
2025-10-08,CÓRDOBA,HUINCA RENANCO,47
2025-10-08,CÓRDOBA,MONTE CRISTO,853
2025-10-08,CÓRDOBA,RIO CUARTO,1160
2025-10-08,CÓRDOBA,RIO PRIMERO,1000
2025-10-08,CÓRDOBA,SINSACATE,38
2025-10-08,CÓRDOBA,VICUÑA MACKENNA,1000
2025-10-08,ENTRE RÍOS,DISTRITO ESPINILLO,138
2025-10-08,ENTRE RÍOS,GOBERNADOR MANSILLA,1000
2025-10-08,ENTRE RÍOS,LARROQUE,53
2025-10-08,ENTRE RÍOS,NOGOYA,78
2025-10-08,ENTRE RÍOS,VILLAGUAY,3033
2025-10-08,LA PAMPA,GENERAL PICO,18
2025-10-08,SAN LUIS,JUSTO DARACT,348
2025-10-08,SANTA FE,BOUQUET,300
2025-10-08,SANTA FE,EL TREBOL,575
2025-10-08,SANTA FE,LOS MOLINOS,1000
2025-10-08,SANTA FE,MARIA SUSANA,500
2025-10-08,SANTA FE,POZO BORRADO,11
2025-10-08,SANTA FE,SAN EDUARDO,104
2025-10-08,SANTA FE,SAN MARTIN DE LAS ES,3000
2025-10-08,SANTA FE,VILA,83
2025-10-09,BUENOS AIRES,CARABELAS,400
2025-10-09,BUENOS AIRES,CARHUE,120
2025-10-09,BUENOS AIRES,CARLOS CASARES,5000
2025-10-09,BUENOS AIRES,CORONEL CHARLONE,27
2025-10-09,BUENOS AIRES,SAN ANTONIO DE ARECO,60
2025-10-09,CÓRDOBA,LAS LAGUNITAS,129
2025-10-09,CÓRDOBA,LOS CISNES,1500
2025-10-09,CÓRDOBA,RIO CEBALLOS,1000
2025-10-09,CÓRDOBA,UCACHA,60
2025-10-09,CÓRDOBA,VICUÑA MACKENNA,60
2025-10-09,ENTRE RÍOS,BASAVILBASO,372
2025-10-09,ENTRE RÍOS,GUALEGUAY,3000
2025-10-09,SAN LUIS,JUSTO DARACT,500
2025-10-09,SAN LUIS,VILLA MERCEDES,1100
2025-10-09,SANTA FE,LA SARITA,60
2025-10-09,SANTA FE,LOS MOLINOS,1000
2025-10-09,SANTA FE,ROSARIO,14000
2025-10-09,SANTA FE,SAN EDUARDO,416
2025-10-09,SANTA FE,SAN LORENZO,2800
2025-10-09,SANTA FE,SAN MARCOS DE VENADO,11350
2025-10-09,TUCUMÁN,LAS CEJAS (DPTO. CRU,1000
2025-10-13,BUENOS AIRES,CARMEN DE ARECO,60
2025-10-13,BUENOS AIRES,NECOCHEA,160
2025-10-13,BUENOS AIRES,PEHUAJO,500
2025-10-13,CHACO,PAMPA DEL INFIERNO,50
2025-10-13,CÓRDOBA,INRIVILLE,252
2025-10-13,CÓRDOBA,LA QUINTA (DPTO. RIO,3000
2025-10-13,CÓRDOBA,LA TORDILLA NORTE,1110
2025-10-13,CÓRDOBA,RIO CUARTO,600
2025-10-13,CÓRDOBA,TRANSITO,390
2025-10-13,CÓRDOBA,VIAMONTE,134
2025-10-13,ENTRE RÍOS,BASAVILBASO,1000
2025-10-13,ENTRE RÍOS,VILLAGUAY,36
2025-10-13,LA PAMPA,CATRILO,201
2025-10-13,LA PAMPA,GENERAL PICO,164
2025-10-13,LA PAMPA,QUEMU-QUEMU,2500
2025-10-13,SALTA,JOAQUIN V. GONZALEZ,300
2025-10-13,SALTA,SALTA,120
2025-10-13,SANTA FE,BOMBAL,240
2025-10-13,SANTA FE,COLONIA LA YERBA,90
2025-10-13,SANTA FE,LUIS PALACIOS,1000
2025-10-13,SANTA FE,SAN MARCOS DE VENADO,350
2025-10-14,BUENOS AIRES,BARRIO VILLA GAUCHO,1030
2025-10-14,BUENOS AIRES,JUNIN,280
2025-10-14,BUENOS AIRES,SALTO,325
2025-10-14,BUENOS AIRES,VEDIA,12
2025-10-14,CÓRDOBA,ALEJANDRO ROCA,1299
2025-10-14,CÓRDOBA,HUINCA RENANCO,101
2025-10-14,CÓRDOBA,LAS ALBAHACAS,65
2025-10-14,CÓRDOBA,LOS CISNES,33
2025-10-14,ENTRE RÍOS,HERNANDARIAS,212
2025-10-14,ENTRE RÍOS,LARROQUE,401
2025-10-14,ENTRE RÍOS,SAN BENITO,52
2025-10-14,ENTRE RÍOS,SOLA,315
2025-10-14,ENTRE RÍOS,URDINARRAIN,1468
2025-10-14,ENTRE RÍOS,VILLAGUAY,33
2025-10-14,SAN LUIS,ALTO PELADO,6600
2025-10-14,SAN LUIS,EL MORRO,600
2025-10-14,SAN LUIS,FRAGA,1020
2025-10-14,SAN LUIS,VILLA MERCEDES,11780
2025-10-14,SANTA FE,ARMSTRONG,300
2025-10-14,SANTA FE,CHABAS,380
2025-10-14,SANTA FE,COLONIA SAN FRANCISC,300
2025-10-14,SANTA FE,LAS ROSAS,79
2025-10-14,SANTA FE,MARIA SUSANA,90
2025-10-14,SANTA FE,MONTES DE OCA,930
2025-10-14,SANTA FE,MURPHY,2
2025-10-14,SANTA FE,ROLDAN,207
2025-10-14,SANTA FE,SAN EDUARDO,108
2025-10-14,SANTA FE,SAN JERONIMO SUD,672
2025-10-14,SANTA FE,VILLA CAÑAS,635
2025-10-14,SANTA FE,ZENON PEREYRA,2000
2025-10-15,BUENOS AIRES,BARRIO VILLA GAUCHO,1330
2025-10-15,BUENOS AIRES,IRIARTE,200
2025-10-15,CÓRDOBA,CALCHIN,175
2025-10-15,CÓRDOBA,CARRILOBO,60
2025-10-15,CÓRDOBA,COLONIA CAROYA,128
2025-10-15,CÓRDOBA,CORONEL MOLDES,2257
2025-10-15,CÓRDOBA,LA CARLOTA,7
2025-10-15,CÓRDOBA,LAGUNA LARGA,45
2025-10-15,CÓRDOBA,MARCOS JUAREZ,2020
2025-10-15,CÓRDOBA,SAN FRANCISCO (DPTO.,82
2025-10-15,CÓRDOBA,WENCESLAO ESCALANTE,60
2025-10-15,SANTA FE,ARROYO SECO,30
2025-10-15,SANTA FE,COLONIA LA YERBA,100
2025-10-15,SANTA FE,LAS TUNAS,30
2025-10-15,SANTA FE,MARIA SUSANA,30
2025-10-15,SANTA FE,VENADO TUERTO,1500
2025-10-15,SANTIAGO DEL ESTERO,LA TALA,33
2025-10-16,BUENOS AIRES,LINCOLN,500
2025-10-16,BUENOS AIRES,PERGAMINO,56
2025-10-16,BUENOS AIRES,TRES ARROYOS,90
2025-10-16,BUENOS AIRES,VEDIA,4
2025-10-16,CÓRDOBA,INRIVILLE,64
2025-10-16,CÓRDOBA,LA CARLOTA,5
2025-10-16,CÓRDOBA,LEONES,118
2025-10-16,CÓRDOBA,MONTE BUEY,84
2025-10-16,CÓRDOBA,RIO CUARTO,6500
2025-10-16,CÓRDOBA,SAN FRANCISCO (DPTO.,473
2025-10-16,CÓRDOBA,WENCESLAO ESCALANTE,650
2025-10-16,ENTRE RÍOS,GUALEGUAY,342
2025-10-16,ENTRE RÍOS,MOJONES SUD,18
2025-10-16,ENTRE RÍOS,NOGOYA,79
2025-10-16,ENTRE RÍOS,VICTORIA,150
2025-10-16,LA PAMPA,LONQUIMAY,270
2025-10-16,SAN LUIS,JUSTO DARACT,180
2025-10-16,SAN LUIS,VILLA MERCEDES,1000
2025-10-16,SANTA FE,CARCARAÑA,120
2025-10-16,SANTA FE,CHABAS,120
2025-10-16,SANTA FE,LOS SEMBRADOS,100
2025-10-16,SANTA FE,MARIA SUSANA,300
2025-10-16,SANTA FE,PAZ,60
2025-10-16,SANTA FE,ROSARIO,3000
2025-10-16,SANTA FE,SAN EDUARDO,1269
2025-10-17,BUENOS AIRES,BOLIVAR,270
2025-10-17,BUENOS AIRES,BRAGADO,500
2025-10-17,BUENOS AIRES,CARMEN DE PATAGONES,500
2025-10-17,BUENOS AIRES,GUAMINI,120
2025-10-17,BUENOS AIRES,LOBERIA,300
2025-10-17,BUENOS AIRES,PEHUAJO,1000
2025-10-17,BUENOS AIRES,TRENQUE LAUQUEN,350
2025-10-17,BUENOS AIRES,TRES ARROYOS,1800
2025-10-17,CÓRDOBA,BARRIO EL LIBERTADOR,500
2025-10-17,CÓRDOBA,CARRILOBO,120
2025-10-17,CÓRDOBA,HUINCA RENANCO,710
2025-10-17,CÓRDOBA,LOS CISNES,336
2025-10-17,CÓRDOBA,MARCOS JUAREZ,400
2025-10-17,CÓRDOBA,RIO CUARTO,626
2025-10-17,CÓRDOBA,RIO PRIMERO,1000
2025-10-17,CÓRDOBA,SAMPACHO,79
2025-10-17,CÓRDOBA,SINSACATE,1837
2025-10-17,CÓRDOBA,WENCESLAO ESCALANTE,400
2025-10-17,ENTRE RÍOS,LA PAZ,229
2025-10-17,ENTRE RÍOS,MACIA,120
2025-10-17,ENTRE RÍOS,VILLA DEL ROSARIO,2000
2025-10-17,ENTRE RÍOS,VILLAGUAY,840
2025-10-17,LA PAMPA,VERTIZ,120
2025-10-17,SALTA,ANTA,2000
2025-10-17,SANTA FE,ARMSTRONG,60
2025-10-17,SANTA FE,ARROYO SECO,1000
2025-10-17,SANTA FE,BOUQUET,180
2025-10-17,SANTA FE,CAÑADA ROSQUIN,150
2025-10-17,SANTA FE,COLONIA LA YERBA,90
2025-10-17,SANTA FE,COLONIA SAN FRANCISC,100
2025-10-17,SANTA FE,LAS PAREJAS,300
2025-10-17,SANTA FE,MARIA SUSANA,60
2025-10-17,SANTA FE,SAN MARCOS DE VENADO,540
2025-10-17,SANTA FE,SERODINO,510
2025-10-17,SANTA FE,VENADO TUERTO,20000
2025-10-17,SANTIAGO DEL ESTERO,BANDERA,1060
2025-10-17,SANTIAGO DEL ESTERO,LOS JURIES,7
2025-10-18,ENTRE RÍOS,LARROQUE,26
2025-10-20,BUENOS AIRES,LIBANO,300
2025-10-20,CÓRDOBA,BELL VILLE,13
2025-10-20,CÓRDOBA,HIPOLITO BOUCHARD,60
2025-10-20,CÓRDOBA,LABOULAYE,3200
2025-10-20,CÓRDOBA,MARCOS JUAREZ,60
2025-10-20,CÓRDOBA,MONTE BUEY,248
2025-10-20,CÓRDOBA,MONTE CRISTO,192
2025-10-20,CÓRDOBA,NOETINGER,30
2025-10-20,CÓRDOBA,RIO PRIMERO,150
2025-10-20,CÓRDOBA,SAN FRANCISCO (DPTO.,328
2025-10-20,CÓRDOBA,UCACHA,150
2025-10-20,CÓRDOBA,WENCESLAO ESCALANTE,61
2025-10-20,ENTRE RÍOS,GUALEGUAY,1600
2025-10-20,ENTRE RÍOS,MOJONES SUD,48
2025-10-20,ENTRE RÍOS,URDINARRAIN,181
2025-10-20,ENTRE RÍOS,VILLAGUAY,79
2025-10-20,SANTA FE,LAS ROSAS,73
2025-10-20,SANTA FE,MONJE,2500
2025-10-20,SANTA FE,RAFAELA,634
2025-10-20,SANTA FE,VENADO TUERTO,27900
2025-10-20,SANTA FE,VILLA MINETTI,4502
2025-10-20,SANTIAGO DEL ESTERO,AVERIAS,11
2025-10-20,SANTIAGO DEL ESTERO,TOMAS YOUNG,126
2025-10-21,BUENOS AIRES,BOLIVAR,60
2025-10-21,BUENOS AIRES,BRAGADO,300
2025-10-21,BUENOS AIRES,CARLOS CASARES,5000
2025-10-21,BUENOS AIRES,LOBERIA,300
2025-10-21,BUENOS AIRES,NECOCHEA,600
2025-10-21,BUENOS AIRES,PERGAMINO,423
2025-10-21,BUENOS AIRES,ROJAS,200
2025-10-21,BUENOS AIRES,TRENQUE LAUQUEN,2000
2025-10-21,CÓRDOBA,CANALS,80
2025-10-21,CÓRDOBA,CHUÑA,650
2025-10-21,CÓRDOBA,ITALO,7000
2025-10-21,CÓRDOBA,JESUS MARIA,27
2025-10-21,CÓRDOBA,MARCOS JUAREZ,60
2025-10-21,CÓRDOBA,MONTE CRISTO,513
2025-10-21,CÓRDOBA,PUEBLO ITALIANO,500
2025-10-21,CÓRDOBA,VILLA HUIDOBRO,4000
2025-10-21,CÓRDOBA,WENCESLAO ESCALANTE,70
2025-10-21,ENTRE RÍOS,GENERAL RAMIREZ,2473
2025-10-21,ENTRE RÍOS,MACIA,120
2025-10-21,LA PAMPA,BERNARDO LARROUDE,120
2025-10-21,LA PAMPA,GENERAL PICO,120
2025-10-21,LA PAMPA,INTENDENTE ALVEAR,600
2025-10-21,SANTA FE,ARMSTRONG,30
2025-10-21,SANTA FE,AROCENA,514
2025-10-21,SANTA FE,MAGGIOLO,629
2025-10-21,SANTA FE,SAN MARCOS DE VENADO,500
2025-10-21,SANTA FE,VENADO TUERTO,100
2025-10-21,SANTA FE,VIDELA,500
2025-10-21,SANTIAGO DEL ESTERO,SACHAYOJ,3000
2025-10-22,BUENOS AIRES,BALCARCE,500
2025-10-22,BUENOS AIRES,CARMEN DE ARECO,136
2025-10-22,BUENOS AIRES,LINCOLN,1000
2025-10-22,CHACO,PAMPA DEL INFIERNO,74
2025-10-22,CÓRDOBA,ARIAS,801
2025-10-22,CÓRDOBA,CORONEL MOLDES,1000
2025-10-22,CÓRDOBA,CORRAL DE BUSTOS,500
2025-10-22,CÓRDOBA,PUEBLO ITALIANO,800
2025-10-22,CÓRDOBA,RIO CUARTO,200
2025-10-22,CÓRDOBA,RIO PRIMERO,327
2025-10-22,CÓRDOBA,TRANSITO,420
2025-10-22,CÓRDOBA,WENCESLAO ESCALANTE,300
2025-10-22,SANTA FE,LA SARITA,3
2025-10-22,SANTA FE,MALABRIGO,12
2025-10-22,SANTA FE,ROSARIO,2000
2025-10-22,SANTA FE,RUFINO,28
2025-10-22,SANTA FE,SAN LORENZO,800
2025-10-22,SANTA FE,SAN MARCOS DE VENADO,1000
2025-10-22,SANTA FE,VENADO TUERTO,3600
2025-10-22,SANTIAGO DEL ESTERO,BANDERA,414
2025-10-23,BUENOS AIRES,9 DE JULIO,1000
2025-10-23,BUENOS AIRES,ARRECIFES,380
2025-10-23,BUENOS AIRES,BRAGADO,120
2025-10-23,BUENOS AIRES,CAPILLA DEL SEÑOR,60
2025-10-23,BUENOS AIRES,CARMEN DE ARECO,185
2025-10-23,BUENOS AIRES,CORONEL SUAREZ,500
2025-10-23,BUENOS AIRES,SALTO,1000
2025-10-23,BUENOS AIRES,TRENQUE LAUQUEN,150
2025-10-23,CÓRDOBA,BARRIO BELGRANO (LAB,200
2025-10-23,CÓRDOBA,CANALS,350
2025-10-23,CÓRDOBA,CAROLINA,30
2025-10-23,CÓRDOBA,CHAJAN,100
2025-10-23,CÓRDOBA,COLONIA CALCHAQUI,100
2025-10-23,CÓRDOBA,LA CARLOTA,206
2025-10-23,CÓRDOBA,LABOULAYE,90
2025-10-23,CÓRDOBA,LEONES,94
2025-10-23,CÓRDOBA,LOS CISNES,60
2025-10-23,CÓRDOBA,RIO PRIMERO,112
2025-10-23,CÓRDOBA,SANTA EUFEMIA,60
2025-10-23,CÓRDOBA,SINSACATE,141
2025-10-23,CÓRDOBA,TRANSITO,500
2025-10-23,CÓRDOBA,VILLA MARIA (DPTO. G,1000
2025-10-23,CÓRDOBA,WENCESLAO ESCALANTE,4500
2025-10-23,ENTRE RÍOS,HASENKAMP,200
2025-10-23,SALTA,ANTA,1000
2025-10-23,SALTA,PIQUETE CABADO,250
2025-10-23,SAN LUIS,ELEODORO LOBOS,700
2025-10-23,SANTA FE,ALCORTA DTO CONSTITU,82
2025-10-23,SANTA FE,COLONIA LA YERBA,90
2025-10-23,SANTA FE,MALABRIGO,16
2025-10-23,SANTA FE,SAN EDUARDO,119
2025-10-23,SANTA FE,SAN LORENZO,90
2025-10-23,SANTA FE,SAN MARCOS DE VENADO,700
2025-10-23,SANTA FE,SANCTI SPIRITU,100
2025-10-23,SANTA FE,VENADO TUERTO,1000
2025-10-23,SANTIAGO DEL ESTERO,SACHAYOJ,2000
2025-10-24,BUENOS AIRES,AZUL,90
2025-10-24,BUENOS AIRES,GENERAL VILLEGAS,300
2025-10-24,CÓRDOBA,ELENA,500
2025-10-24,CÓRDOBA,LA CARLOTA,180
2025-10-24,CÓRDOBA,LEONES,166
2025-10-24,CÓRDOBA,LOS CISNES,1000
2025-10-24,CÓRDOBA,LOS CONDORES,3778
2025-10-24,CÓRDOBA,TRANSITO,500
2025-10-24,ENTRE RÍOS,LA PAZ,500
2025-10-24,ENTRE RÍOS,LUCAS GONZALEZ,120
2025-10-24,ENTRE RÍOS,MARIA GRANDE,150
2025-10-24,ENTRE RÍOS,VIALE,48
2025-10-24,LA PAMPA,WINIFREDA,200
2025-10-24,SANTA FE,ARMSTRONG,30
2025-10-24,SANTA FE,AVELLANEDA,300
2025-10-24,SANTA FE,CASAS,60
2025-10-24,SANTA FE,GALVEZ,330
2025-10-24,SANTA FE,MARIA SUSANA,1000
2025-10-24,SANTA FE,RAFAELA,1664
2025-10-24,SANTA FE,SAN MARCOS DE VENADO,1000
2025-10-24,SANTIAGO DEL ESTERO,PAMPA DE LOS GUANACO,26
2025-10-27,BUENOS AIRES,AMERICA,120
2025-10-27,BUENOS AIRES,ARRECIFES,250
2025-10-27,BUENOS AIRES,BALCARCE,1000
2025-10-27,BUENOS AIRES,CARABELAS,60
2025-10-27,BUENOS AIRES,CAÑADA SECA,1000
2025-10-27,BUENOS AIRES,CONDARCO,250
2025-10-27,BUENOS AIRES,ROJAS,100
2025-10-27,BUENOS AIRES,TRENQUE LAUQUEN,780
2025-10-27,BUENOS AIRES,TRES ARROYOS,300
2025-10-27,CÓRDOBA,BELL VILLE,35
2025-10-27,CÓRDOBA,LABOULAYE,100
2025-10-27,CÓRDOBA,MATORRALES,60
2025-10-27,CÓRDOBA,ONCATIVO,500
2025-10-27,CÓRDOBA,RIO PRIMERO,56
2025-10-27,CÓRDOBA,VILLA MARIA (DPTO. G,2000
2025-10-27,ENTRE RÍOS,VICTORIA,540
2025-10-27,LA PAMPA,CATRILO,5000
2025-10-27,LA PAMPA,INTENDENTE ALVEAR,150
2025-10-27,SANTA FE,BOUQUET,150
2025-10-27,SANTA FE,CRISTOLIA,200
2025-10-27,SANTA FE,DOCTOR BARROS PAZOS,345
2025-10-27,SANTA FE,ROSARIO,1000
2025-10-27,SANTA FE,RUFINO,3022
2025-10-27,SANTA FE,SAN JUSTO,139
2025-10-27,SANTA FE,SAN MARCOS DE VENADO,5700
2025-10-27,SANTIAGO DEL ESTERO,PAMPA DE LOS GUANACO,135
2025-10-28,BUENOS AIRES,AMERICA,100
2025-10-28,BUENOS AIRES,CARLOS CASARES,350
2025-10-28,BUENOS AIRES,CAZON,4000
2025-10-28,BUENOS AIRES,GENERAL VILLEGAS,1500
2025-10-28,BUENOS AIRES,NECOCHEA,180
2025-10-28,BUENOS AIRES,PEHUAJO,200
2025-10-28,BUENOS AIRES,SAN CAYETANO,180
2025-10-28,CHACO,ZAPARINQUI,100
2025-10-28,CÓRDOBA,ADELIA MARIA,600
2025-10-28,CÓRDOBA,CORONEL MOLDES,300
2025-10-28,CÓRDOBA,VICUÑA MACKENNA,540
2025-10-28,ENTRE RÍOS,DIAMANTE,193
2025-10-28,ENTRE RÍOS,LUCAS GONZALEZ,60
2025-10-28,LA PAMPA,GENERAL PICO,1000
2025-10-28,SALTA,ANTA,1000
2025-10-28,SALTA,EL GALPON,600
2025-10-28,SANTA FE,RUFINO,4000
2025-10-28,SANTA FE,SAN LORENZO,500
2025-10-28,SANTA FE,SAN MARCOS DE VENADO,3000
2025-10-28,SANTIAGO DEL ESTERO,BANDERA,1320
2025-10-29,BUENOS AIRES,25 DE MAYO,210
2025-10-29,BUENOS AIRES,BAHIA BLANCA,1000
2025-10-29,BUENOS AIRES,PERGAMINO,1200
2025-10-29,BUENOS AIRES,TANDIL,161
2025-10-29,CHACO,TRES ISLETAS,31
2025-10-29,CÓRDOBA,ACHIRAS (DPTO. RIO C,3000
2025-10-29,CÓRDOBA,ALCIRA,270
2025-10-29,CÓRDOBA,BELL VILLE,240
2025-10-29,CÓRDOBA,CANALS,311
2025-10-29,CÓRDOBA,CANTERAS LA CALERA (,392
2025-10-29,CÓRDOBA,LA CARLOTA,100
2025-10-29,CÓRDOBA,LABOULAYE,3013
2025-10-29,CÓRDOBA,LAS VARILLAS,240
2025-10-29,CÓRDOBA,LOS CISNES,600
2025-10-29,CÓRDOBA,MONTE MAIZ,1677
2025-10-29,CÓRDOBA,RIO CUARTO,3300
2025-10-29,CÓRDOBA,RIO PRIMERO,120
2025-10-29,CÓRDOBA,SANTA EUFEMIA,30
2025-10-29,CÓRDOBA,SINSACATE,240
2025-10-29,CÓRDOBA,WENCESLAO ESCALANTE,1000
2025-10-29,ENTRE RÍOS,COSTA GRANDE,660
2025-10-29,ENTRE RÍOS,GENERAL RAMIREZ,60
2025-10-29,ENTRE RÍOS,MARIA GRANDE,87
2025-10-29,SALTA,ANTA,60
2025-10-29,SALTA,METAN,1600
2025-10-29,SAN LUIS,CIUDAD JARDIN DE SAN,3000
2025-10-29,SANTA FE,AROCENA,306
2025-10-29,SANTA FE,CARCARAÑA,200
2025-10-29,SANTA FE,MAGGIOLO,1000
2025-10-29,SANTA FE,PAZ,60
2025-10-29,SANTA FE,VENADO TUERTO,5000
2025-10-29,SANTA FE,VIDELA,120
2025-10-29,SANTIAGO DEL ESTERO,ARBOL BLANCO,1000
2025-10-29,SANTIAGO DEL ESTERO,BANDERA,208
2025-10-29,SANTIAGO DEL ESTERO,LOS JURIES,95
2025-10-30,BUENOS AIRES,AMERICA,30
2025-10-30,BUENOS AIRES,ARRIBEÑOS,290
2025-10-30,BUENOS AIRES,BOLIVAR,235
2025-10-30,BUENOS AIRES,CHIVILCOY,41
2025-10-30,BUENOS AIRES,CORONEL DORREGO,150
2025-10-30,BUENOS AIRES,GENERAL VILLEGAS,1000
2025-10-30,BUENOS AIRES,HENDERSON,120
2025-10-30,BUENOS AIRES,JUNIN,1063
2025-10-30,BUENOS AIRES,MARIANO H. ALFONZO,500
2025-10-30,BUENOS AIRES,PERGAMINO,1060
2025-10-30,BUENOS AIRES,PIGUE,340
2025-10-30,BUENOS AIRES,SALTO,346
2025-10-30,BUENOS AIRES,TANDIL,2000
2025-10-30,BUENOS AIRES,VEDIA,22
2025-10-30,CÓRDOBA,ALEJANDRO ROCA,3880
2025-10-30,CÓRDOBA,ARIAS,390
2025-10-30,CÓRDOBA,BELL VILLE,760
2025-10-30,CÓRDOBA,CAMILO ALDAO,400
2025-10-30,CÓRDOBA,CANALS,250
2025-10-30,CÓRDOBA,COLONIA LA TORDILLA,150
2025-10-30,CÓRDOBA,CRUZ ALTA,300
2025-10-30,CÓRDOBA,INRIVILLE,260
2025-10-30,CÓRDOBA,LA CARLOTA,500
2025-10-30,CÓRDOBA,LABOULAYE,3800
2025-10-30,CÓRDOBA,LAS VERTIENTES,1000
2025-10-30,CÓRDOBA,LEONES,50
2025-10-30,CÓRDOBA,LOS CISNES,300
2025-10-30,CÓRDOBA,MONTE BUEY,200
2025-10-30,CÓRDOBA,RIO CUARTO,3500
2025-10-30,CÓRDOBA,RIO PRIMERO,190
2025-10-30,CÓRDOBA,RIO SEGUNDO,700
2025-10-30,CÓRDOBA,SAMPACHO,200
2025-10-30,CÓRDOBA,VIAMONTE,120
2025-10-30,CÓRDOBA,VICUÑA MACKENNA,44
2025-10-30,CÓRDOBA,VILLA DEL TOTORAL,29
2025-10-30,CÓRDOBA,WENCESLAO ESCALANTE,8180
2025-10-30,ENTRE RÍOS,ALDEA PROTESTANTE,60
2025-10-30,ENTRE RÍOS,ALGARROBITOS 1RO,35
2025-10-30,ENTRE RÍOS,BOVRIL,60
2025-10-30,ENTRE RÍOS,CONCEPCION DEL URUGU,600
2025-10-30,ENTRE RÍOS,COSTA GRANDE DOLL,1150
2025-10-30,ENTRE RÍOS,DIAMANTE,150
2025-10-30,ENTRE RÍOS,ESTACAS,300
2025-10-30,ENTRE RÍOS,SAN SALVADOR,185
2025-10-30,ENTRE RÍOS,VIALE,100
2025-10-30,ENTRE RÍOS,VILLA DEL ROSARIO,33
2025-10-30,LA PAMPA,INGENIERO LUIGGI,97
2025-10-30,SANTA FE,BOUQUET,90
2025-10-30,SANTA FE,CAFFERATA,228
2025-10-30,SANTA FE,CARLOS PELLEGRINI,2000
2025-10-30,SANTA FE,CAÑADA DE GOMEZ,596
2025-10-30,SANTA FE,CHAPUY,1000
2025-10-30,SANTA FE,CHRISTOPHERSEN,150
2025-10-30,SANTA FE,EL TREBOL,150
2025-10-30,SANTA FE,GODEKEN,145
2025-10-30,SANTA FE,JUAN B. MOLINA,30
2025-10-30,SANTA FE,LAS PAREJAS,450
2025-10-30,SANTA FE,LAS ROSAS,1200
2025-10-30,SANTA FE,MARIA SUSANA,1180
2025-10-30,SANTA FE,MONJE,400
2025-10-30,SANTA FE,RAFAELA,105
2025-10-30,SANTA FE,SAN EDUARDO,535
2025-10-30,SANTA FE,SAN MARCOS DE VENADO,1000
2025-10-30,SANTA FE,VENADO TUERTO,400
2025-10-30,SANTA FE,VIDELA,300
2025-10-30,SANTIAGO DEL ESTERO,OTUMPA,500
2025-10-30,SANTIAGO DEL ESTERO,QUIMILI,150
2025-10-30,SANTIAGO DEL ESTERO,SANTIAGO DEL ESTERO,150
2025-10-31,BUENOS AIRES,9 DE JULIO,1000
2025-10-31,BUENOS AIRES,CHIVILCOY,150
2025-10-31,BUENOS AIRES,PEHUAJO,1000
2025-10-31,BUENOS AIRES,TRENQUE LAUQUEN,2200
2025-10-31,CHACO,LOS FRENTONES,580
2025-10-31,CÓRDOBA,ADELIA MARIA,699
2025-10-31,CÓRDOBA,ARROYO CABRAL,500
2025-10-31,CÓRDOBA,COLONIA ARROYO DE AL,420
2025-10-31,CÓRDOBA,JUSTINIANO POSSE,3000
2025-10-31,CÓRDOBA,LABOULAYE,60
2025-10-31,CÓRDOBA,MARCOS JUAREZ,152
2025-10-31,CÓRDOBA,RIO PRIMERO,114
2025-10-31,CÓRDOBA,SAMPACHO,1613
2025-10-31,CÓRDOBA,SANTIAGO TEMPLE,100
2025-10-31,CÓRDOBA,WENCESLAO ESCALANTE,200
2025-10-31,ENTRE RÍOS,GUALEGUAYCHU,2500
2025-10-31,ENTRE RÍOS,LA PAZ,6650
2025-10-31,ENTRE RÍOS,LUCAS GONZALEZ,700
2025-10-31,ENTRE RÍOS,VICTORIA,420
2025-10-31,LA PAMPA,CATRILO,500
2025-10-31,LA PAMPA,VILLA MIRASOL,278
2025-10-31,SAN LUIS,LAS BARRANCAS (DPTO.,1000
2025-10-31,SAN LUIS,VILLA MERCEDES,210
2025-10-31,SANTA FE,ARMSTRONG,300
2025-10-31,SANTA FE,COLONIA LA YERBA,90
2025-10-31,SANTA FE,MARIA SUSANA,960
2025-10-31,SANTA FE,PUEBLO RAMONA,300
2025-10-31,SANTA FE,RUFINO,1360
2025-10-31,SANTA FE,SAN JORGE,500
2025-10-31,SANTA FE,SAN MARCOS DE VENADO,3000
2025-10-31,SANTA FE,SANTA FE,1000
2025-10-31,SANTA FE,SANTA MARGARITA,1500
2025-10-31,SANTA FE,VENADO TUERTO,2480
2025-10-31,SANTIAGO DEL ESTERO,LOS JURIES,12
2025-11-02,SAN LUIS,BUENA ESPERANZA,35
2025-11-03,BUENOS AIRES,CORONEL SUAREZ,300
2025-11-03,BUENOS AIRES,GENERAL ALVARADO,300
2025-11-03,BUENOS AIRES,GENERAL VILLEGAS,1500
2025-11-03,BUENOS AIRES,MAIPU,300
2025-11-03,BUENOS AIRES,NECOCHEA,1500
2025-11-03,BUENOS AIRES,PIEDRITAS,30
2025-11-03,BUENOS AIRES,PILAR,310
2025-11-03,BUENOS AIRES,TRENQUE LAUQUEN,2400
2025-11-03,BUENOS AIRES,VEDIA,158
2025-11-03,CHACO,LAS BREÑAS,500
2025-11-03,CHACO,VILLA ANGELA,59
2025-11-03,CÓRDOBA,BELL VILLE,750
2025-11-03,CÓRDOBA,CANALS,26
2025-11-03,CÓRDOBA,COLONIA CALCHAQUI,30
2025-11-03,CÓRDOBA,GENERAL CABRERA,1000
2025-11-03,CÓRDOBA,MARCOS JUAREZ,240
2025-11-03,CÓRDOBA,MARULL,150
2025-11-03,CÓRDOBA,OLIVA,1700
2025-11-03,CÓRDOBA,RIO TERCERO,150
2025-11-03,CÓRDOBA,VIAMONTE,200
2025-11-03,CÓRDOBA,VICUÑA MACKENNA,700
2025-11-03,ENTRE RÍOS,GENERAL RAMIREZ,600
2025-11-03,ENTRE RÍOS,GOBERNADOR MANSILLA,600
2025-11-03,ENTRE RÍOS,GUALEGUAY,500
2025-11-03,ENTRE RÍOS,GUALEGUAYCHU,1400
2025-11-03,ENTRE RÍOS,LA PAZ,2000
2025-11-03,ENTRE RÍOS,LAS CUEVAS,90
2025-11-03,ENTRE RÍOS,PAJONAL,500
2025-11-03,ENTRE RÍOS,VICTORIA,2000
2025-11-03,LA PAMPA,EDUARDO CASTEX,90
2025-11-03,SANTA FE,CAÑADA ROSQUIN,90
2025-11-03,SANTA FE,LOS QUIRQUINCHOS,120
2025-11-03,SANTA FE,MONJE,600
2025-11-03,SANTA FE,RAFAELA,2000
2025-11-03,SANTA FE,ROSARIO,237
2025-11-03,SANTA FE,SAN JORGE,250
2025-11-03,SANTA FE,SANCTI SPIRITU,1000
2025-11-03,SANTA FE,VENADO TUERTO,1000
2025-11-03,SANTIAGO DEL ESTERO,BANDERA,1291
2025-11-03,SANTIAGO DEL ESTERO,QUIMILI,500
2025-11-04,BUENOS AIRES,ALBERTI,420
2025-11-04,BUENOS AIRES,BRAGADO,2640
2025-11-04,BUENOS AIRES,CARLOS CASARES,2000
2025-11-04,BUENOS AIRES,CORONEL SUAREZ,410
2025-11-04,BUENOS AIRES,DAIREAUX,1500
2025-11-04,BUENOS AIRES,GENERAL VILLEGAS,105
2025-11-04,BUENOS AIRES,HENDERSON,600
2025-11-04,BUENOS AIRES,NECOCHEA,1000
2025-11-04,BUENOS AIRES,PEHUAJO,2000
2025-11-04,BUENOS AIRES,PILAR,500
2025-11-04,BUENOS AIRES,TRENQUE LAUQUEN,960
2025-11-04,BUENOS AIRES,TRES ARROYOS,600
2025-11-04,BUENOS AIRES,TRES LOMAS,150
2025-11-04,CHACO,LOS FRENTONES,78
2025-11-04,CÓRDOBA,BELL VILLE,400
2025-11-04,CÓRDOBA,CANALS,120
2025-11-04,CÓRDOBA,CAVANAGH,100
2025-11-04,CÓRDOBA,HUINCA RENANCO,620
2025-11-04,CÓRDOBA,LEONES,90
2025-11-04,CÓRDOBA,LUQUE,100
2025-11-04,CÓRDOBA,MONTE MAIZ,1000
2025-11-04,CÓRDOBA,OLIVA,153
2025-11-04,CÓRDOBA,ORDOÑEZ,2000
2025-11-04,CÓRDOBA,REDUCCION,200
2025-11-04,CÓRDOBA,RIO PRIMERO,2700
2025-11-04,CÓRDOBA,VILLA ASCASUBI,120
2025-11-04,ENTRE RÍOS,ESTACAS,476
2025-11-04,ENTRE RÍOS,GUALEGUAY,100
2025-11-04,ENTRE RÍOS,VILLAGUAY,294
2025-11-04,LA PAMPA,CATRILO,11000
2025-11-04,LA PAMPA,COLONIA BARON,4000
2025-11-04,LA PAMPA,GENERAL PICO,5180
2025-11-04,SANTA FE,BOUQUET,150
2025-11-04,SANTA FE,LUIS PALACIOS,2000
2025-11-04,SANTA FE,ROLDAN,201
2025-11-04,SANTA FE,ROSARIO,224
2025-11-04,SANTA FE,RUFINO,300
2025-11-04,SANTA FE,SAN JERONIMO SUD,300
2025-11-04,SANTA FE,SAN JOSE DE LA ESQUI,100
2025-11-04,SANTA FE,SAN LORENZO,1000
2025-11-04,SANTA FE,SAN MARCOS DE VENADO,1000
2025-11-04,SANTA FE,SANTA FE,2000
2025-11-04,SANTA FE,VENADO TUERTO,4000
2025-11-04,SANTIAGO DEL ESTERO,AVERIAS,12
2025-11-04,TUCUMÁN,TACANAS (DPTO. LEALE,120
2025-11-05,BUENOS AIRES,ARRIBEÑOS,3200
2025-11-05,BUENOS AIRES,AYACUCHO,1000
2025-11-05,BUENOS AIRES,BAHIA BLANCA,500
2025-11-05,BUENOS AIRES,BALCARCE,2500
2025-11-05,BUENOS AIRES,BALNEARIO CLAROMECO,2500
2025-11-05,BUENOS AIRES,BARADERO,400
2025-11-05,BUENOS AIRES,BARRIO VILLA GAUCHO,1000
2025-11-05,BUENOS AIRES,BRAGADO,10300
2025-11-05,BUENOS AIRES,CARABELAS,180
2025-11-05,BUENOS AIRES,CARLOS CASARES,7500
2025-11-05,BUENOS AIRES,CORONEL SUAREZ,30
2025-11-05,BUENOS AIRES,DAIREAUX,1210
2025-11-05,BUENOS AIRES,DARREGUEIRA,500
2025-11-05,BUENOS AIRES,ESPARTILLAR (PDO. SAAVEDRA),2000
2025-11-05,BUENOS AIRES,GENERAL VILLEGAS,1000
2025-11-05,BUENOS AIRES,GONZALES CHAVES,13000
2025-11-05,BUENOS AIRES,HENDERSON,210
2025-11-05,BUENOS AIRES,HUANGUELEN,2000
2025-11-05,BUENOS AIRES,LINCOLN,1000
2025-11-05,BUENOS AIRES,LOPEZ,540
2025-11-05,BUENOS AIRES,MAR DEL PLATA,2000
2025-11-05,BUENOS AIRES,MIRAMAR (PDO. GRAL.,1000
2025-11-05,BUENOS AIRES,NECOCHEA,4000
2025-11-05,BUENOS AIRES,PEHUAJO,2180
2025-11-05,BUENOS AIRES,PIEDRITAS,1000
2025-11-05,BUENOS AIRES,PILAR,200
2025-11-05,BUENOS AIRES,ROJAS,5200
2025-11-05,BUENOS AIRES,SALTO,2160
2025-11-05,BUENOS AIRES,SAN PEDRO,600
2025-11-05,BUENOS AIRES,SANTA REGINA,540
2025-11-05,BUENOS AIRES,TANDIL,3000
2025-11-05,BUENOS AIRES,TRENQUE LAUQUEN,1420
2025-11-05,BUENOS AIRES,TRES ARROYOS,510
2025-11-05,BUENOS AIRES,VEDIA,10
2025-11-05,BUENOS AIRES,VICENTE LOPEZ,1830
2025-11-05,CHACO,CHARATA,1000
2025-11-05,CHACO,VILLA ANGELA,40
2025-11-05,CÓRDOBA,ABBURRA,90
2025-11-05,CÓRDOBA,ADELIA MARIA,5800
2025-11-05,CÓRDOBA,ALDEA SANTA MARIA,120
2025-11-05,CÓRDOBA,ALEJANDRO ROCA,5250
2025-11-05,CÓRDOBA,ALICIA,180
2025-11-05,CÓRDOBA,ALTO ALBERDI,1830
2025-11-05,CÓRDOBA,ALTOS DE CHIPION,1000
2025-11-05,CÓRDOBA,BELL VILLE,490
2025-11-05,CÓRDOBA,CANALS,960
2025-11-05,CÓRDOBA,CHARRAS,500
2025-11-05,CÓRDOBA,CORDOBA,600
2025-11-05,CÓRDOBA,CORONEL MOLDES,420
2025-11-05,CÓRDOBA,CRUZ ALTA,200
2025-11-05,CÓRDOBA,GENERAL CABRERA,1000
2025-11-05,CÓRDOBA,GENERAL LEVALLE,1250
2025-11-05,CÓRDOBA,HUINCA RENANCO,7720
2025-11-05,CÓRDOBA,ITALO,300
2025-11-05,CÓRDOBA,JUSTINIANO POSSE,500
2025-11-05,CÓRDOBA,LA CARLOTA,1390
2025-11-05,CÓRDOBA,LABOULAYE,6110
2025-11-05,CÓRDOBA,LAS VARILLAS,420
2025-11-05,CÓRDOBA,MARCOS JUAREZ,400
2025-11-05,CÓRDOBA,MONTE BUEY,300
2025-11-05,CÓRDOBA,MONTE CRISTO,450
2025-11-05,CÓRDOBA,MONTE MAIZ,4100
2025-11-05,CÓRDOBA,OLIVA,1430
2025-11-05,CÓRDOBA,REDUCCION,500
2025-11-05,CÓRDOBA,RIO CUARTO,3910
2025-11-05,CÓRDOBA,RIO TERCERO,600
2025-11-05,CÓRDOBA,UCACHA,40
2025-11-05,CÓRDOBA,WENCESLAO ESCALANTE,2060
2025-11-05,ENTRE RÍOS,BOVRIL,100
2025-11-05,ENTRE RÍOS,GENERAL RAMIREZ,1200
2025-11-05,ENTRE RÍOS,NOGOYA,300
2025-11-05,ENTRE RÍOS,VICTORIA,1100
2025-11-05,LA PAMPA,CATRILO,8100
2025-11-05,LA PAMPA,EDUARDO CASTEX,1750
2025-11-05,LA PAMPA,GENERAL PICO,200
2025-11-05,LA PAMPA,INTENDENTE ALVEAR,120
2025-11-05,LA PAMPA,LONQUIMAY,1000
2025-11-05,LA PAMPA,RANCUL,500
2025-11-05,SALTA,ANTA,300
2025-11-05,SALTA,CHAÑAR MUYO,1000
2025-11-05,SALTA,GENERAL PIZARRO,300
2025-11-05,SALTA,JOAQUIN V. GONZALEZ,450
2025-11-05,SALTA,LAS LAJITAS,1000
2025-11-05,SALTA,PIQUETE CABADO,250
2025-11-05,SALTA,RIO DEL VALLE,100
2025-11-05,SAN LUIS,JUAN JORBA,570
2025-11-05,SAN LUIS,JUSTO DARACT,590
2025-11-05,SAN LUIS,NUEVA ESCOCIA,400
2025-11-05,SAN LUIS,PUNILLA,280
2025-11-05,SANTA FE,ARMSTRONG,230
2025-11-05,SANTA FE,AROCENA,408
2025-11-05,SANTA FE,ARROYO SECO,500
2025-11-05,SANTA FE,BERABEVU,460
2025-11-05,SANTA FE,BUSTINZA,700
2025-11-05,SANTA FE,CARLOS PELLEGRINI,2000
2025-11-05,SANTA FE,CASILDA,2680
2025-11-05,SANTA FE,CHABAS,210
2025-11-05,SANTA FE,CHAPUY,4000
2025-11-05,SANTA FE,CHOVET,1500
2025-11-05,SANTA FE,COLONIA CASTELAR,150
2025-11-05,SANTA FE,COLONIA JOSEFINA,120
2025-11-05,SANTA FE,CORONEL ARNOLD,1000
2025-11-05,SANTA FE,IBARLUCEA,300
2025-11-05,SANTA FE,IRIGOYEN,540
2025-11-05,SANTA FE,LAS PETACAS,150
2025-11-05,SANTA FE,LAS ROSAS,120
2025-11-05,SANTA FE,LUIS PALACIOS,7600
2025-11-05,SANTA FE,MARIA JUANA,20000
2025-11-05,SANTA FE,MARIA SUSANA,680
2025-11-05,SANTA FE,MURPHY,150
2025-11-05,SANTA FE,PIAMONTE,480
2025-11-05,SANTA FE,RAFAELA,4000
2025-11-05,SANTA FE,RICARDONE,300
2025-11-05,SANTA FE,ROSARIO,7640
2025-11-05,SANTA FE,RUFINO,3267
2025-11-05,SANTA FE,SAN JORGE,300
2025-11-05,SANTA FE,SAN JOSE DE LA ESQUI,160
2025-11-05,SANTA FE,SAN JUSTO,350
2025-11-05,SANTA FE,SAN LORENZO,4400
2025-11-05,SANTA FE,SAN MARCOS DE VENADO,26000
2025-11-05,SANTA FE,SANTA FE,14000
2025-11-05,SANTA FE,SERODINO,700
2025-11-05,SANTA FE,TEODELINA,400
2025-11-05,SANTA FE,VENADO TUERTO,26360
2025-11-05,SANTA FE,VILLA CAÑAS,4610
2025-11-05,SANTA FE,WHEELWRIGHT,100
2025-11-05,SANTIAGO DEL ESTERO,OTUMPA,2400
2025-11-05,SANTIAGO DEL ESTERO,SACHAYOJ,950
2025-11-06,BUENOS AIRES,AMERICA,700
2025-11-06,BUENOS AIRES,ARRECIFES,250
2025-11-06,BUENOS AIRES,AZUL,500
2025-11-06,BUENOS AIRES,BAHIA BLANCA,1000
2025-11-06,BUENOS AIRES,BARRIO OESTE,400
2025-11-06,BUENOS AIRES,DAIREAUX,500
2025-11-06,BUENOS AIRES,GENERAL VILLEGAS,1937
2025-11-06,BUENOS AIRES,GUAMINI,300
2025-11-06,BUENOS AIRES,HENDERSON,216
2025-11-06,BUENOS AIRES,LINCOLN,1000
2025-11-06,BUENOS AIRES,MAR DEL PLATA,1000
2025-11-06,BUENOS AIRES,PEHUAJO,2210
2025-11-06,BUENOS AIRES,PERGAMINO,178
2025-11-06,BUENOS AIRES,TANDIL,4000
2025-11-06,BUENOS AIRES,TRENQUE LAUQUEN,2000
2025-11-06,BUENOS AIRES,TRES ARROYOS,2000
2025-11-06,BUENOS AIRES,VEDIA,50
2025-11-06,BUENOS AIRES,ZARATE,300
2025-11-06,CHACO,CHARATA,390
2025-11-06,CHACO,GENERAL PINEDO,120
2025-11-06,CÓRDOBA,ADELIA MARIA,1500
2025-11-06,CÓRDOBA,CANALS,3550
2025-11-06,CÓRDOBA,COLONIA CALCHAQUI,30
2025-11-06,CÓRDOBA,CRUZ ALTA,6000
2025-11-06,CÓRDOBA,GENERAL CABRERA,120
2025-11-06,CÓRDOBA,GENERAL LEVALLE,395
2025-11-06,CÓRDOBA,GUATIMOZIN,369
2025-11-06,CÓRDOBA,HUINCA RENANCO,1520
2025-11-06,CÓRDOBA,LA CARLOTA,120
2025-11-06,CÓRDOBA,LABOULAYE,5200
2025-11-06,CÓRDOBA,LAS VERTIENTES,2000
2025-11-06,CÓRDOBA,LEONES,64
2025-11-06,CÓRDOBA,MATORRALES,1000
2025-11-06,CÓRDOBA,OLIVA,600
2025-11-06,CÓRDOBA,PUEBLO ITALIANO,1200
2025-11-06,CÓRDOBA,RIO CUARTO,1500
2025-11-06,CÓRDOBA,SAMPACHO,177
2025-11-06,CÓRDOBA,WENCESLAO ESCALANTE,300
2025-11-06,ENTRE RÍOS,GUALEGUAY,570
2025-11-06,ENTRE RÍOS,GUALEGUAYCHU,1014
2025-11-06,ENTRE RÍOS,VICTORIA,275
2025-11-06,LA PAMPA,CATRILO,1000
2025-11-06,LA PAMPA,EDUARDO CASTEX,300
2025-11-06,LA PAMPA,VILLA MIRASOL,232
2025-11-06,SALTA,ANTA,4000
2025-11-06,SAN LUIS,JUSTO DARACT,826
2025-11-06,SANTA FE,AMENABAR,210
2025-11-06,SANTA FE,CAFFERATA,180
2025-11-06,SANTA FE,CAÑADA ROSQUIN,350
2025-11-06,SANTA FE,ROSARIO,2000
2025-11-06,SANTA FE,RUFINO,2000
2025-11-06,SANTA FE,SAN JOSE DE LA ESQUI,351
2025-11-06,SANTA FE,SAN LORENZO,570
2025-11-06,SANTA FE,SANTA FE,180
2025-11-06,SANTA FE,VENADO TUERTO,1900
2025-11-06,SANTIAGO DEL ESTERO,QUIMILI,500
2025-11-07,BUENOS AIRES,ARRECIFES,1015
2025-11-07,BUENOS AIRES,CARLOS CASARES,6000
2025-11-07,BUENOS AIRES,CLAUDIO C. MOLINA,1500
2025-11-07,BUENOS AIRES,GENERAL MADARIAGA,2000
2025-11-07,BUENOS AIRES,GENERAL VILLEGAS,300
2025-11-07,BUENOS AIRES,LOS TOLDOS,200
2025-11-07,BUENOS AIRES,PERGAMINO,66
2025-11-07,BUENOS AIRES,PILAR,120
2025-11-07,BUENOS AIRES,TRES ARROYOS,200
2025-11-07,BUENOS AIRES,VEDIA,124
2025-11-07,CÓRDOBA,ALEJANDRO ROCA,1105
2025-11-07,CÓRDOBA,ARIAS,150
2025-11-07,CÓRDOBA,HUANCHILLA,251
2025-11-07,CÓRDOBA,HUINCA RENANCO,660
2025-11-07,CÓRDOBA,LABOULAYE,2800
2025-11-07,CÓRDOBA,MARCOS JUAREZ,224
2025-11-07,CÓRDOBA,PUEBLO ITALIANO,270
2025-11-07,CÓRDOBA,RIO CUARTO,2500
2025-11-07,CÓRDOBA,RIO PRIMERO,204
2025-11-07,CÓRDOBA,UCACHA,90
2025-11-07,CÓRDOBA,VICUÑA MACKENNA,210
2025-11-07,CÓRDOBA,WENCESLAO ESCALANTE,2270
2025-11-07,ENTRE RÍOS,DIAMANTE,210
2025-11-07,ENTRE RÍOS,GUALEGUAY,500
2025-11-07,ENTRE RÍOS,VICTORIA,1000
2025-11-07,LA PAMPA,GENERAL PICO,1500
2025-11-07,LA PAMPA,LONQUIMAY,283
2025-11-07,SALTA,GENERAL PIZARRO,200
2025-11-07,SALTA,LAS LAJITAS,200
2025-11-07,SAN LUIS,LA TOMA,111
2025-11-07,SANTA FE,BERABEVU,270
2025-11-07,SANTA FE,CHAPUY,809
2025-11-07,SANTA FE,ROSARIO,3000
2025-11-07,SANTA FE,RUFINO,246
2025-11-07,SANTA FE,SAN JOSE DE LA ESQUI,100
2025-11-07,SANTA FE,SAN MARCOS DE VENADO,1500
2025-11-07,SANTA FE,SANTA MARGARITA,140
2025-11-07,SANTA FE,VENADO TUERTO,25698
2025-11-07,SANTIAGO DEL ESTERO,PAMPA DE LOS GUANACO,3000
2025-11-07,SANTIAGO DEL ESTERO,QUIMILI,500
2025-11-08,ENTRE RÍOS,NOGOYA,300
2025-11-08,SANTA FE,SAN EDUARDO,90
2025-11-10,BUENOS AIRES,9 DE JULIO,90
2025-11-10,BUENOS AIRES,ARRECIFES,120
2025-11-10,BUENOS AIRES,BAHIA BLANCA,1000
2025-11-10,BUENOS AIRES,CHIVILCOY,200
2025-11-10,BUENOS AIRES,COLON,60
2025-11-10,BUENOS AIRES,CORONEL DORREGO,300
2025-11-10,BUENOS AIRES,CORONEL PRINGLES,790
2025-11-10,BUENOS AIRES,IRIARTE,750
2025-11-10,BUENOS AIRES,LINCOLN,700
2025-11-10,BUENOS AIRES,PEHUAJO,500
2025-11-10,BUENOS AIRES,PELLEGRINI,30
2025-11-10,BUENOS AIRES,TRENQUE LAUQUEN,1800
2025-11-10,BUENOS AIRES,TRES ARROYOS,150
2025-11-10,CHACO,PAMPA DEL INFIERNO,5
2025-11-10,CÓRDOBA,CARRILOBO,120
2025-11-10,CÓRDOBA,EL CRISPIN,251
2025-11-10,CÓRDOBA,HUINCA RENANCO,235
2025-11-10,CÓRDOBA,LOS CISNES,500
2025-11-10,CÓRDOBA,OLIVA,300
2025-11-10,CÓRDOBA,RIO PRIMERO,2000
2025-11-10,CÓRDOBA,SAN BASILIO,90
2025-11-10,CÓRDOBA,VICUÑA MACKENNA,600
2025-11-10,CÓRDOBA,VILLA VALERIA,1000
2025-11-10,CÓRDOBA,WENCESLAO ESCALANTE,2330
2025-11-10,ENTRE RÍOS,BOVRIL,100
2025-11-10,ENTRE RÍOS,SAN VICTOR,180
2025-11-10,ENTRE RÍOS,VIALE,300
2025-11-10,LA PAMPA,QUEMU-QUEMU,2100
2025-11-10,LA PAMPA,RANCUL,1000
2025-11-10,SALTA,ANTA,1000
2025-11-10,SAN LUIS,JUSTO DARACT,90
2025-11-10,SANTA FE,ALCORTA DTO CONSTITU,180
2025-11-10,SANTA FE,ALDAO,150
2025-11-10,SANTA FE,BOMBAL,240
2025-11-10,SANTA FE,CAÑADA ROSQUIN,1400
2025-11-10,SANTA FE,COLONIA MEDICI,150
2025-11-10,SANTA FE,MARIA TERESA,72
2025-11-10,SANTA FE,SAN EDUARDO,37
2025-11-10,SANTA FE,SAN JERONIMO SUD,450
2025-11-10,SANTA FE,SAN JOSE DE LA ESQUI,35
2025-11-10,SANTA FE,SAN LORENZO,500
2025-11-10,SANTA FE,SAN MARCOS DE VENADO,1000
2025-11-10,SANTA FE,TOTORAS,1820
2025-11-10,SANTA FE,VENADO TUERTO,103000
2025-11-11,BUENOS AIRES,9 DE JULIO,90
2025-11-11,BUENOS AIRES,ARRIBEÑOS,300
2025-11-11,BUENOS AIRES,CARABELAS,200
2025-11-11,BUENOS AIRES,CARLOS CASARES,1300
2025-11-11,BUENOS AIRES,GONZALES CHAVES,2000
2025-11-11,BUENOS AIRES,NECOCHEA,120
2025-11-11,BUENOS AIRES,PEHUAJO,1600
2025-11-11,BUENOS AIRES,PILAR,1000
2025-11-11,BUENOS AIRES,ROQUE PEREZ,5000
2025-11-11,BUENOS AIRES,SANTA REGINA,33
2025-11-11,BUENOS AIRES,TRENQUE LAUQUEN,420
2025-11-11,BUENOS AIRES,TRES ARROYOS,2830
2025-11-11,CHACO,CHARATA,8985
2025-11-11,CHACO,PAMPA DEL INFIERNO,16500
2025-11-11,CÓRDOBA,ALEJANDRO ROCA,3900
2025-11-11,CÓRDOBA,ARIAS,1961
2025-11-11,CÓRDOBA,BELL VILLE,120
2025-11-11,CÓRDOBA,CINTRA,90
2025-11-11,CÓRDOBA,DEL CAMPILLO,1471
2025-11-11,CÓRDOBA,DIEGO DE ROJAS,1500
2025-11-11,CÓRDOBA,HERNANDO,600
2025-11-11,CÓRDOBA,HUINCA RENANCO,3
2025-11-11,CÓRDOBA,LA CARLOTA,300
2025-11-11,CÓRDOBA,MATTALDI,650
2025-11-11,CÓRDOBA,MONTE MAIZ,887
2025-11-11,CÓRDOBA,OLAETA,800
2025-11-11,CÓRDOBA,RIO CUARTO,1900
2025-11-11,CÓRDOBA,SAMPACHO,6232
2025-11-11,ENTRE RÍOS,VILLA DEL ROSARIO,138
2025-11-11,LA PAMPA,CATRILO,700
2025-11-11,LA PAMPA,GENERAL PICO,300
2025-11-11,LA PAMPA,VILLA MIRASOL,9195
2025-11-11,SALTA,LAS LAJITAS,1000
2025-11-11,SANTA FE,ALCORTA DTO CONSTITU,4
2025-11-11,SANTA FE,ALVEAR,1295
2025-11-11,SANTA FE,ARMSTRONG,60
2025-11-11,SANTA FE,ARROYO SECO,1000
2025-11-11,SANTA FE,BIGAND,193
2025-11-11,SANTA FE,BOMBAL,200
2025-11-11,SANTA FE,BOUQUET,1500
2025-11-11,SANTA FE,CARRERAS,420
2025-11-11,SANTA FE,DIAZ,500
2025-11-11,SANTA FE,LAS ROSAS,200
2025-11-11,SANTA FE,MARIA SUSANA,30
2025-11-11,SANTA FE,PUEBLO RAMONA,195
2025-11-11,SANTA FE,RUFINO,660
2025-11-11,SANTA FE,SAN JERONIMO SUD,600
2025-11-11,SANTA FE,SAN JOSE DE LA ESQUI,448
2025-11-11,SANTA FE,SAN LORENZO,25000
2025-11-11,SANTA FE,SAN MARCELO,100
2025-11-11,SANTA FE,SAN MARCOS DE VENADO,3000
2025-11-11,SANTA FE,SANTA FE,3000
2025-11-11,SANTA FE,VENADO TUERTO,11000
2025-11-11,SANTIAGO DEL ESTERO,SACHAYOJ,16500
2025-11-11,SANTIAGO DEL ESTERO,TINTINA,12000
2025-11-11,TUCUMÁN,LEALES,188
2025-11-12,BUENOS AIRES,AMERICA,300
2025-11-12,BUENOS AIRES,APARICIO,480
2025-11-12,BUENOS AIRES,BAHIA BLANCA,2000
2025-11-12,BUENOS AIRES,BALCARCE,2000
2025-11-12,BUENOS AIRES,BRAGADO,200
2025-11-12,BUENOS AIRES,CARLOS CASARES,1700
2025-11-12,BUENOS AIRES,CLAUDIO C. MOLINA,1500
2025-11-12,BUENOS AIRES,COBO,1000
2025-11-12,BUENOS AIRES,GENERAL MADARIAGA,2000
2025-11-12,BUENOS AIRES,GENERAL VILLEGAS,4190
2025-11-12,BUENOS AIRES,JUNIN,206
2025-11-12,BUENOS AIRES,LINCOLN,2000
2025-11-12,BUENOS AIRES,LOS TOLDOS,300
2025-11-12,BUENOS AIRES,PIEDRITAS,500
2025-11-12,BUENOS AIRES,QUEQUEN,500
2025-11-12,BUENOS AIRES,ROJAS,1000
2025-11-12,CHACO,CHARATA,15
2025-11-12,CHACO,TRES ISLETAS,89
2025-11-12,CÓRDOBA,BARRIO BELGRANO (LAB,500
2025-11-12,CÓRDOBA,HUINCA RENANCO,680
2025-11-12,CÓRDOBA,ITALO,200
2025-11-12,CÓRDOBA,JUSTINIANO POSSE,390
2025-11-12,CÓRDOBA,LAS VARILLAS,500
2025-11-12,CÓRDOBA,LEONES,60
2025-11-12,CÓRDOBA,LOS CISNES,600
2025-11-12,CÓRDOBA,MARCOS JUAREZ,145
2025-11-12,CÓRDOBA,MONTE CRISTO,246
2025-11-12,CÓRDOBA,RIO CUARTO,3310
2025-11-12,CÓRDOBA,RIO PRIMERO,60
2025-11-12,CÓRDOBA,VICUÑA MACKENNA,1500
2025-11-12,ENTRE RÍOS,COSTA GRANDE DOLL,104
2025-11-12,ENTRE RÍOS,DIAMANTE,500
2025-11-12,ENTRE RÍOS,LA PAZ,1500
2025-11-12,ENTRE RÍOS,MARIA GRANDE,150
2025-11-12,ENTRE RÍOS,SAN VICTOR,120
2025-11-12,ENTRE RÍOS,VIALE,200
2025-11-12,ENTRE RÍOS,VILLA DEL ROSARIO,320
2025-11-12,LA PAMPA,BERNARDO LARROUDE,1000
2025-11-12,LA PAMPA,EDUARDO CASTEX,2320
2025-11-12,LA PAMPA,INGENIERO LUIGGI,38
2025-11-12,SAN LUIS,JUSTO DARACT,1500
2025-11-12,SANTA FE,BUSTINZA,46
2025-11-12,SANTA FE,IRIGOYEN,60
2025-11-12,SANTA FE,LOS QUIRQUINCHOS,600
2025-11-12,SANTA FE,MARIA SUSANA,63
2025-11-12,SANTA FE,PUEBLO RAMONA,390
2025-11-12,SANTA FE,ROSARIO,6811
2025-11-12,SANTA FE,SAN GENARO,1000
2025-11-12,SANTA FE,SAN LORENZO,2360
2025-11-12,SANTA FE,SANTA FE,3000
2025-11-12,SANTA FE,VENADO TUERTO,25000
2025-11-12,SANTA FE,ZAVALLA,110
2025-11-12,SANTIAGO DEL ESTERO,BANDERA,400
2025-11-13,BUENOS AIRES,25 DE MAYO,1300
2025-11-13,BUENOS AIRES,ALFALAD,600
2025-11-13,BUENOS AIRES,AMERICA,3060
2025-11-13,BUENOS AIRES,APARICIO,1300
2025-11-13,BUENOS AIRES,ARRECIFES,300
2025-11-13,BUENOS AIRES,ARRIBEÑOS,400
2025-11-13,BUENOS AIRES,BAHIA BLANCA,5000
2025-11-13,BUENOS AIRES,BALCARCE,820
2025-11-13,BUENOS AIRES,CARABELAS,210
2025-11-13,BUENOS AIRES,CARLOS CASARES,15500
2025-11-13,BUENOS AIRES,CHACABUCO,1000
2025-11-13,BUENOS AIRES,CHIVILCOY,200
2025-11-13,BUENOS AIRES,CORONEL VIDAL,300
2025-11-13,BUENOS AIRES,DAIREAUX,3100
2025-11-13,BUENOS AIRES,EL LENGUARAZ,600
2025-11-13,BUENOS AIRES,ENERGIA,300
2025-11-13,BUENOS AIRES,GENERAL MADARIAGA,500
2025-11-13,BUENOS AIRES,GENERAL VILLEGAS,2300
2025-11-13,BUENOS AIRES,GONZALES CHAVES,7000
2025-11-13,BUENOS AIRES,IRIARTE,300
2025-11-13,BUENOS AIRES,JUNIN,2000
2025-11-13,BUENOS AIRES,LINCOLN,5000
2025-11-13,BUENOS AIRES,OPEN DOOR,3000
2025-11-13,BUENOS AIRES,PEHUAJO,90
2025-11-13,BUENOS AIRES,PILAR,120
2025-11-13,BUENOS AIRES,ROJAS,2500
2025-11-13,BUENOS AIRES,SALLIQUELO,2180
2025-11-13,BUENOS AIRES,SALTO,106
2025-11-13,BUENOS AIRES,SAN NICOLAS,58
2025-11-13,BUENOS AIRES,SARASA,1000
2025-11-13,BUENOS AIRES,TRENQUE LAUQUEN,7385
2025-11-13,BUENOS AIRES,TRES ARROYOS,3500
2025-11-13,BUENOS AIRES,VEDIA,1000
2025-11-13,CÓRDOBA,ABBURRA,660
2025-11-13,CÓRDOBA,ACHIRAS (DPTO. RIO C,1400
2025-11-13,CÓRDOBA,ADELIA MARIA,8000
2025-11-13,CÓRDOBA,ALEJANDRO ROCA,60
2025-11-13,CÓRDOBA,ANTONIO CATALANO,900
2025-11-13,CÓRDOBA,ARIAS,300
2025-11-13,CÓRDOBA,BELL VILLE,396
2025-11-13,CÓRDOBA,BERROTARAN,900
2025-11-13,CÓRDOBA,CALCHIN,180
2025-11-13,CÓRDOBA,CAVANAGH,120
2025-11-13,CÓRDOBA,CHAÑARITOS,120
2025-11-13,CÓRDOBA,COLONIA ARROYO DE AL,120
2025-11-13,CÓRDOBA,CORONEL MOLDES,3800
2025-11-13,CÓRDOBA,DEVOTO,300
2025-11-13,CÓRDOBA,GENERAL CABRERA,60
2025-11-13,CÓRDOBA,GENERAL LEVALLE,2090
2025-11-13,CÓRDOBA,HERNANDO,1000
2025-11-13,CÓRDOBA,HUINCA RENANCO,2825
2025-11-13,CÓRDOBA,ITALO,100
2025-11-13,CÓRDOBA,JESUS MARIA,800
2025-11-13,CÓRDOBA,JUSTINIANO POSSE,330
2025-11-13,CÓRDOBA,LA CARLOTA,900
2025-11-13,CÓRDOBA,LABOULAYE,880
2025-11-13,CÓRDOBA,LAS ACEQUIAS,8000
2025-11-13,CÓRDOBA,MARCOS JUAREZ,60
2025-11-13,CÓRDOBA,MONTE CRISTO,2000
2025-11-13,CÓRDOBA,MONTE MAIZ,3000
2025-11-13,CÓRDOBA,NOETINGER,1000
2025-11-13,CÓRDOBA,OLIVA,300
2025-11-13,CÓRDOBA,PINCEN,300
2025-11-13,CÓRDOBA,REDUCCION,2000
2025-11-13,CÓRDOBA,RIO CUARTO,8810
2025-11-13,CÓRDOBA,RIO PRIMERO,800
2025-11-13,CÓRDOBA,SAN BASILIO,500
2025-11-13,CÓRDOBA,SERRANO,150
2025-11-13,CÓRDOBA,SINSACATE,1630
2025-11-13,CÓRDOBA,SUCO,300
2025-11-13,CÓRDOBA,UCACHA,300
2025-11-13,CÓRDOBA,VICUÑA MACKENNA,2620
2025-11-13,CÓRDOBA,VILLA DEL TOTORAL,100
2025-11-13,CÓRDOBA,VILLA VALERIA,300
2025-11-13,CÓRDOBA,WENCESLAO ESCALANTE,900
2025-11-13,ENTRE RÍOS,GUALEGUAYCHU,150
2025-11-13,ENTRE RÍOS,LA PAZ,100
2025-11-13,LA PAMPA,BERNARDO LARROUDE,1700
2025-11-13,LA PAMPA,CATRILO,14060
2025-11-13,LA PAMPA,COLONIA BARON,750
2025-11-13,LA PAMPA,EDUARDO CASTEX,200
2025-11-13,LA PAMPA,GENERAL PICO,9770
2025-11-13,LA PAMPA,INTENDENTE ALVEAR,2000
2025-11-13,LA PAMPA,QUEMU-QUEMU,1200
2025-11-13,SALTA,LAS LAJITAS,2500
2025-11-13,SAN LUIS,JUSTO DARACT,1350
2025-11-13,SANTA FE,BARRIO BELLA VISTA,15000
2025-11-13,SANTA FE,BERABEVU,500
2025-11-13,SANTA FE,CASILDA,150
2025-11-13,SANTA FE,CAÑADA DE GOMEZ,410
2025-11-13,SANTA FE,FIGHIERA,1000
2025-11-13,SANTA FE,LAS ROSAS,200
2025-11-13,SANTA FE,LUIS PALACIOS,3000
2025-11-13,SANTA FE,MONTES DE OCA,300
2025-11-13,SANTA FE,RAFAELA,4000
2025-11-13,SANTA FE,ROSARIO,2000
2025-11-13,SANTA FE,RUFINO,141
2025-11-13,SANTA FE,SAN JORGE,700
2025-11-13,SANTA FE,SAN JUSTO,140
2025-11-13,SANTA FE,SAN LORENZO,1560
2025-11-13,SANTA FE,SAN MARCELO,385
2025-11-13,SANTA FE,SAN MARCOS DE VENADO,11500
2025-11-13,SANTA FE,SAN VICENTE (DPTO. C,12500
2025-11-13,SANTA FE,SANTA FE,2500
2025-11-13,SANTA FE,SARGENTO CABRAL,92
2025-11-13,SANTA FE,SERODINO,1590
2025-11-13,SANTA FE,VENADO TUERTO,11340
2025-11-13,SANTIAGO DEL ESTERO,NUEVA ESPERANZA (DPT,200
2025-11-13,SANTIAGO DEL ESTERO,OTUMPA,1000
2025-11-13,SANTIAGO DEL ESTERO,QUIMILI,5000
2025-11-13,SANTIAGO DEL ESTERO,SACHAYOJ,2825
2025-11-14,BUENOS AIRES,AMERICA,560
2025-11-14,BUENOS AIRES,BAHIA BLANCA,3000
2025-11-14,BUENOS AIRES,BALCARCE,200
2025-11-14,BUENOS AIRES,BOLIVAR,500
2025-11-14,BUENOS AIRES,BRAGADO,1500
2025-11-14,BUENOS AIRES,CAÑADA SECA,1085
2025-11-14,BUENOS AIRES,CHACABUCO,60
2025-11-14,BUENOS AIRES,CORONEL DORREGO,300
2025-11-14,BUENOS AIRES,CORONEL PRINGLES,240
2025-11-14,BUENOS AIRES,CORONEL SUAREZ,1000
2025-11-14,BUENOS AIRES,DARREGUEIRA,500
2025-11-14,BUENOS AIRES,ESPARTILLAR (PDO. SAAVEDRA),1000
2025-11-14,BUENOS AIRES,GENERAL VILLEGAS,2120
2025-11-14,BUENOS AIRES,GONZALES CHAVES,2000
2025-11-14,BUENOS AIRES,HARAS EL 14,500
2025-11-14,BUENOS AIRES,IRIARTE,250
2025-11-14,BUENOS AIRES,JUNIN,1500
2025-11-14,BUENOS AIRES,LARTIGAU,300
2025-11-14,BUENOS AIRES,LOBERIA,90
2025-11-14,BUENOS AIRES,MICAELA CASCALLARES,500
2025-11-14,BUENOS AIRES,PEHUAJO,1390
2025-11-14,BUENOS AIRES,PERGAMINO,5000
2025-11-14,BUENOS AIRES,PILAR,270
2025-11-14,BUENOS AIRES,ROJAS,1000
2025-11-14,BUENOS AIRES,SARASA,500
2025-11-14,BUENOS AIRES,TANDIL,300
2025-11-14,BUENOS AIRES,TRENQUE LAUQUEN,1100
2025-11-14,BUENOS AIRES,TRES ARROYOS,1550
2025-11-14,CHACO,CAMPO LARGO,1000
2025-11-14,CHACO,CERRITO,450
2025-11-14,CHACO,COLONIA BAJO HONDO,7
2025-11-14,CHACO,LOS FRENTONES,175
2025-11-14,CHACO,TRES ISLETAS,1200
2025-11-14,CÓRDOBA,ADELIA MARIA,4700
2025-11-14,CÓRDOBA,ARIAS,210
2025-11-14,CÓRDOBA,BALLESTEROS,90
2025-11-14,CÓRDOBA,BALNEARIA,480
2025-11-14,CÓRDOBA,BELL VILLE,1800
2025-11-14,CÓRDOBA,BOUWER,1000
2025-11-14,CÓRDOBA,CAMPO SOL DE MAYO,120
2025-11-14,CÓRDOBA,CANALS,1240
2025-11-14,CÓRDOBA,CAVANAGH,21
2025-11-14,CÓRDOBA,CAÑADA DE LUQUE,600
2025-11-14,CÓRDOBA,CHARRAS,120
2025-11-14,CÓRDOBA,CHUCUL,210
2025-11-14,CÓRDOBA,COLONIA ALMADA,1090
2025-11-14,CÓRDOBA,COLONIA ARROYO DE AL,530
2025-11-14,CÓRDOBA,CORDOBA,1000
2025-11-14,CÓRDOBA,CORONEL BAIGORRIA,136
2025-11-14,CÓRDOBA,CORONEL MOLDES,1300
2025-11-14,CÓRDOBA,DIEGO DE ROJAS,1000
2025-11-14,CÓRDOBA,ESTACION COLONIA TIR,210
2025-11-14,CÓRDOBA,ETRURIA,450
2025-11-14,CÓRDOBA,GENERAL LEVALLE,520
2025-11-14,CÓRDOBA,HUINCA RENANCO,8590
2025-11-14,CÓRDOBA,INRIVILLE,1130
2025-11-14,CÓRDOBA,ITALO,200
2025-11-14,CÓRDOBA,JESUS MARIA,1000
2025-11-14,CÓRDOBA,JUAREZ CELMAN,500
2025-11-14,CÓRDOBA,LA PUERTA (DPTO. RIO,70
2025-11-14,CÓRDOBA,LA TORDILLA NORTE,500
2025-11-14,CÓRDOBA,LABOULAYE,1100
2025-11-14,CÓRDOBA,LAS ACEQUIAS,4000
2025-11-14,CÓRDOBA,MATORRALES,30
2025-11-14,CÓRDOBA,MONTE BUEY,2000
2025-11-14,CÓRDOBA,MONTE CRISTO,980
2025-11-14,CÓRDOBA,MONTE RALO,199
2025-11-14,CÓRDOBA,OLIVA,630
2025-11-14,CÓRDOBA,ONCATIVO,850
2025-11-14,CÓRDOBA,PIQUILLIN,60
2025-11-14,CÓRDOBA,PUEBLO ITALIANO,500
2025-11-14,CÓRDOBA,RIO CUARTO,8840
2025-11-14,CÓRDOBA,RIO PRIMERO,2420
2025-11-14,CÓRDOBA,RIO SEGUNDO,140
2025-11-14,CÓRDOBA,RIO TERCERO,200
2025-11-14,CÓRDOBA,SANTA ROSA DE RIO PR,700
2025-11-14,CÓRDOBA,SINSACATE,4500
2025-11-14,CÓRDOBA,VIAMONTE,120
2025-11-14,CÓRDOBA,VICUÑA MACKENNA,450
2025-11-14,CÓRDOBA,VILLA DEL TOTORAL,1500
2025-11-14,CÓRDOBA,VILLA FONTANA,220
2025-11-14,CÓRDOBA,VILLA HUIDOBRO,2000
2025-11-14,CÓRDOBA,VILLA MARIA (DPTO. G,1000
2025-11-14,CÓRDOBA,VILLA VALERIA,200
2025-11-14,CÓRDOBA,WENCESLAO ESCALANTE,200
2025-11-14,ENTRE RÍOS,VILLA DEL ROSARIO,300
2025-11-14,LA PAMPA,BERNARDO LARROUDE,850
2025-11-14,LA PAMPA,CATRILO,4320
2025-11-14,LA PAMPA,CORONEL HILARIO LAGO,300
2025-11-14,LA PAMPA,EDUARDO CASTEX,6300
2025-11-14,LA PAMPA,GENERAL PICO,930
2025-11-14,LA PAMPA,SANTA ROSA,300
2025-11-14,SALTA,GENERAL PIZARRO,200
2025-11-14,SALTA,LAS LAJITAS,1200
2025-11-14,SALTA,LUIS BURELA,2000
2025-11-14,SALTA,METAN,500
2025-11-14,SALTA,PIQUETE CABADO,1000
2025-11-14,SALTA,TALAVERA,2000
2025-11-14,SAN LUIS,MERCEDES,150
2025-11-14,SAN LUIS,PUNILLA,1500
2025-11-14,SAN LUIS,SAN LUIS,300
2025-11-14,SANTA FE,AMENABAR,345
2025-11-14,SANTA FE,ARMSTRONG,3000
2025-11-14,SANTA FE,ARROYO SECO,1300
2025-11-14,SANTA FE,AVELLANEDA,1000
2025-11-14,SANTA FE,BIGAND,10000
2025-11-14,SANTA FE,CHAPUY,2500
2025-11-14,SANTA FE,DIAZ,1000
2025-11-14,SANTA FE,MARIA JUANA,10000
2025-11-14,SANTA FE,ROSARIO,210
2025-11-14,SANTA FE,RUFINO,1000
2025-11-14,SANTA FE,SAN LORENZO,3530
2025-11-14,SANTA FE,VENADO TUERTO,1090
2025-11-14,SANTIAGO DEL ESTERO,BANDERA,821
2025-11-14,SANTIAGO DEL ESTERO,LA FRAGUA,300
2025-11-14,SANTIAGO DEL ESTERO,LOS JURIES,1237
2025-11-14,SANTIAGO DEL ESTERO,LOS PIRPINTOS,450
2025-11-14,SANTIAGO DEL ESTERO,OTUMPA,1500
2025-11-14,SANTIAGO DEL ESTERO,PAMPA DE LOS GUANACO,221
2025-11-14,SANTIAGO DEL ESTERO,QUIMILI,600
2025-11-14,SANTIAGO DEL ESTERO,SACHAYOJ,3000
2025-11-14,SANTIAGO DEL ESTERO,TINTINA,5000
2025-11-14,TUCUMÁN,GOBERNADOR GARMENDIA,500
2025-11-15,CÓRDOBA,CRUZ ALTA,1950
2025-11-15,CÓRDOBA,PILAR,1000
2025-11-17,BUENOS AIRES,ALBERTI,300
2025-11-17,BUENOS AIRES,AMERICA,725
2025-11-17,BUENOS AIRES,BALCARCE,420
2025-11-17,BUENOS AIRES,BRAGADO,2020
2025-11-17,BUENOS AIRES,GENERAL MADARIAGA,500
2025-11-17,BUENOS AIRES,GOBERNADOR CASTRO,1000
2025-11-17,BUENOS AIRES,LOBERIA,1600
2025-11-17,BUENOS AIRES,NECOCHEA,2340
2025-11-17,BUENOS AIRES,TANDIL,300
2025-11-17,BUENOS AIRES,VEDIA,149
2025-11-17,CÓRDOBA,CORRAL DE BUSTOS,27
2025-11-17,CÓRDOBA,GENERAL CABRERA,30
2025-11-17,CÓRDOBA,JUSTINIANO POSSE,330
2025-11-17,CÓRDOBA,LAGUNA LARGA,480
2025-11-17,CÓRDOBA,MARCOS JUAREZ,240
2025-11-17,CÓRDOBA,MONTE MAIZ,818
2025-11-17,CÓRDOBA,MONTE RALO,241
2025-11-17,CÓRDOBA,OLAETA,600
2025-11-17,CÓRDOBA,PUEBLO ITALIANO,200
2025-11-17,CÓRDOBA,RIO CUARTO,100
2025-11-17,CÓRDOBA,RIO TERCERO,1100
2025-11-17,CÓRDOBA,SAMPACHO,200
2025-11-17,CÓRDOBA,VICUÑA MACKENNA,1300
2025-11-17,CÓRDOBA,WENCESLAO ESCALANTE,352
2025-11-17,ENTRE RÍOS,CONCEPCION DEL URUGU,447
2025-11-17,ENTRE RÍOS,GUALEGUAY,90
2025-11-17,ENTRE RÍOS,GUALEGUAYCHU,76
2025-11-17,ENTRE RÍOS,SAN SALVADOR,307
2025-11-17,ENTRE RÍOS,VICTORIA,500
2025-11-17,LA PAMPA,CATRILO,56
2025-11-17,SANTA FE,AMENABAR,200
2025-11-17,SANTA FE,CHABAS,364
2025-11-17,SANTA FE,COLONIA CASTELAR,300
2025-11-17,SANTA FE,EL TREBOL,106
2025-11-17,SANTA FE,IRIGOYEN,210
2025-11-17,SANTA FE,ROSARIO,400
2025-11-17,SANTA FE,SAN LORENZO,1644
2025-11-17,SANTA FE,SANTA FE,1390
2025-11-17,SANTA FE,VENADO TUERTO,1300
2025-11-17,SANTA FE,VILLA MINETTI,835
2025-11-17,SANTIAGO DEL ESTERO,PAMPA DE LOS GUANACO,210
2025-11-17,SANTIAGO DEL ESTERO,ROVERSI,835
2025-11-18,BUENOS AIRES,ARRECIFES,300
2025-11-18,BUENOS AIRES,BALCARCE,300
2025-11-18,BUENOS AIRES,BARRIO OESTE,500
2025-11-18,BUENOS AIRES,BENITO JUAREZ,120
2025-11-18,BUENOS AIRES,BRAGADO,2000
2025-11-18,BUENOS AIRES,NECOCHEA,1500
2025-11-18,BUENOS AIRES,PILAR,1000
2025-11-18,BUENOS AIRES,TANDIL,150
2025-11-18,BUENOS AIRES,TRENQUE LAUQUEN,150
2025-11-18,BUENOS AIRES,TRES ARROYOS,120
2025-11-18,BUENOS AIRES,VEDIA,3
2025-11-18,CHACO,TRES ISLETAS,4
2025-11-18,CÓRDOBA,COLONIA ALMADA,43
2025-11-18,CÓRDOBA,GENERAL CABRERA,27
2025-11-18,CÓRDOBA,GUATIMOZIN,350
2025-11-18,CÓRDOBA,HERNANDO,200
2025-11-18,CÓRDOBA,JESUS MARIA,333
2025-11-18,CÓRDOBA,LAS VARILLAS,300
2025-11-18,CÓRDOBA,MONTE CRISTO,60
2025-11-18,ENTRE RÍOS,GUALEGUAY,120
2025-11-18,ENTRE RÍOS,LA PAZ,500
2025-11-18,ENTRE RÍOS,LUCAS GONZALEZ,120
2025-11-18,ENTRE RÍOS,URDINARRAIN,1574
2025-11-18,SALTA,ANTA,200
2025-11-18,SALTA,LAS LAJITAS,800
2025-11-18,SAN LUIS,PUNILLA,350
2025-11-18,SANTA FE,BOUQUET,700
2025-11-18,SANTA FE,COLONIA LA YERBA,60
2025-11-18,SANTA FE,PILAR,420
2025-11-18,SANTA FE,RUFINO,90
2025-11-18,SANTA FE,SAN GENARO,1000
2025-11-18,SANTA FE,SAN JERONIMO SUD,300
2025-11-18,SANTA FE,SAN LORENZO,100
2025-11-18,SANTA FE,SAN MARCOS DE VENADO,1000
2025-11-18,SANTA FE,SANTA FE,1000
2025-11-18,SANTA FE,SERODINO,500
2025-11-18,SANTA FE,VENADO TUERTO,1000
2025-11-18,TUCUMÁN,BURRUYACU,207
2025-11-19,BUENOS AIRES,9 DE JULIO,180
2025-11-19,BUENOS AIRES,ARRECIFES,700
2025-11-19,BUENOS AIRES,BARRIO ESTACION QUEQ,500
2025-11-19,BUENOS AIRES,CARMEN DE ARECO,1623
2025-11-19,BUENOS AIRES,GENERAL ALVARADO,500
2025-11-19,BUENOS AIRES,LOBERIA,500
2025-11-19,BUENOS AIRES,VEDIA,276
2025-11-19,CÓRDOBA,CANALS,120
2025-11-19,CÓRDOBA,HERNANDO,140
2025-11-19,CÓRDOBA,JUSTINIANO POSSE,120
2025-11-19,CÓRDOBA,MARCOS JUAREZ,300
2025-11-19,CÓRDOBA,MATTALDI,150
2025-11-19,CÓRDOBA,MONTE BUEY,180
2025-11-19,CÓRDOBA,ONCATIVO,120
2025-11-19,CÓRDOBA,RIO CUARTO,4756
2025-11-19,CÓRDOBA,VICUÑA MACKENNA,1680
2025-11-19,ENTRE RÍOS,AVENIDA EJERCITO PAR,2117
2025-11-19,ENTRE RÍOS,LA PAZ,3200
2025-11-19,ENTRE RÍOS,VILLAGUAY,95
2025-11-19,SALTA,GENERAL PIZARRO,300
2025-11-19,SALTA,LAS LAJITAS,300
2025-11-19,SAN LUIS,JUSTO DARACT,430
2025-11-19,SANTA FE,RUFINO,887
2025-11-19,SANTA FE,SAN GENARO,100
2025-11-19,SANTIAGO DEL ESTERO,SACHAYOJ,1500
2025-11-20,BUENOS AIRES,ARRIBEÑOS,95
2025-11-20,BUENOS AIRES,BRAGADO,1020
2025-11-20,BUENOS AIRES,LOBERIA,500
2025-11-20,BUENOS AIRES,PERGAMINO,60
2025-11-20,BUENOS AIRES,TANDIL,300
2025-11-20,BUENOS AIRES,TRES ARROYOS,800
2025-11-20,CÓRDOBA,ACHIRAS (DPTO. RIO C,264
2025-11-20,CÓRDOBA,ALEJO LEDESMA,200
2025-11-20,CÓRDOBA,BELL VILLE,200
2025-11-20,CÓRDOBA,CANALS,100
2025-11-20,CÓRDOBA,CORRAL DE BUSTOS,51
2025-11-20,CÓRDOBA,DALMACIO VELEZ SARSF,50
2025-11-20,CÓRDOBA,ITALO,840
2025-11-20,CÓRDOBA,LA CARLOTA,684
2025-11-20,CÓRDOBA,MONTE BUEY,2000
2025-11-20,CÓRDOBA,RIO PRIMERO,10
2025-11-20,ENTRE RÍOS,GUALEGUAY,457
2025-11-20,ENTRE RÍOS,GUALEGUAYCHU,433
2025-11-20,ENTRE RÍOS,URDINARRAIN,1647
2025-11-20,ENTRE RÍOS,VILLA FONTANA,3000
2025-11-20,LA PAMPA,CATRILO,1000
2025-11-20,LA PAMPA,GENERAL PICO,356
2025-11-20,LA PAMPA,TRENEL,133
2025-11-20,SANTA FE,CHABAS,145
2025-11-20,SANTA FE,RAFAELA,300
2025-11-20,SANTA FE,SERODINO,60
2025-11-20,SANTA FE,VENADO TUERTO,658
2025-11-20,SANTIAGO DEL ESTERO,LOS JURIES,118
2025-11-20,SANTIAGO DEL ESTERO,QUIMILI,300
2025-11-21,CÓRDOBA,WENCESLAO ESCALANTE,400
2025-11-21,ENTRE RÍOS,LA PAZ,500
2025-11-23,ENTRE RÍOS,VILLAGUAY,138
2025-11-25,BUENOS AIRES,BARRIO FLORENCIO VAR,120
2025-11-25,BUENOS AIRES,BOLIVAR,25
2025-11-25,BUENOS AIRES,CARLOS CASARES,95
2025-11-25,BUENOS AIRES,CASBAS,200
2025-11-25,BUENOS AIRES,LOBERIA,30
2025-11-25,BUENOS AIRES,PELLEGRINI,210
2025-11-25,BUENOS AIRES,PERGAMINO,650
2025-11-25,BUENOS AIRES,ROJAS,60
2025-11-25,BUENOS AIRES,SALTO,113
2025-11-25,BUENOS AIRES,SANTA REGINA,159
2025-11-25,BUENOS AIRES,TRES ARROYOS,330
2025-11-25,BUENOS AIRES,VILLA SABOYA,32
2025-11-25,CHACO,PAMPA DEL INFIERNO,30
2025-11-25,CÓRDOBA,ALMAFUERTE,1250
2025-11-25,CÓRDOBA,BARRIO EL LIBERTADOR,500
2025-11-25,CÓRDOBA,COLONIA ALMADA,231
2025-11-25,CÓRDOBA,GENERAL BALDISSERA,129
2025-11-25,CÓRDOBA,HERNANDO,210
2025-11-25,CÓRDOBA,LOS COMETIERRA,1300
2025-11-25,CÓRDOBA,MARCOS JUAREZ,75
2025-11-25,CÓRDOBA,RIO CUARTO,840
2025-11-25,CÓRDOBA,VILLA DEL TOTORAL,4
2025-11-25,ENTRE RÍOS,AVENIDA EJERCITO PAR,1000
2025-11-25,ENTRE RÍOS,ESTACAS,120
2025-11-25,ENTRE RÍOS,URDINARRAIN,846
2025-11-25,ENTRE RÍOS,VILLAGUAY,1193
2025-11-25,SAN LUIS,JUSTO DARACT,300
2025-11-25,SANTA FE,COLONIA LA YERBA,800
2025-11-25,SANTA FE,MACIEL,290
2025-11-25,SANTA FE,MARIA SUSANA,540
2025-11-25,SANTA FE,ROSARIO,300
2025-11-25,SANTA FE,RUFINO,290
2025-11-25,SANTA FE,SAN LORENZO,719
2025-11-25,SANTA FE,SAN MARCOS DE VENADO,1500
2025-11-25,SANTA FE,SANTA ANA,6
2025-11-25,SANTA FE,VENADO TUERTO,2000
2025-11-25,SANTIAGO DEL ESTERO,BANDERA,1142
2025-11-25,SANTIAGO DEL ESTERO,QUIMILI,300
2025-11-25,SANTIAGO DEL ESTERO,SACHAYOJ,926
2025-11-25,TUCUMÁN,GOBERNADOR GARMENDIA,1500
2025-11-26,BUENOS AIRES,ARRIBEÑOS,110
2025-11-26,BUENOS AIRES,BALCARCE,3000
2025-11-26,BUENOS AIRES,BRAGADO,500
2025-11-26,BUENOS AIRES,LUJAN,120
2025-11-26,BUENOS AIRES,PEHUAJO,1000
2025-11-26,BUENOS AIRES,PILAR,96
2025-11-26,BUENOS AIRES,VEDIA,1310
2025-11-26,CÓRDOBA,GENERAL CABRERA,35
2025-11-26,CÓRDOBA,GENERAL LEVALLE,150
2025-11-26,CÓRDOBA,JESUS MARIA,241
2025-11-26,CÓRDOBA,JUSTINIANO POSSE,90
2025-11-26,CÓRDOBA,LA CARLOTA,82
2025-11-26,CÓRDOBA,MARIA,1000
2025-11-26,CÓRDOBA,MONTE BUEY,180
2025-11-26,CÓRDOBA,ONCATIVO,584
2025-11-26,CÓRDOBA,RIO CUARTO,1022
2025-11-26,CÓRDOBA,RIO TERCERO,216
2025-11-26,CÓRDOBA,VICUÑA MACKENNA,90
2025-11-26,CÓRDOBA,VILLA HUIDOBRO,1100
2025-11-26,ENTRE RÍOS,ALDEA SALTO,150
2025-11-26,ENTRE RÍOS,ALDEA SAN ANTONIO,420
2025-11-26,ENTRE RÍOS,ALDEA VALLE MARIA,150
2025-11-26,ENTRE RÍOS,GUALEGUAY,210
2025-11-26,ENTRE RÍOS,LA PAZ,230
2025-11-26,ENTRE RÍOS,URDINARRAIN,954
2025-11-26,ENTRE RÍOS,VICTORIA,500
2025-11-26,ENTRE RÍOS,VILLAGUAY,330
2025-11-26,LA PAMPA,GENERAL PICO,200
2025-11-26,SALTA,JOAQUIN V. GONZALEZ,191
2025-11-26,SALTA,LAS LAJITAS,173
2025-11-26,SAN LUIS,JUSTO DARACT,400
2025-11-26,SANTA FE,ARMSTRONG,550
2025-11-26,SANTA FE,AROCENA,408
2025-11-26,SANTA FE,CARRERAS,90
2025-11-26,SANTA FE,CAÑADA ROSQUIN,940
2025-11-26,SANTA FE,ESPERANZA,200
2025-11-26,SANTA FE,LAS ROSAS,5030
2025-11-26,SANTA FE,MALABRIGO,105
2025-11-26,SANTA FE,MARIA SUSANA,540
2025-11-26,SANTA FE,RUFINO,440
2025-11-26,SANTA FE,TOTORAS,500
2025-11-26,SANTA FE,VENADO TUERTO,72
2025-11-26,SANTIAGO DEL ESTERO,AVERIAS,38
2025-11-26,SANTIAGO DEL ESTERO,CUATRO BOCAS,26
2025-11-26,SANTIAGO DEL ESTERO,LOS JURIES,1642
2025-11-27,BUENOS AIRES,ARRIBEÑOS,120
2025-11-27,BUENOS AIRES,LINCOLN,600
2025-11-27,BUENOS AIRES,LOS TOLDOS,1000
2025-11-27,BUENOS AIRES,PERGAMINO,60
2025-11-27,CHACO,CHARATA,2000
2025-11-27,CHACO,PAMPA DEL INFIERNO,67
2025-11-27,CHACO,ZAPARINQUI,100
2025-11-27,CÓRDOBA,CAMILO ALDAO,150
2025-11-27,CÓRDOBA,CANALS,232
2025-11-27,CÓRDOBA,HUINCA RENANCO,300
2025-11-27,CÓRDOBA,JESUS MARIA,575
2025-11-27,CÓRDOBA,MARCOS JUAREZ,300
2025-11-27,ENTRE RÍOS,GENERAL RAMIREZ,5000
2025-11-27,ENTRE RÍOS,VICTORIA,500
2025-11-27,ENTRE RÍOS,VILLA DEL ROSARIO,100
2025-11-27,LA PAMPA,CALEUFU,114
2025-11-27,LA PAMPA,GENERAL PICO,612
2025-11-27,LA PAMPA,QUEMU-QUEMU,47
2025-11-27,SANTA FE,CAÑADA DEL UCLE,60
2025-11-27,SANTA FE,CAÑADA ROSQUIN,150
2025-11-27,SANTA FE,CHAPUY,200
2025-11-27,SANTA FE,ESMERALDA,19
2025-11-27,SANTA FE,GALVEZ,300
2025-11-27,SANTA FE,MURPHY,90
2025-11-27,SANTA FE,ROSARIO,4000
2025-11-27,SANTA FE,RUFINO,3500
2025-11-27,SANTA FE,SAN GENARO,300
2025-11-27,SANTA FE,SAN LORENZO,226
2025-11-27,SANTA FE,SANCTI SPIRITU,90
2025-11-27,SANTA FE,TEODELINA,150
2025-11-27,SANTA FE,VENADO TUERTO,1230
2025-11-27,SANTIAGO DEL ESTERO,SANTIAGO DEL ESTERO,500
2025-11-27,TUCUMÁN,LA COCHA,200
2025-11-27,TUCUMÁN,LAS CEJAS (LA COCHA-,1200
2025-11-28,BUENOS AIRES,ALBERTI,360
2025-11-28,BUENOS AIRES,BAHIA BLANCA,700
2025-11-28,BUENOS AIRES,BALCARCE,210
2025-11-28,BUENOS AIRES,CLAUDIO C. MOLINA,350
2025-11-28,BUENOS AIRES,COLON,90
2025-11-28,BUENOS AIRES,GENERAL VILLEGAS,250
2025-11-28,BUENOS AIRES,GONZALES CHAVES,1500
2025-11-28,BUENOS AIRES,IRIARTE,600
2025-11-28,BUENOS AIRES,LOBERIA,600
2025-11-28,BUENOS AIRES,NECOCHEA,1060
2025-11-28,BUENOS AIRES,PERGAMINO,200
2025-11-28,BUENOS AIRES,TRENQUE LAUQUEN,600
2025-11-28,BUENOS AIRES,TRES ARROYOS,1000
2025-11-28,BUENOS AIRES,VEDIA,116
2025-11-28,CÓRDOBA,ADELIA MARIA,1110
2025-11-28,CÓRDOBA,CANALS,100
2025-11-28,CÓRDOBA,CANTERAS LOS MORALES,300
2025-11-28,CÓRDOBA,CRUZ ALTA,1000
2025-11-28,CÓRDOBA,GENERAL LEVALLE,723
2025-11-28,CÓRDOBA,MONTE MAIZ,1024
2025-11-28,CÓRDOBA,RIO CUARTO,50
2025-11-28,CÓRDOBA,RIO PRIMERO,1000
2025-11-28,CÓRDOBA,VICUÑA MACKENNA,1000
2025-11-28,ENTRE RÍOS,CONCEPCION DEL URUGU,300
2025-11-28,ENTRE RÍOS,GENERAL RAMIREZ,5000
2025-11-28,ENTRE RÍOS,LA PAZ,2200
2025-11-28,ENTRE RÍOS,LUCAS GONZALEZ,120
2025-11-28,ENTRE RÍOS,NOGOYA,150
2025-11-28,ENTRE RÍOS,VICTORIA,600
2025-11-28,ENTRE RÍOS,VILLAGUAY,242
2025-11-28,SANTA FE,IRIGOYEN,60
2025-11-28,SANTA FE,RUFINO,120
2025-11-28,SANTA FE,SAN GENARO,200
2025-11-28,SANTA FE,VENADO TUERTO,1000
2025-11-28,SANTIAGO DEL ESTERO,BANDERA,2000
2025-11-28,SANTIAGO DEL ESTERO,QUIMILI,500
2025-11-29,CÓRDOBA,OLIVA,200
2025-12-01,BUENOS AIRES,ARRIBEÑOS,38
2025-12-01,BUENOS AIRES,CARLOS CASARES,300
2025-12-01,BUENOS AIRES,CORONEL SUAREZ,1200
2025-12-01,BUENOS AIRES,JUNIN,300
2025-12-01,BUENOS AIRES,PIEDRITAS,167
2025-12-01,BUENOS AIRES,ROJAS,90
2025-12-01,BUENOS AIRES,VEDIA,10
2025-12-01,CÓRDOBA,BERROTARAN,600
2025-12-01,CÓRDOBA,ESTACION CALCHIN,35
2025-12-01,CÓRDOBA,GENERAL CABRERA,245
2025-12-01,CÓRDOBA,HERNANDO,318
2025-12-01,CÓRDOBA,LABOULAYE,60
2025-12-01,CÓRDOBA,LAS PERDICES,300
2025-12-01,CÓRDOBA,ONCATIVO,848
2025-12-01,CÓRDOBA,RIO TERCERO,105
2025-12-01,CÓRDOBA,SARMIENTO,3000
2025-12-01,CÓRDOBA,VILLA MARIA (DPTO. G,1000
2025-12-01,CÓRDOBA,VILLA VALERIA,530
2025-12-01,CÓRDOBA,WENCESLAO ESCALANTE,120
2025-12-01,ENTRE RÍOS,ALCARAZ 1RO.,500
2025-12-01,ENTRE RÍOS,GUALEGUAY,2000
2025-12-01,ENTRE RÍOS,LA PAZ,100
2025-12-01,ENTRE RÍOS,LUCAS GONZALEZ,60
2025-12-01,ENTRE RÍOS,SANTA ELENA (DPTO. L,300
2025-12-01,ENTRE RÍOS,TABOSSI,546
2025-12-01,ENTRE RÍOS,VILLAGUAY,121
2025-12-01,LA PAMPA,BERNARDO LARROUDE,4000
2025-12-01,LA PAMPA,GENERAL PICO,121
2025-12-01,SALTA,ANTA,60
2025-12-01,SANTA FE,ALCORTA DTO CONSTITU,178
2025-12-01,SANTA FE,CAMPO EL ARAZA,222
2025-12-01,SANTA FE,CULULU,30
2025-12-01,SANTA FE,FRANCK,210
2025-12-01,SANTA FE,LOS QUIRQUINCHOS,2500
2025-12-01,SANTA FE,MARGARITA,100
2025-12-01,SANTA FE,MARIA SUSANA,60
2025-12-01,SANTA FE,PAZ,39
2025-12-01,SANTA FE,ROLDAN,6000
2025-12-01,SANTA FE,ROSARIO,2000
2025-12-01,SANTA FE,RUFINO,73
2025-12-01,SANTA FE,SAN JUSTO,100
2025-12-01,SANTA FE,VENADO TUERTO,37098
2025-12-01,SANTIAGO DEL ESTERO,QUIMILI,800
2025-12-02,BUENOS AIRES,9 DE JULIO,1000
2025-12-02,BUENOS AIRES,ALBERTI,100
2025-12-02,BUENOS AIRES,AMERICA,700
2025-12-02,BUENOS AIRES,BAHIA BLANCA,4900
2025-12-02,BUENOS AIRES,BARRIO ESTACION QUEQ,500
2025-12-02,BUENOS AIRES,BELLOCQ,1000
2025-12-02,BUENOS AIRES,BRAGADO,2550
2025-12-02,BUENOS AIRES,CARABELAS,90
2025-12-02,BUENOS AIRES,CARHUE,150
2025-12-02,BUENOS AIRES,CARLOS CASARES,2000
2025-12-02,BUENOS AIRES,CARLOS TEJEDOR,1400
2025-12-02,BUENOS AIRES,CASBAS,1660
2025-12-02,BUENOS AIRES,GENERAL PINTO,300
2025-12-02,BUENOS AIRES,GENERAL VILLEGAS,6000
2025-12-02,BUENOS AIRES,IRALA,200
2025-12-02,BUENOS AIRES,LOS TOLDOS,35
2025-12-02,BUENOS AIRES,MICAELA CASCALLARES,300
2025-12-02,BUENOS AIRES,MORSE,200
2025-12-02,BUENOS AIRES,PEHUAJO,1221
2025-12-02,BUENOS AIRES,PERGAMINO,220
2025-12-02,BUENOS AIRES,PIEDRITAS,1000
2025-12-02,BUENOS AIRES,RIVERA,274
2025-12-02,BUENOS AIRES,ROJAS,1544
2025-12-02,BUENOS AIRES,SALLIQUELO,1000
2025-12-02,BUENOS AIRES,SALTO,2300
2025-12-02,BUENOS AIRES,SAN ANDRES DE GILES,500
2025-12-02,BUENOS AIRES,SAN ANTONIO DE ARECO,90
2025-12-02,BUENOS AIRES,SANTA REGINA,21
2025-12-02,BUENOS AIRES,TRENQUE LAUQUEN,3030
2025-12-02,BUENOS AIRES,TRES ARROYOS,750
2025-12-02,BUENOS AIRES,VEDIA,1197
2025-12-02,CHACO,CERRITO,1000
2025-12-02,CHACO,PAMPA DEL INFIERNO,1000
2025-12-02,CÓRDOBA,ADELIA MARIA,4900
2025-12-02,CÓRDOBA,ALCIRA,180
2025-12-02,CÓRDOBA,ALEJANDRO ROCA,365
2025-12-02,CÓRDOBA,ALTO ALBERDI,900
2025-12-02,CÓRDOBA,BERROTARAN,300
2025-12-02,CÓRDOBA,CANALS,30
2025-12-02,CÓRDOBA,CAVANAGH,297
2025-12-02,CÓRDOBA,CHALACEA,500
2025-12-02,CÓRDOBA,CHARRAS,1500
2025-12-02,CÓRDOBA,COLONIA ARROYO DE AL,600
2025-12-02,CÓRDOBA,COLONIA SAN BARTOLOM,60
2025-12-02,CÓRDOBA,CORDOBA,330
2025-12-02,CÓRDOBA,CORONEL MOLDES,2060
2025-12-02,CÓRDOBA,HERNANDO,1700
2025-12-02,CÓRDOBA,HUANCHILLA,200
2025-12-02,CÓRDOBA,HUINCA RENANCO,4160
2025-12-02,CÓRDOBA,INRIVILLE,300
2025-12-02,CÓRDOBA,ITALO,200
2025-12-02,CÓRDOBA,JESUS MARIA,1407
2025-12-02,CÓRDOBA,JUSTINIANO POSSE,1500
2025-12-02,CÓRDOBA,LA CARLOTA,390
2025-12-02,CÓRDOBA,LABOULAYE,1530
2025-12-02,CÓRDOBA,LOS CISNES,2760
2025-12-02,CÓRDOBA,MARCOS JUAREZ,458
2025-12-02,CÓRDOBA,MARULL,210
2025-12-02,CÓRDOBA,MONTE BUEY,79
2025-12-02,CÓRDOBA,NOETINGER,1000
2025-12-02,CÓRDOBA,POZO DEL MOLLE (DPTO,145
2025-12-02,CÓRDOBA,RIO CUARTO,17665
2025-12-02,CÓRDOBA,RIO PRIMERO,500
2025-12-02,CÓRDOBA,SAMPACHO,2400
2025-12-02,CÓRDOBA,SAN FRANCISCO (DPTO.,2265
2025-12-02,CÓRDOBA,SINSACATE,800
2025-12-02,CÓRDOBA,VICUÑA MACKENNA,3880
2025-12-02,CÓRDOBA,VILLA DE MARIA,850
2025-12-02,CÓRDOBA,VILLA DEL TOTORAL,2000
2025-12-02,CÓRDOBA,VILLA MARIA (DPTO. G,1000
2025-12-02,ENTRE RÍOS,ALDEA MARIA LUISA,1000
2025-12-02,ENTRE RÍOS,ALDEA SANTA MARIA,300
2025-12-02,ENTRE RÍOS,ALGARROBITOS 1RO,71
2025-12-02,ENTRE RÍOS,COLONIA SANTA ELENA,100
2025-12-02,ENTRE RÍOS,COLONIA SANTA LUISA,85
2025-12-02,ENTRE RÍOS,GENERAL RAMIREZ,2000
2025-12-02,ENTRE RÍOS,LA PAZ,500
2025-12-02,ENTRE RÍOS,NOGOYA,1500
2025-12-02,ENTRE RÍOS,PAJONAL,3000
2025-12-02,ENTRE RÍOS,RINCON DE NOGOYA,2000
2025-12-02,ENTRE RÍOS,TALITAS-GUALEGUAYCHU,1600
2025-12-02,ENTRE RÍOS,VIALE,45
2025-12-02,ENTRE RÍOS,VICTORIA,530
2025-12-02,LA PAMPA,BERNARDO LARROUDE,5150
2025-12-02,LA PAMPA,CATRILO,2500
2025-12-02,LA PAMPA,FALUCHO,200
2025-12-02,LA PAMPA,GENERAL PICO,8700
2025-12-02,LA PAMPA,INTENDENTE ALVEAR,300
2025-12-02,LA PAMPA,MARIANO MIRO,300
2025-12-02,LA PAMPA,MIGUEL RIGLOS,2000
2025-12-02,LA PAMPA,PARERA,150
2025-12-02,LA PAMPA,QUEMU-QUEMU,500
2025-12-02,LA PAMPA,SARAH,700
2025-12-02,LA PAMPA,TRENEL,700
2025-12-02,SALTA,GENERAL PIZARRO,2500
2025-12-02,SAN LUIS,CONCARAN,500
2025-12-02,SAN LUIS,JUSTO DARACT,2360
2025-12-02,SAN LUIS,SAN LUIS,300
2025-12-02,SANTA FE,ARMSTRONG,120
2025-12-02,SANTA FE,BIGAND,10000
2025-12-02,SANTA FE,CAÑADA DE GOMEZ,37500
2025-12-02,SANTA FE,CHAPUY,5400
2025-12-02,SANTA FE,GOBERNADOR CRESPO,1500
2025-12-02,SANTA FE,IRIGOYEN,240
2025-12-02,SANTA FE,ITURRASPE,600
2025-12-02,SANTA FE,LAS ROSAS,6500
2025-12-02,SANTA FE,LAZZARINO,360
2025-12-02,SANTA FE,LUIS PALACIOS,7500
2025-12-02,SANTA FE,MARGARITA,300
2025-12-02,SANTA FE,MARIA JUANA,15000
2025-12-02,SANTA FE,MARIA SUSANA,300
2025-12-02,SANTA FE,PUEBLO RAMONA,575
2025-12-02,SANTA FE,RAFAELA,2000
2025-12-02,SANTA FE,RUFINO,228
2025-12-02,SANTA FE,SAN JORGE,600
2025-12-02,SANTA FE,SANTA CLARA DE SAGUI,300
2025-12-02,SANTA FE,SANTA FE,2145
2025-12-02,SANTA FE,TOSTADO,1000
2025-12-02,SANTA FE,VENADO TUERTO,12140
2025-12-02,SANTA FE,VIDELA,300
2025-12-02,SANTA FE,VILLA CAÑAS,280
2025-12-02,SANTA FE,VILLA MINETTI,969
2025-12-02,SANTA FE,VILLA TRINIDAD,300
2025-12-02,SANTIAGO DEL ESTERO,ISCA YACU,500
2025-12-02,SANTIAGO DEL ESTERO,LOMA DEL MEDIO,177
2025-12-02,SANTIAGO DEL ESTERO,QUIMILI,600
2025-12-02,SANTIAGO DEL ESTERO,ROVERSI,996
2025-12-02,SANTIAGO DEL ESTERO,TINTINA,2000
2025-12-02,TUCUMÁN,SAN MIGUEL DE TUCUMA,1000
2025-12-03,BUENOS AIRES,ALBERTI,450
2025-12-03,BUENOS AIRES,ARRIBEÑOS,143
2025-12-03,BUENOS AIRES,BALNEARIO CLAROMECO,300
2025-12-03,BUENOS AIRES,BRAGADO,530
2025-12-03,BUENOS AIRES,CARLOS CASARES,1500
2025-12-03,BUENOS AIRES,GENERAL VILLEGAS,500
2025-12-03,BUENOS AIRES,LINCOLN,1000
2025-12-03,BUENOS AIRES,TRENQUE LAUQUEN,100
2025-12-03,BUENOS AIRES,VEDIA,300
2025-12-03,BUENOS AIRES,ZARATE,150
2025-12-03,CÓRDOBA,CANALS,200
2025-12-03,CÓRDOBA,CAVANAGH,400
2025-12-03,CÓRDOBA,COLONIA ALMADA,133
2025-12-03,CÓRDOBA,COLONIA CALCHAQUI,90
2025-12-03,CÓRDOBA,CRUZ ALTA,1000
2025-12-03,CÓRDOBA,HUINCA RENANCO,11
2025-12-03,CÓRDOBA,LABOULAYE,500
2025-12-03,CÓRDOBA,OBISPO TREJO,2200
2025-12-03,CÓRDOBA,RIO CUARTO,3920
2025-12-03,CÓRDOBA,SANTA ROSA DE RIO PR,477
2025-12-03,ENTRE RÍOS,NOGOYA,150
2025-12-03,ENTRE RÍOS,VILLAGUAY,35
2025-12-03,LA PAMPA,GENERAL PICO,85
2025-12-03,LA PAMPA,WINIFREDA,117
2025-12-03,SALTA,RIO DEL VALLE,1000
2025-12-03,SANTA FE,AMENABAR,200
2025-12-03,SANTA FE,ARMSTRONG,90
2025-12-03,SANTA FE,BOUQUET,90
2025-12-03,SANTA FE,CAÑADA DE GOMEZ,12500
2025-12-03,SANTA FE,GOBERNADOR CRESPO,500
2025-12-03,SANTA FE,LAS ROSAS,5000
2025-12-03,SANTA FE,MURPHY,120
2025-12-03,SANTA FE,RAFAELA,120
2025-12-03,SANTA FE,SAN JORGE,60
2025-12-03,SANTA FE,SANTA FE,6
2025-12-03,SANTA FE,VENADO TUERTO,2500
2025-12-03,SANTA FE,VILLA CAÑAS,100
2025-12-03,SANTIAGO DEL ESTERO,BANDERA,96
2025-12-03,SANTIAGO DEL ESTERO,ISCA YACU,1000
2025-12-04,BUENOS AIRES,ALBERTI,1020
2025-12-04,BUENOS AIRES,ARRECIFES,120
2025-12-04,BUENOS AIRES,ARRIBEÑOS,48
2025-12-04,BUENOS AIRES,CARLOS CASARES,300
2025-12-04,BUENOS AIRES,CHIVILCOY,420
2025-12-04,BUENOS AIRES,LAS FLORES,2000
2025-12-04,BUENOS AIRES,NECOCHEA,210
2025-12-04,BUENOS AIRES,SAN ANDRES DE GILES,5000
2025-12-04,BUENOS AIRES,VEDIA,82
2025-12-04,CHACO,AVIA TERAI,500
2025-12-04,CHACO,LOS FRENTONES,1000
2025-12-04,CÓRDOBA,ALCIRA,120
2025-12-04,CÓRDOBA,AMALIA,300
2025-12-04,CÓRDOBA,BELL VILLE,300
2025-12-04,CÓRDOBA,CANALS,600
2025-12-04,CÓRDOBA,CORRAL DE GUARDA,480
2025-12-04,CÓRDOBA,JUSTINIANO POSSE,360
2025-12-04,CÓRDOBA,LA CARLOTA,29
2025-12-04,CÓRDOBA,MARCOS JUAREZ,500
2025-12-04,CÓRDOBA,ORDOÑEZ,90
2025-12-04,CÓRDOBA,VIAMONTE,0
2025-12-04,CÓRDOBA,VICUÑA MACKENNA,400
2025-12-04,CÓRDOBA,VILLA DEL ROSARIO,100
2025-12-04,CÓRDOBA,VILLA MARIA (DPTO. G,1000
2025-12-04,CÓRDOBA,WENCESLAO ESCALANTE,4000
2025-12-04,ENTRE RÍOS,ALDEA PROTESTANTE,150
2025-12-04,ENTRE RÍOS,GENERAL RAMIREZ,500
2025-12-04,ENTRE RÍOS,LA PAZ,200
2025-12-04,ENTRE RÍOS,LARROQUE,1140
2025-12-04,ENTRE RÍOS,MARIA GRANDE,60
2025-12-04,ENTRE RÍOS,SAN BENITO,98
2025-12-04,ENTRE RÍOS,SOLA,146
2025-12-04,ENTRE RÍOS,VIALE,200
2025-12-04,LA PAMPA,BERNARDO LARROUDE,58
2025-12-04,SALTA,AGUAS CALIENTES,193
2025-12-04,SAN LUIS,JUSTO DARACT,1000
2025-12-04,SANTA FE,ARMSTRONG,3498
2025-12-04,SANTA FE,BUSTINZA,500
2025-12-04,SANTA FE,CAMPO CLUCELLAS,200
2025-12-04,SANTA FE,CAÑADA DE GOMEZ,4000
2025-12-04,SANTA FE,DIAZ,60
2025-12-04,SANTA FE,IRIGOYEN,1500
2025-12-04,SANTA FE,LANTERI,60
2025-12-04,SANTA FE,LUCIO V. LOPEZ,120
2025-12-04,SANTA FE,MONTES DE OCA,300
2025-12-04,SANTA FE,MURPHY,335
2025-12-04,SANTA FE,PUEBLO RAMONA,254
2025-12-04,SANTA FE,PUERTO SAN LORENZO,1000
2025-12-04,SANTA FE,ROSARIO,5200
2025-12-04,SANTA FE,SAN JORGE,100
2025-12-04,SANTA FE,SAN JUSTO,390
2025-12-04,SANTA FE,SAN LORENZO,60
2025-12-04,SANTA FE,SANTA FE,2150
2025-12-04,SANTA FE,SERODINO,7000
2025-12-04,SANTA FE,VENADO TUERTO,2965
2025-12-04,SANTIAGO DEL ESTERO,BANDERA,340
2025-12-04,SANTIAGO DEL ESTERO,TOMAS YOUNG,48
2025-12-05,BUENOS AIRES,AMERICA,84
2025-12-05,BUENOS AIRES,ARRIBEÑOS,300
2025-12-05,BUENOS AIRES,BALNEARIO CLAROMECO,3000
2025-12-05,BUENOS AIRES,GONZALES CHAVES,1000
2025-12-05,BUENOS AIRES,JUNIN,1000
2025-12-05,BUENOS AIRES,LINCOLN,1000
2025-12-05,BUENOS AIRES,LOBOS,700
2025-12-05,BUENOS AIRES,PEHUAJO,71
2025-12-05,BUENOS AIRES,PIGUE,60
2025-12-05,BUENOS AIRES,ROJAS,30
2025-12-05,BUENOS AIRES,SAN ANDRES DE GILES,3000
2025-12-05,BUENOS AIRES,VEDIA,61
2025-12-05,CHACO,CERRITO,200
2025-12-05,CHACO,TRES ISLETAS,5
2025-12-05,CÓRDOBA,ADELIA MARIA,1000
2025-12-05,CÓRDOBA,CALCHIN,500
2025-12-05,CÓRDOBA,CANALS,360
2025-12-05,CÓRDOBA,CHARRAS,500
2025-12-05,CÓRDOBA,COLONIA ARROYO DE AL,1100
2025-12-05,CÓRDOBA,CORONEL BAIGORRIA,120
2025-12-05,CÓRDOBA,CORONEL MOLDES,1000
2025-12-05,CÓRDOBA,HERNANDO,300
2025-12-05,CÓRDOBA,IDIAZABAL,2822
2025-12-05,CÓRDOBA,LA PARA,300
2025-12-05,CÓRDOBA,LABOULAYE,105
2025-12-05,CÓRDOBA,LEONES,60
2025-12-05,CÓRDOBA,MATORRALES,30
2025-12-05,CÓRDOBA,MONTE MAIZ,6000
2025-12-05,CÓRDOBA,ONCATIVO,500
2025-12-05,CÓRDOBA,RIO PRIMERO,19
2025-12-05,CÓRDOBA,SARMIENTO,1000
2025-12-05,CÓRDOBA,TRANSITO,180
2025-12-05,CÓRDOBA,VICUÑA MACKENNA,1000
2025-12-05,CÓRDOBA,VILLA HUIDOBRO,255
2025-12-05,CÓRDOBA,VILLA MARIA (DPTO. G,2000
2025-12-05,ENTRE RÍOS,GUALEGUAYCHU,500
2025-12-05,ENTRE RÍOS,LA PAZ,3000
2025-12-05,ENTRE RÍOS,LUCAS GONZALEZ,260
2025-12-05,ENTRE RÍOS,VICTORIA,3000
2025-12-05,ENTRE RÍOS,VILLAGUAY,710
2025-12-05,LA PAMPA,CATRILO,1000
2025-12-05,LA PAMPA,QUEMU-QUEMU,224
2025-12-05,LA PAMPA,SANTA ROSA,150
2025-12-05,SAN LUIS,JUSTO DARACT,180
2025-12-05,SANTA FE,ARROYO SECO,1500
2025-12-05,SANTA FE,BIGAND,88
2025-12-05,SANTA FE,CAÑADA DE GOMEZ,10120
2025-12-05,SANTA FE,CHABAS,194
2025-12-05,SANTA FE,COLONIA LA YERBA,600
2025-12-05,SANTA FE,ESMERALDA,200
2025-12-05,SANTA FE,GENERAL GELLY,177
2025-12-05,SANTA FE,IRIGOYEN,3580
2025-12-05,SANTA FE,LANDETA,1000
2025-12-05,SANTA FE,LOS SEMBRADOS,100
2025-12-05,SANTA FE,LUIS PALACIOS,2500
2025-12-05,SANTA FE,MURPHY,60
2025-12-05,SANTA FE,RAFAELA,1500
2025-12-05,SANTA FE,RUFINO,1510
2025-12-05,SANTA FE,SAN JUSTO,2510
2025-12-05,SANTA FE,SAN LORENZO,2000
2025-12-05,SANTA FE,VENADO TUERTO,9500
2025-12-05,SANTA FE,ZENON PEREYRA,1000
2025-12-05,TUCUMÁN,TACO RALO,232
2025-12-08,BUENOS AIRES,PERGAMINO,68
2025-12-09,BUENOS AIRES,ARRECIFES,200
2025-12-09,BUENOS AIRES,CLAUDIO C. MOLINA,350
2025-12-09,BUENOS AIRES,DAIREAUX,38
2025-12-09,BUENOS AIRES,GENERAL VILLEGAS,800
2025-12-09,BUENOS AIRES,PERGAMINO,817
2025-12-09,BUENOS AIRES,SALTO,2164
2025-12-09,CÓRDOBA,BARRIO EL LIBERTADOR,60
2025-12-09,CÓRDOBA,LAS JUNTURAS,300
2025-12-09,CÓRDOBA,MONTE MAIZ,8100
2025-12-09,CÓRDOBA,ONCATIVO,65
2025-12-09,CÓRDOBA,POZO DEL MOLLE (DPTO,63
2025-12-09,CÓRDOBA,VIAMONTE,235
2025-12-09,CÓRDOBA,WENCESLAO ESCALANTE,3987
2025-12-09,ENTRE RÍOS,CONCEPCION DEL URUGU,450
2025-12-09,ENTRE RÍOS,GALARZA,71
2025-12-09,ENTRE RÍOS,LA PAZ,1000
2025-12-09,ENTRE RÍOS,MARIA GRANDE,213
2025-12-09,ENTRE RÍOS,TALITA,235
2025-12-09,LA PAMPA,GENERAL PICO,1543
2025-12-09,SANTA FE,ARMSTRONG,840
2025-12-09,SANTA FE,ARROYO SECO,1000
2025-12-09,SANTA FE,CAÑADA DE GOMEZ,5000
2025-12-09,SANTA FE,COLONIA LA YERBA,300
2025-12-09,SANTA FE,LLAMBI CAMPBELL,300
2025-12-09,SANTA FE,MARGARITA,220
2025-12-09,SANTA FE,MARIA SUSANA,60
2025-12-09,SANTA FE,PUEBLO RAMONA,500
2025-12-09,SANTA FE,PUERTO GRAL SAN MARTIN,700
2025-12-09,SANTA FE,RAFAELA,500
2025-12-09,SANTA FE,SAN CARLOS CENTRO,500
2025-12-09,SANTA FE,SAN JUSTO,1300
2025-12-09,SANTA FE,SAN LORENZO,900
2025-12-09,SANTA FE,SANTA CLARA DE BUENA,1500
2025-12-09,SANTA FE,VENADO TUERTO,1400
2025-12-09,SANTA FE,VIDELA,800
2025-12-09,SANTA FE,ZENON PEREYRA,1000
2025-12-09,SANTIAGO DEL ESTERO,BANDERA,1335
2025-12-09,SANTIAGO DEL ESTERO,FORTIN INCA,200
2025-12-09,SANTIAGO DEL ESTERO,FRIAS,183
2025-12-09,SANTIAGO DEL ESTERO,PAMPA DE LOS GUANACO,12
2025-12-10,BUENOS AIRES,ARRECIFES,480
2025-12-10,BUENOS AIRES,BALCARCE,500
2025-12-10,BUENOS AIRES,BELLOCQ,1500
2025-12-10,BUENOS AIRES,BRAGADO,3000
2025-12-10,BUENOS AIRES,CHIVILCOY,420
2025-12-10,BUENOS AIRES,GENERAL VILLEGAS,500
2025-12-10,BUENOS AIRES,GONZALES CHAVES,2000
2025-12-10,BUENOS AIRES,MIRAMAR (PDO. GRAL.,2000
2025-12-10,BUENOS AIRES,PEDERNALES,58
2025-12-10,BUENOS AIRES,PEHUAJO,120
2025-12-10,BUENOS AIRES,PERGAMINO,4127
2025-12-10,BUENOS AIRES,SAN ANTONIO DE ARECO,1000
2025-12-10,BUENOS AIRES,TRENQUE LAUQUEN,600
2025-12-10,CÓRDOBA,ADELIA MARIA,2000
2025-12-10,CÓRDOBA,ALCIRA,550
2025-12-10,CÓRDOBA,ALEJANDRO ROCA,4500
2025-12-10,CÓRDOBA,ARIAS,27
2025-12-10,CÓRDOBA,BERROTARAN,200
2025-12-10,CÓRDOBA,CAVANAGH,120
2025-12-10,CÓRDOBA,COLONIA EL TRABAJO,500
2025-12-10,CÓRDOBA,EL TIO,240
2025-12-10,CÓRDOBA,GLORIALDO FERNANDEZ,300
2025-12-10,CÓRDOBA,HERNANDO,125
2025-12-10,CÓRDOBA,HIPOLITO BOUCHARD,500
2025-12-10,CÓRDOBA,HUINCA RENANCO,400
2025-12-10,CÓRDOBA,JESUS MARIA,5000
2025-12-10,CÓRDOBA,JUSTINIANO POSSE,6730
2025-12-10,CÓRDOBA,LA PUERTA (DPTO. RIO,105
2025-12-10,CÓRDOBA,LABOULAYE,600
2025-12-10,CÓRDOBA,MARCOS JUAREZ,600
2025-12-10,CÓRDOBA,MATTALDI,1000
2025-12-10,CÓRDOBA,MONTE MAIZ,1143
2025-12-10,CÓRDOBA,MONTE RALO,106
2025-12-10,CÓRDOBA,ORDOÑEZ,392
2025-12-10,CÓRDOBA,RIO CUARTO,1475
2025-12-10,CÓRDOBA,RIO PRIMERO,360
2025-12-10,CÓRDOBA,RIO TERCERO,940
2025-12-10,CÓRDOBA,SANTA ROSA DE RIO PR,210
2025-12-10,CÓRDOBA,SINSACATE,300
2025-12-10,CÓRDOBA,TRANSITO,90
2025-12-10,CÓRDOBA,UCACHA,105
2025-12-10,CÓRDOBA,VIAMONTE,235
2025-12-10,CÓRDOBA,VICUÑA MACKENNA,120
2025-12-10,CÓRDOBA,VILLA DEL ROSARIO,100
2025-12-10,ENTRE RÍOS,ALDEA PROTESTANTE,300
2025-12-10,ENTRE RÍOS,CURTIEMBRE,150
2025-12-10,ENTRE RÍOS,GUALEGUAYCHU,2000
2025-12-10,ENTRE RÍOS,LA PAZ,6000
2025-12-10,ENTRE RÍOS,LA PICADA,90
2025-12-10,ENTRE RÍOS,SAN GUSTAVO,200
2025-12-10,ENTRE RÍOS,URDINARRAIN,1000
2025-12-10,ENTRE RÍOS,VIALE,304
2025-12-10,LA PAMPA,CATRILO,1000
2025-12-10,LA PAMPA,GENERAL PICO,90
2025-12-10,LA PAMPA,INTENDENTE ALVEAR,3300
2025-12-10,SALTA,JOAQUIN V. GONZALEZ,300
2025-12-10,SALTA,LAS LAJITAS,900
2025-12-10,SAN LUIS,CONCARAN,360
2025-12-10,SAN LUIS,JUSTO DARACT,1300
2025-12-10,SANTA FE,ALCORTA DTO CONSTITU,90
2025-12-10,SANTA FE,ARMSTRONG,1500
2025-12-10,SANTA FE,BOUQUET,2090
2025-12-10,SANTA FE,CHAPUY,7000
2025-12-10,SANTA FE,CORONEL ARNOLD,1000
2025-12-10,SANTA FE,LUIS PALACIOS,5000
2025-12-10,SANTA FE,MARGARITA,300
2025-12-10,SANTA FE,MONJE,150
2025-12-10,SANTA FE,MONTES DE OCA,30
2025-12-10,SANTA FE,PUERTO GRAL SAN MARTIN,1000
2025-12-10,SANTA FE,ROSARIO,4345
2025-12-10,SANTA FE,RUFINO,310
2025-12-10,SANTA FE,SAN CARLOS CENTRO,500
2025-12-10,SANTA FE,SAN GENARO,1000
2025-12-10,SANTA FE,SAN JUSTO,1150
2025-12-10,SANTA FE,SAN LORENZO,330
2025-12-10,SANTA FE,SAN VICENTE (DPTO. C,5000
2025-12-10,SANTA FE,SANTA FE,1000
2025-12-10,SANTA FE,VENADO TUERTO,1000
2025-12-10,SANTA FE,VILLA CAÑAS,150
2025-12-10,SANTIAGO DEL ESTERO,EL COLORADO,500
2025-12-10,SANTIAGO DEL ESTERO,QUIMILI,2000
2025-12-10,SANTIAGO DEL ESTERO,RAPELLI,500
2025-12-10,TUCUMÁN,BURRUYACU,500
2025-12-10,TUCUMÁN,SAN MIGUEL DE TUCUMA,646
2025-12-11,BUENOS AIRES,BALNEARIO CLAROMECO,10000
2025-12-11,BUENOS AIRES,CORONEL SUAREZ,1500
2025-12-11,BUENOS AIRES,GENERAL VILLEGAS,2000
2025-12-11,BUENOS AIRES,NECOCHEA,500
2025-12-11,BUENOS AIRES,PERGAMINO,324
2025-12-11,BUENOS AIRES,PIGUE,350
2025-12-11,BUENOS AIRES,ROJAS,444
2025-12-11,BUENOS AIRES,SALLIQUELO,90
2025-12-11,BUENOS AIRES,TRES ARROYOS,270
2025-12-11,BUENOS AIRES,VEDIA,44
2025-12-11,CHACO,CERRITO,1000
2025-12-11,CHACO,COLONIA BAJO HONDO,29
2025-12-11,CÓRDOBA,ADELIA MARIA,30
2025-12-11,CÓRDOBA,ARROYITO,500
2025-12-11,CÓRDOBA,CAMILO ALDAO,120
2025-12-11,CÓRDOBA,CHILIBROSTE,1000
2025-12-11,CÓRDOBA,DEVOTO,500
2025-12-11,CÓRDOBA,EL TIO,120
2025-12-11,CÓRDOBA,HERNANDO,30
2025-12-11,CÓRDOBA,JESUS MARIA,974
2025-12-11,CÓRDOBA,LABOULAYE,1000
2025-12-11,CÓRDOBA,MARCOS JUAREZ,61
2025-12-11,CÓRDOBA,MONTE MAIZ,272
2025-12-11,CÓRDOBA,OLIVA,0
2025-12-11,CÓRDOBA,ONCATIVO,500
2025-12-11,CÓRDOBA,PILAR,212
2025-12-11,CÓRDOBA,RIO CUARTO,200
2025-12-11,CÓRDOBA,VILLA MARIA (DPTO. G,3500
2025-12-11,CÓRDOBA,WENCESLAO ESCALANTE,300
2025-12-11,ENTRE RÍOS,ALCARAZ SEGUNDO,200
2025-12-11,ENTRE RÍOS,ALDEA PROTESTANTE,150
2025-12-11,ENTRE RÍOS,LUCAS GONZALEZ,390
2025-12-11,ENTRE RÍOS,RINCON DE NOGOYA,1000
2025-12-11,ENTRE RÍOS,SOLA,400
2025-12-11,ENTRE RÍOS,URDINARRAIN,720
2025-12-11,ENTRE RÍOS,VIALE,297
2025-12-11,ENTRE RÍOS,VILLAGUAY,385
2025-12-11,LA PAMPA,CATRILO,2000
2025-12-11,LA PAMPA,QUEMU-QUEMU,189
2025-12-11,SALTA,LUIS BURELA,1000
2025-12-11,SAN LUIS,JUAN W. GEZ,500
2025-12-11,SANTA FE,AMENABAR,200
2025-12-11,SANTA FE,BIGAND,5000
2025-12-11,SANTA FE,CASILDA,234
2025-12-11,SANTA FE,CHAPUY,5060
2025-12-11,SANTA FE,CLUCELLAS,30
2025-12-11,SANTA FE,CULULU,30
2025-12-11,SANTA FE,GOBERNADOR CRESPO,1400
2025-12-11,SANTA FE,LAS ROSAS,60
2025-12-11,SANTA FE,LUIS PALACIOS,1000
2025-12-11,SANTA FE,MARGARITA,750
2025-12-11,SANTA FE,MURPHY,2
2025-12-11,SANTA FE,PILAR,140
2025-12-11,SANTA FE,SAN GENARO,1000
2025-12-11,SANTA FE,SAN JUSTO,490
2025-12-11,SANTA FE,SAN LORENZO,150
2025-12-11,SANTA FE,SAN MARCOS DE VENADO,1000
2025-12-11,SANTA FE,SAN VICENTE (DPTO. C,1500
2025-12-11,SANTA FE,SANTA FE,1000
2025-12-11,SANTA FE,VENADO TUERTO,2500
2025-12-11,SANTA FE,VIDELA,1864
2025-12-11,SANTA FE,VILLA CAÑAS,600
2025-12-11,SANTIAGO DEL ESTERO,AGUAS COLORADAS,18
2025-12-11,SANTIAGO DEL ESTERO,BANDERA,103
2025-12-11,SANTIAGO DEL ESTERO,BARRIO AUTONOMIA,1500
2025-12-11,SANTIAGO DEL ESTERO,LOS JURIES,24
2025-12-11,SANTIAGO DEL ESTERO,LOS LINARES,73
2025-12-11,SANTIAGO DEL ESTERO,PAMPA DE LOS GUANACO,15
2025-12-11,SANTIAGO DEL ESTERO,RAPELLI,5000
2025-12-11,SANTIAGO DEL ESTERO,TINTINA,2000
2025-12-11,TUCUMÁN,BURRUYACU,10000
2025-12-11,TUCUMÁN,SAN MIGUEL DE TUCUMA,323
2025-12-12,BUENOS AIRES,BARRIO BANCO PROVINC,60
2025-12-12,BUENOS AIRES,CHIVILCOY,124
2025-12-12,BUENOS AIRES,GENERAL VILLEGAS,1000
2025-12-12,BUENOS AIRES,MIRAMAR (PDO. GRAL.,180
2025-12-12,BUENOS AIRES,NECOCHEA,3000
2025-12-12,BUENOS AIRES,TANDIL,2000
2025-12-12,CHACO,ZAPARINQUI,150
2025-12-12,CÓRDOBA,CANALS,400
2025-12-12,CÓRDOBA,CORDOBA,700
2025-12-12,CÓRDOBA,CORONEL MOLDES,500
2025-12-12,CÓRDOBA,DEVOTO,260
2025-12-12,CÓRDOBA,HUINCA RENANCO,150
2025-12-12,CÓRDOBA,TRANSITO,90
2025-12-12,ENTRE RÍOS,GUALEGUAYCHU,2000
2025-12-12,ENTRE RÍOS,LA PAZ,1060
2025-12-12,ENTRE RÍOS,LUCAS GONZALEZ,370
2025-12-12,ENTRE RÍOS,MARIA GRANDE,500
2025-12-12,ENTRE RÍOS,URDINARRAIN,630
2025-12-12,ENTRE RÍOS,VICTORIA,2160
2025-12-12,ENTRE RÍOS,VILLAGUAY,645
2025-12-12,LA PAMPA,EDUARDO CASTEX,2200
2025-12-12,SALTA,GENERAL PIZARRO,500
2025-12-12,SALTA,LAS LAJITAS,1151
2025-12-12,SANTA FE,ANGELICA,180
2025-12-12,SANTA FE,CAMPO CALVO,2000
2025-12-12,SANTA FE,CAÑADA DEL UCLE,180
2025-12-12,SANTA FE,CAÑADA ROSQUIN,150
2025-12-12,SANTA FE,CHAPUY,19360
2025-12-12,SANTA FE,COLONIA JOSEFINA,60
2025-12-12,SANTA FE,ESMERALDA,400
2025-12-12,SANTA FE,GOBERNADOR CRESPO,1000
2025-12-12,SANTA FE,"HUMBERTO I""",540
2025-12-12,SANTA FE,IRIGOYEN,90
2025-12-12,SANTA FE,LA JOSEFINA,600
2025-12-12,SANTA FE,MARIA SUSANA,423
2025-12-12,SANTA FE,PILAR,1400
2025-12-12,SANTA FE,RAFAELA,2300
2025-12-12,SANTA FE,ROSARIO,2000
2025-12-12,SANTA FE,SAN JORGE,150
2025-12-12,SANTA FE,SAN JUSTO,8060
2025-12-12,SANTA FE,SANTA CLARA DE SAGUI,300
2025-12-12,SANTA FE,SANTA FE,10000
2025-12-12,SANTA FE,VENADO TUERTO,3000
2025-12-12,SANTA FE,VILLA CAÑAS,100
2025-12-12,SANTIAGO DEL ESTERO,ARBOL BLANCO,600
2025-12-12,SANTIAGO DEL ESTERO,ARGENTINA (DPTO. AGU,3420
2025-12-12,SANTIAGO DEL ESTERO,BANDERA,549
2025-12-12,SANTIAGO DEL ESTERO,LAVALLE (DPTO. GUASA,960
2025-12-12,SANTIAGO DEL ESTERO,LOMA DEL MEDIO,500
2025-12-13,ENTRE RÍOS,FEDERAL,810
2025-12-13,SANTIAGO DEL ESTERO,AGUA AMARGA,600
2025-12-15,BUENOS AIRES,ALBERTI,120
2025-12-15,BUENOS AIRES,AMERICA,72
2025-12-15,BUENOS AIRES,ASCENSION,1000
2025-12-15,BUENOS AIRES,BARRIO VILLA GAUCHO,1000
2025-12-15,BUENOS AIRES,CHACABUCO,60
2025-12-15,BUENOS AIRES,CHIVILCOY,30
2025-12-15,BUENOS AIRES,CORONEL DORREGO,120
2025-12-15,BUENOS AIRES,GENERAL VILLEGAS,414
2025-12-15,BUENOS AIRES,LOBERIA,49
2025-12-15,BUENOS AIRES,PERGAMINO,300
2025-12-15,BUENOS AIRES,ROJAS,300
2025-12-15,CHACO,GANCEDO,14
2025-12-15,CHACO,PAMPA DEL INFIERNO,40
2025-12-15,CÓRDOBA,BALNEARIA,420
2025-12-15,CÓRDOBA,COLONIA SAN BARTOLOM,30
2025-12-15,CÓRDOBA,COLONIA TIROLESA,172
2025-12-15,CÓRDOBA,CORDOBA,10000
2025-12-15,CÓRDOBA,CORONEL MOLDES,210
2025-12-15,CÓRDOBA,GUATIMOZIN,121
2025-12-15,CÓRDOBA,HUINCA RENANCO,9
2025-12-15,CÓRDOBA,JESUS MARIA,1224
2025-12-15,CÓRDOBA,JUSTINIANO POSSE,3500
2025-12-15,CÓRDOBA,LEONES,484
2025-12-15,CÓRDOBA,LOS ZORROS,223
2025-12-15,CÓRDOBA,RIO TERCERO,60
2025-12-15,CÓRDOBA,SAN FRANCISCO (DPTO.,60
2025-12-15,CÓRDOBA,SINSACATE,500
2025-12-15,CÓRDOBA,TRANSITO,460
2025-12-15,CÓRDOBA,VILLA VALERIA,11
2025-12-15,CÓRDOBA,WENCESLAO ESCALANTE,500
2025-12-15,ENTRE RÍOS,GUALEGUAY,1000
2025-12-15,ENTRE RÍOS,GUALEGUAYCHU,400
2025-12-15,ENTRE RÍOS,LA PAZ,30
2025-12-15,ENTRE RÍOS,LUCAS GONZALEZ,120
2025-12-15,ENTRE RÍOS,MARIA GRANDE,88
2025-12-15,ENTRE RÍOS,PASO DE LAS PIEDRAS,270
2025-12-15,ENTRE RÍOS,SANTA ELENA (DPTO. L,1100
2025-12-15,ENTRE RÍOS,VILLAGUAY,334
2025-12-15,LA PAMPA,INTENDENTE ALVEAR,200
2025-12-15,SAN LUIS,JUSTO DARACT,16
2025-12-15,SANTA FE,ARMSTRONG,1000
2025-12-15,SANTA FE,ARROYO SECO,2000
2025-12-15,SANTA FE,CASILDA,2000
2025-12-15,SANTA FE,CENTENO,30
2025-12-15,SANTA FE,LAS PETACAS,270
2025-12-15,SANTA FE,LAS ROSAS,90
2025-12-15,SANTA FE,PUEBLO RAMONA,46
2025-12-15,SANTA FE,PUERTO GRAL SAN MARTIN,2000
2025-12-15,SANTA FE,ROSARIO,500
2025-12-15,SANTA FE,RUFINO,52
2025-12-15,SANTA FE,SAN JERONIMO SUD,60
2025-12-15,SANTA FE,SAN LORENZO,6100
2025-12-15,SANTA FE,SAN VICENTE (DPTO. C,3000
2025-12-15,SANTA FE,TORTUGAS,28
2025-12-15,SANTA FE,VENADO TUERTO,2500
2025-12-15,SANTA FE,VILLA CAÑAS,1000
2025-12-15,SANTA FE,VILLA SARALEGUI,4000
2025-12-15,SANTIAGO DEL ESTERO,BANDERA,617
2025-12-15,SANTIAGO DEL ESTERO,CUATRO BOCAS,7
2025-12-15,SANTIAGO DEL ESTERO,LA PALOMA (EMBARCADE,400
2025-12-15,TUCUMÁN,LAS CEJAS (LA COCHA-,4000
2025-12-16,BUENOS AIRES,CAÑADA SECA,20
2025-12-16,BUENOS AIRES,COPETONAS,420
2025-12-16,BUENOS AIRES,NECOCHEA,862
2025-12-16,BUENOS AIRES,PERGAMINO,150
2025-12-16,BUENOS AIRES,QUEQUEN,180
2025-12-16,CHACO,PAMPA DEL INFIERNO,12
2025-12-16,CÓRDOBA,ARROYITO,2000
2025-12-16,CÓRDOBA,BARRIO FLORENTINO AM,500
2025-12-16,CÓRDOBA,CHACRAS NORTE,60
2025-12-16,CÓRDOBA,LABORDE,100
2025-12-16,CÓRDOBA,LAGUNILLA (PILAR-DPT,500
2025-12-16,CÓRDOBA,LEONES,2400
2025-12-16,CÓRDOBA,LOS CISNES,83
2025-12-16,CÓRDOBA,MARCOS JUAREZ,60
2025-12-16,CÓRDOBA,PORTEÑA,360
2025-12-16,CÓRDOBA,POZO DEL MOLLE (DPTO,346
2025-12-16,CÓRDOBA,SAN FRANCISCO (DPTO.,470
2025-12-16,ENTRE RÍOS,FEDERAL,150
2025-12-16,ENTRE RÍOS,GENERAL GALARZA,600
2025-12-16,ENTRE RÍOS,HASENKAMP,180
2025-12-16,ENTRE RÍOS,LA PAZ,7300
2025-12-16,ENTRE RÍOS,LUCAS GONZALEZ,240
2025-12-16,ENTRE RÍOS,SANTA ELENA (DPTO. L,210
2025-12-16,ENTRE RÍOS,SOLA,800
2025-12-16,ENTRE RÍOS,TEZANOS PINTO,180
2025-12-16,ENTRE RÍOS,TRES BOCAS,600
2025-12-16,ENTRE RÍOS,URDINARRAIN,210
2025-12-16,ENTRE RÍOS,VIALE,2000
2025-12-16,ENTRE RÍOS,VILLAGUAY,433
2025-12-16,LA PAMPA,QUEMU-QUEMU,467
2025-12-16,SANTA FE,CARCARAÑA,60
2025-12-16,SANTA FE,CENTENO,60
2025-12-16,SANTA FE,HUGHES,1000
2025-12-16,SANTA FE,IRIGOYEN,240
2025-12-16,SANTA FE,LANTERI,231
2025-12-16,SANTA FE,LAS PETACAS,240
2025-12-16,SANTA FE,LAS ROSAS,7000
2025-12-16,SANTA FE,LOS QUIRQUINCHOS,4500
2025-12-16,SANTA FE,MARCELINO ESCALADA,2000
2025-12-16,SANTA FE,MARIA JUANA,15000
2025-12-16,SANTA FE,MURPHY,46
2025-12-16,SANTA FE,PILAR,2750
2025-12-16,SANTA FE,PUEBLO RAMONA,500
2025-12-16,SANTA FE,PUERTO GRAL SAN MARTIN,500
2025-12-16,SANTA FE,RAFAELA,1500
2025-12-16,SANTA FE,ROLDAN,15000
2025-12-16,SANTA FE,ROSARIO,4035
2025-12-16,SANTA FE,SAN GENARO,1000
2025-12-16,SANTA FE,SAN JUSTO,2100
2025-12-16,SANTA FE,SANTA CLARA DE SAGUI,100
2025-12-16,SANTA FE,SANTO TOME,160
2025-12-16,SANTA FE,TOSTADO,108
2025-12-16,SANTIAGO DEL ESTERO,BANDERA,141
2025-12-16,SANTIAGO DEL ESTERO,LOS LINARES,10
2025-12-16,SANTIAGO DEL ESTERO,QUIMILI,600
2025-12-16,TUCUMÁN,TALA POZO,205
2025-12-17,BUENOS AIRES,ALBERTI,500
2025-12-17,BUENOS AIRES,AMERICA,901
2025-12-17,BUENOS AIRES,BRAGADO,100
2025-12-17,BUENOS AIRES,CAPITAN SARMIENTO,1000
2025-12-17,BUENOS AIRES,CARLOS CASARES,4000
2025-12-17,BUENOS AIRES,CHIVILCOY,270
2025-12-17,BUENOS AIRES,GENERAL VILLEGAS,1900
2025-12-17,BUENOS AIRES,JUNIN,60
2025-12-17,BUENOS AIRES,LA VIOLETA,120
2025-12-17,BUENOS AIRES,LINCOLN,600
2025-12-17,BUENOS AIRES,QUEQUEN,2000
2025-12-17,BUENOS AIRES,SAN ANTONIO DE ARECO,1030
2025-12-17,BUENOS AIRES,TRES ARROYOS,110
2025-12-17,CÓRDOBA,ALCIRA,68
2025-12-17,CÓRDOBA,ALEJO LEDESMA,500
2025-12-17,CÓRDOBA,CORDOBA,2000
2025-12-17,CÓRDOBA,GENERAL BALDISSERA,100
2025-12-17,CÓRDOBA,HERNANDO,324
2025-12-17,CÓRDOBA,HUINCA RENANCO,4044
2025-12-17,CÓRDOBA,INRIVILLE,60
2025-12-17,CÓRDOBA,LAS VARILLAS,500
2025-12-17,CÓRDOBA,LEONES,1200
2025-12-17,CÓRDOBA,PORTEÑA,600
2025-12-17,CÓRDOBA,POZO DEL MOLLE (DPTO,278
2025-12-17,CÓRDOBA,REDUCCION,200
2025-12-17,CÓRDOBA,RIO CUARTO,3040
2025-12-17,CÓRDOBA,RIO TERCERO,600
2025-12-17,CÓRDOBA,SAN FRANCISCO (DPTO.,30
2025-12-17,CÓRDOBA,TRANSITO,90
2025-12-17,CÓRDOBA,VICUÑA MACKENNA,200
2025-12-17,CÓRDOBA,VILLA MARIA (DPTO. G,500
2025-12-17,ENTRE RÍOS,CASEROS,1640
2025-12-17,ENTRE RÍOS,CONCORDIA,200
2025-12-17,ENTRE RÍOS,DIAMANTE,150
2025-12-17,ENTRE RÍOS,GUALEGUAY,60
2025-12-17,ENTRE RÍOS,LA PAZ,2000
2025-12-17,ENTRE RÍOS,LUCAS GONZALEZ,330
2025-12-17,ENTRE RÍOS,MARIA GRANDE,90
2025-12-17,ENTRE RÍOS,RINCON DE NOGOYA,3000
2025-12-17,ENTRE RÍOS,SEGUI,500
2025-12-17,ENTRE RÍOS,SOLA,510
2025-12-17,ENTRE RÍOS,VIALE,320
2025-12-17,ENTRE RÍOS,VICTORIA,1000
2025-12-17,ENTRE RÍOS,VILLAGUAY,1190
2025-12-17,LA PAMPA,GENERAL PICO,100
2025-12-17,SAN LUIS,JUSTO DARACT,500
2025-12-17,SANTA FE,ALDAO,60
2025-12-17,SANTA FE,BUSTINZA,65
2025-12-17,SANTA FE,CASILDA,100
2025-12-17,SANTA FE,CENTENO,60
2025-12-17,SANTA FE,IRIGOYEN,210
2025-12-17,SANTA FE,LANDETA,500
2025-12-17,SANTA FE,LAS ROSAS,240
2025-12-17,SANTA FE,LUIS PALACIOS,3400
2025-12-17,SANTA FE,MARGARITA,700
2025-12-17,SANTA FE,MARIA SUSANA,510
2025-12-17,SANTA FE,MARIA TERESA,120
2025-12-17,SANTA FE,PAZ,90
2025-12-17,SANTA FE,PIAMONTE,1000
2025-12-17,SANTA FE,PILAR,1470
2025-12-17,SANTA FE,RAFAELA,1000
2025-12-17,SANTA FE,ROSARIO,2300
2025-12-17,SANTA FE,RUFINO,20
2025-12-17,SANTA FE,SAN GREGORIO,52
2025-12-17,SANTA FE,SAN JUSTO,120
2025-12-17,SANTA FE,SAN LORENZO,6000
2025-12-17,SANTA FE,SANTA FE,4000
2025-12-17,SANTA FE,VENADO TUERTO,3000
2025-12-17,SANTA FE,VILLA TRINIDAD,500
2025-12-17,SANTIAGO DEL ESTERO,QUIMILI,300
2025-12-17,TUCUMÁN,GOBERNADOR GARMENDIA,1500
2025-12-18,BUENOS AIRES,ARRIBEÑOS,5
2025-12-18,BUENOS AIRES,BRAGADO,3120
2025-12-18,BUENOS AIRES,CHIVILCOY,150
2025-12-18,BUENOS AIRES,CORONEL SUAREZ,420
2025-12-18,BUENOS AIRES,GENERAL VILLEGAS,1500
2025-12-18,BUENOS AIRES,GONZALES CHAVES,2500
2025-12-18,BUENOS AIRES,PEHUAJO,270
2025-12-18,BUENOS AIRES,SALLIQUELO,300
2025-12-18,CHACO,COLONIA JUAN JOSE PA,64
2025-12-18,CÓRDOBA,ALEJANDRO ROCA,1880
2025-12-18,CÓRDOBA,ALEJO LEDESMA,66
2025-12-18,CÓRDOBA,CORDOBA,500
2025-12-18,CÓRDOBA,HERNANDO,180
2025-12-18,CÓRDOBA,HUINCA RENANCO,2000
2025-12-18,CÓRDOBA,LAS VARILLAS,300
2025-12-18,CÓRDOBA,MARCOS JUAREZ,900
2025-12-18,CÓRDOBA,MONTE BUEY,400
2025-12-18,CÓRDOBA,QUEBRACHO HERRADO,90
2025-12-18,CÓRDOBA,RIO CUARTO,120
2025-12-18,CÓRDOBA,RIO PRIMERO,442
2025-12-18,CÓRDOBA,VILLA DEL ROSARIO,100
2025-12-18,CÓRDOBA,VILLA MARIA (DPTO. G,1000
2025-12-18,ENTRE RÍOS,AVENIDA EJERCITO PAR,1300
2025-12-18,ENTRE RÍOS,COLONIA ENSAYO,501
2025-12-18,ENTRE RÍOS,GENERAL RAMIREZ,2000
2025-12-18,ENTRE RÍOS,LARROQUE,210
2025-12-18,ENTRE RÍOS,PAJONAL,4500
2025-12-18,ENTRE RÍOS,VICTORIA,500
2025-12-18,FORMOSA,MISION LAISHI,1000
2025-12-18,SAN LUIS,JUSTO DARACT,71
2025-12-18,SANTA FE,ALCORTA DTO CONSTITU,600
2025-12-18,SANTA FE,AMENABAR,200
2025-12-18,SANTA FE,BUSTINZA,500
2025-12-18,SANTA FE,CARLOS PELLEGRINI,500
2025-12-18,SANTA FE,CAÑADA DE GOMEZ,29000
2025-12-18,SANTA FE,CHAPUY,6000
2025-12-18,SANTA FE,EL TREBOL,500
2025-12-18,SANTA FE,ELORTONDO,1000
2025-12-18,SANTA FE,IRIGOYEN,200
2025-12-18,SANTA FE,LAS PETACAS,240
2025-12-18,SANTA FE,LAS ROSAS,2000
2025-12-18,SANTA FE,LOS LAURELES,269
2025-12-18,SANTA FE,LUIS PALACIOS,5300
2025-12-18,SANTA FE,MARGARITA,700
2025-12-18,SANTA FE,MARIA JUANA,5000
2025-12-18,SANTA FE,MARIA SUSANA,5000
2025-12-18,SANTA FE,MARIA TERESA,60
2025-12-18,SANTA FE,PAZ,300
2025-12-18,SANTA FE,PILAR,1100
2025-12-18,SANTA FE,PUERTO GRAL SAN MARTIN,2000
2025-12-18,SANTA FE,RAFAELA,5000
2025-12-18,SANTA FE,ROSARIO,6500
2025-12-18,SANTA FE,RUFINO,4
2025-12-18,SANTA FE,SAN JERONIMO SUD,250
2025-12-18,SANTA FE,SAN JUSTO,2490
2025-12-18,SANTA FE,SAN LORENZO,6300
2025-12-18,SANTA FE,SAN VICENTE (DPTO. C,1000
2025-12-18,SANTA FE,VENADO TUERTO,10800
2025-12-18,SANTA FE,VIDELA,600
2025-12-18,SANTA FE,VILLA CAÑAS,2000
2025-12-18,SANTIAGO DEL ESTERO,ARGENTINA (DPTO. AGU,38
2025-12-18,SANTIAGO DEL ESTERO,TOMAS YOUNG,99
2025-12-19,BUENOS AIRES,ALBERTI,1300
2025-12-19,BUENOS AIRES,COLON,30
2025-12-19,BUENOS AIRES,DAIREAUX,59
2025-12-19,BUENOS AIRES,FERRE,6000
2025-12-19,BUENOS AIRES,GENERAL ALVARADO,30
2025-12-19,BUENOS AIRES,GENERAL PINTO,15000
2025-12-19,BUENOS AIRES,LA DULCE,90
2025-12-19,BUENOS AIRES,ROJAS,1111
2025-12-19,BUENOS AIRES,SALTO,600
2025-12-19,BUENOS AIRES,TRES ARROYOS,150
2025-12-19,CHACO,HERMOSO CAMPO,57
2025-12-19,CÓRDOBA,ALEJANDRO ROCA,100
2025-12-19,CÓRDOBA,LA TORDILLA NORTE,2000
2025-12-19,CÓRDOBA,MONTE BUEY,1900
2025-12-19,CÓRDOBA,PORTEÑA,180
2025-12-19,CÓRDOBA,POZO DEL MOLLE (DPTO,1120
2025-12-19,CÓRDOBA,RIO PRIMERO,60
2025-12-19,CÓRDOBA,SAN FRANCISCO (DPTO.,1110
2025-12-19,CÓRDOBA,TRANSITO,450
2025-12-19,CÓRDOBA,WENCESLAO ESCALANTE,530
2025-12-19,ENTRE RÍOS,BARRIO CARCEL,300
2025-12-19,ENTRE RÍOS,GUALEGUAY,8000
2025-12-19,ENTRE RÍOS,GUALEGUAYCHU,500
2025-12-19,ENTRE RÍOS,LA PAZ,770
2025-12-19,ENTRE RÍOS,LUCAS GONZALEZ,1315
2025-12-19,ENTRE RÍOS,MARIA GRANDE,27
2025-12-19,ENTRE RÍOS,VICTORIA,600
2025-12-19,ENTRE RÍOS,VILLA ELISA,500
2025-12-19,ENTRE RÍOS,VILLA SAN MARCIAL,250
2025-12-19,SALTA,LAS LAJITAS,2000
2025-12-19,SAN LUIS,CONCARAN,660
2025-12-19,SANTA FE,ARMSTRONG,1100
2025-12-19,SANTA FE,BERNARDO DE IRIGOYEN,90
2025-12-19,SANTA FE,BIGAND,300
2025-12-19,SANTA FE,BOUQUET,2000
2025-12-19,SANTA FE,CAMPO ANDINO,60
2025-12-19,SANTA FE,CAPILLA SAN JOSE,3000
2025-12-19,SANTA FE,CARLOS PELLEGRINI,1600
2025-12-19,SANTA FE,CARRERAS,370
2025-12-19,SANTA FE,CAÑADA DE GOMEZ,5000
2025-12-19,SANTA FE,CHAPUY,3129
2025-12-19,SANTA FE,CLUCELLAS,300
2025-12-19,SANTA FE,IRIGOYEN,90
2025-12-19,SANTA FE,LAS PAREJAS,60
2025-12-19,SANTA FE,LAS PETACAS,180
2025-12-19,SANTA FE,LAS ROSAS,2000
2025-12-19,SANTA FE,LUIS PALACIOS,1000
2025-12-19,SANTA FE,MARGARITA,500
2025-12-19,SANTA FE,MARIA JUANA,10000
2025-12-19,SANTA FE,MARIA SUSANA,726
2025-12-19,SANTA FE,MONJE,600
2025-12-19,SANTA FE,PILAR,300
2025-12-19,SANTA FE,PUERTO GRAL SAN MARTIN,1000
2025-12-19,SANTA FE,ROSARIO,35107
2025-12-19,SANTA FE,RUFINO,915
2025-12-19,SANTA FE,SAN CARLOS CENTRO,400
2025-12-19,SANTA FE,SAN JERONIMO SUD,460
2025-12-19,SANTA FE,SAN JORGE,510
2025-12-19,SANTA FE,SAN JUSTO,497
2025-12-19,SANTA FE,SAN LORENZO,4540
2025-12-19,SANTA FE,SAN MARCOS DE VENADO,6500
2025-12-19,SANTA FE,SAN VICENTE (VILLA O,250
2025-12-19,SANTA FE,SANCTI SPIRITU,90
2025-12-19,SANTA FE,SANTA ANA,29
2025-12-19,SANTA FE,SANTA FE,2500
2025-12-19,SANTA FE,VENADO TUERTO,3000
2025-12-19,SANTA FE,VILLA CAÑAS,440
2025-12-19,SANTA FE,VILLA TRINIDAD,532
2025-12-19,SANTIAGO DEL ESTERO,BANDERA,220
2025-12-19,SANTIAGO DEL ESTERO,QUIMILI,300
2025-12-20,CÓRDOBA,CRUZ ALTA,2000
2025-12-20,SANTA FE,ELORTONDO,500
2025-12-22,BUENOS AIRES,AMERICA,5900
2025-12-22,BUENOS AIRES,ARRECIFES,200
2025-12-22,BUENOS AIRES,ARRIBEÑOS,301
2025-12-22,BUENOS AIRES,BOLIVAR,97
2025-12-22,BUENOS AIRES,BRAGADO,4200
2025-12-22,BUENOS AIRES,CHACABUCO,15000
2025-12-22,BUENOS AIRES,CORONEL SUAREZ,300
2025-12-22,BUENOS AIRES,GENERAL PINTO,2000
2025-12-22,BUENOS AIRES,GENERAL VILLEGAS,17300
2025-12-22,BUENOS AIRES,LINCOLN,90
2025-12-22,BUENOS AIRES,LOS TOLDOS,600
2025-12-22,BUENOS AIRES,PEHUAJO,1200
2025-12-22,BUENOS AIRES,PERGAMINO,1050
2025-12-22,BUENOS AIRES,PIEDRITAS,77
2025-12-22,BUENOS AIRES,SAN ANDRES DE GILES,6000
2025-12-22,BUENOS AIRES,TRENQUE LAUQUEN,3860
2025-12-22,CÓRDOBA,ALEJO LEDESMA,180
2025-12-22,CÓRDOBA,BELL VILLE,180
2025-12-22,CÓRDOBA,CANALS,3000
2025-12-22,CÓRDOBA,CHAJAN,2000
2025-12-22,CÓRDOBA,COLONIA SILVIO PELLI,360
2025-12-22,CÓRDOBA,CORDOBA,210
2025-12-22,CÓRDOBA,EL FORTIN,300
2025-12-22,CÓRDOBA,GENERAL BALDISSERA,200
2025-12-22,CÓRDOBA,GENERAL CABRERA,300
2025-12-22,CÓRDOBA,JESUS MARIA,410
2025-12-22,CÓRDOBA,LA CARLOTA,90
2025-12-22,CÓRDOBA,LEONES,830
2025-12-22,CÓRDOBA,LOS CISNES,15
2025-12-22,CÓRDOBA,MARCOS JUAREZ,219
2025-12-22,CÓRDOBA,MONTE MAIZ,10280
2025-12-22,CÓRDOBA,NOETINGER,1000
2025-12-22,CÓRDOBA,PORTEÑA,150
2025-12-22,CÓRDOBA,RIO CUARTO,1000
2025-12-22,CÓRDOBA,RIO PRIMERO,60
2025-12-22,CÓRDOBA,RIO TERCERO,1331
2025-12-22,CÓRDOBA,SAN FRANCISCO (DPTO.,560
2025-12-22,CÓRDOBA,TRANSITO,30
2025-12-22,CÓRDOBA,VILLA MARIA (DPTO. G,1200
2025-12-22,CÓRDOBA,WENCESLAO ESCALANTE,330
2025-12-22,ENTRE RÍOS,COSTA GRANDE,210
2025-12-22,ENTRE RÍOS,DON CRISTOBAL SEGUND,300
2025-12-22,ENTRE RÍOS,GENERAL GALARZA,500
2025-12-22,ENTRE RÍOS,GUALEGUAYCHU,665
2025-12-22,ENTRE RÍOS,LA PAZ,6000
2025-12-22,ENTRE RÍOS,LUCAS GONZALEZ,2530
2025-12-22,ENTRE RÍOS,SEGUI,30
2025-12-22,ENTRE RÍOS,SOLA,180
2025-12-22,ENTRE RÍOS,TRES BOCAS,1000
2025-12-22,ENTRE RÍOS,VILLA ELISA,300
2025-12-22,ENTRE RÍOS,VILLAGUAY,50
2025-12-22,LA PAMPA,CATRILO,360
2025-12-22,LA PAMPA,EDUARDO CASTEX,2000
2025-12-22,LA PAMPA,GENERAL PICO,1000
2025-12-22,SALTA,ANTA,77
2025-12-22,SANTA FE,ALDAO,60
2025-12-22,SANTA FE,ARMSTRONG,720
2025-12-22,SANTA FE,BARRANCAS,120
2025-12-22,SANTA FE,BOMBAL,90
2025-12-22,SANTA FE,CAÑADA DE GOMEZ,8000
2025-12-22,SANTA FE,CHAPUY,6000
2025-12-22,SANTA FE,COLONIA SAN FRANCISC,100
2025-12-22,SANTA FE,EL TREBOL,140
2025-12-22,SANTA FE,GENERAL LAGOS,710
2025-12-22,SANTA FE,IRIGOYEN,30
2025-12-22,SANTA FE,JUNCAL,300
2025-12-22,SANTA FE,LANDETA,500
2025-12-22,SANTA FE,LAS PETACAS,260
2025-12-22,SANTA FE,LAS ROSAS,180
2025-12-22,SANTA FE,LOS QUIRQUINCHOS,1500
2025-12-22,SANTA FE,LUIS PALACIOS,5840
2025-12-22,SANTA FE,MARGARITA,500
2025-12-22,SANTA FE,MARIA SUSANA,60
2025-12-22,SANTA FE,MONJE,3000
2025-12-22,SANTA FE,PAZ,660
2025-12-22,SANTA FE,PILAR,5600
2025-12-22,SANTA FE,PUEBLO RAMONA,300
2025-12-22,SANTA FE,PUERTO GRAL SAN MARTIN,5000
2025-12-22,SANTA FE,RAFAELA,2000
2025-12-22,SANTA FE,ROSARIO,3730
2025-12-22,SANTA FE,SAN JUSTO,2750
2025-12-22,SANTA FE,SAN LORENZO,14150
2025-12-22,SANTA FE,SAN MARCOS DE VENADO,1000
2025-12-22,SANTA FE,SANCTI SPIRITU,22000
2025-12-22,SANTA FE,SANTA ISABEL,10000
2025-12-22,SANTA FE,TIMBUES,300
2025-12-22,SANTA FE,TOTORAS,930
2025-12-22,SANTA FE,VENADO TUERTO,1400
2025-12-22,SANTA FE,VIDELA,600
2025-12-22,SANTA FE,VILLA CAÑAS,750
2025-12-22,SANTIAGO DEL ESTERO,LOS JURIES,829
2025-12-22,SANTIAGO DEL ESTERO,QUIMILI,4500
2025-12-23,BUENOS AIRES,ALBERTI,2000
2025-12-23,BUENOS AIRES,AMERICA,1820
2025-12-23,BUENOS AIRES,ARRECIFES,210
2025-12-23,BUENOS AIRES,AZUL,90
2025-12-23,BUENOS AIRES,BALCARCE,210
2025-12-23,BUENOS AIRES,BERUTTI,2000
2025-12-23,BUENOS AIRES,BOLIVAR,150
2025-12-23,BUENOS AIRES,BRAGADO,5710
2025-12-23,BUENOS AIRES,CHACABUCO,390
2025-12-23,BUENOS AIRES,CUATRO DE NOVIEMBRE,1000
2025-12-23,BUENOS AIRES,GENERAL VILLEGAS,4530
2025-12-23,BUENOS AIRES,HENDERSON,30
2025-12-23,BUENOS AIRES,INGENIERO WHITE,1200
2025-12-23,BUENOS AIRES,LINCOLN,1000
2025-12-23,BUENOS AIRES,PEHUAJO,1150
2025-12-23,BUENOS AIRES,PERGAMINO,900
2025-12-23,BUENOS AIRES,ROJAS,2068
2025-12-23,BUENOS AIRES,SALLIQUELO,200
2025-12-23,BUENOS AIRES,SALTO,2450
2025-12-23,BUENOS AIRES,SAN ANDRES DE GILES,1200
2025-12-23,BUENOS AIRES,TRENQUE LAUQUEN,4000
2025-12-23,BUENOS AIRES,VICENTE LOPEZ,110
2025-12-23,BUENOS AIRES,VILLA MOQUEHUA,1300
2025-12-23,CHACO,GANCEDO,1000
2025-12-23,CHACO,LAS BREÑAS,500
2025-12-23,CHACO,LOS FRENTONES,1000
2025-12-23,CHACO,PINEDO CENTRAL,120
2025-12-23,CHACO,RIO MUERTO,500
2025-12-23,CÓRDOBA,ABBURRA,600
2025-12-23,CÓRDOBA,ALEJO LEDESMA,400
2025-12-23,CÓRDOBA,ARROYO CABRAL,500
2025-12-23,CÓRDOBA,BARRIO FLORENTINO AM,4000
2025-12-23,CÓRDOBA,CANALS,2300
2025-12-23,CÓRDOBA,CAVANAGH,200
2025-12-23,CÓRDOBA,CHAJAN,200
2025-12-23,CÓRDOBA,COLONIA CALCHAQUI,90
2025-12-23,CÓRDOBA,CORDOBA,500
2025-12-23,CÓRDOBA,CORONEL MOLDES,100
2025-12-23,CÓRDOBA,CUATRO VIENTOS,200
2025-12-23,CÓRDOBA,GENERAL BALDISSERA,2000
2025-12-23,CÓRDOBA,HERNANDO,300
2025-12-23,CÓRDOBA,HIPOLITO BOUCHARD,2000
2025-12-23,CÓRDOBA,HUANCHILLA,400
2025-12-23,CÓRDOBA,HUINCA RENANCO,300
2025-12-23,CÓRDOBA,INRIVILLE,400
2025-12-23,CÓRDOBA,JAMES CRAIK,110
2025-12-23,CÓRDOBA,JESUS MARIA,800
2025-12-23,CÓRDOBA,JUSTINIANO POSSE,4000
2025-12-23,CÓRDOBA,LA AGUADA (DPTO. RIO,90
2025-12-23,CÓRDOBA,LA CARLOTA,90
2025-12-23,CÓRDOBA,LABOULAYE,90
2025-12-23,CÓRDOBA,LEONES,3210
2025-12-23,CÓRDOBA,LOS CISNES,1300
2025-12-23,CÓRDOBA,MARCOS JUAREZ,1270
2025-12-23,CÓRDOBA,MONTE BUEY,300
2025-12-23,CÓRDOBA,MONTE CRISTO,300
2025-12-23,CÓRDOBA,RIO CUARTO,5417
2025-12-23,CÓRDOBA,RIO PRIMERO,89
2025-12-23,CÓRDOBA,SAN BASILIO,500
2025-12-23,CÓRDOBA,SAN FRANCISCO (DPTO.,400
2025-12-23,CÓRDOBA,SANTA ROSA DE RIO PR,500
2025-12-23,CÓRDOBA,SERRANO,185
2025-12-23,CÓRDOBA,SINSACATE,2600
2025-12-23,CÓRDOBA,TRANSITO,60
2025-12-23,CÓRDOBA,VICUÑA MACKENNA,1480
2025-12-23,CÓRDOBA,VILLA DEL ROSARIO,100
2025-12-23,CÓRDOBA,VILLA VALERIA,310
2025-12-23,CÓRDOBA,WENCESLAO ESCALANTE,7110
2025-12-23,ENTRE RÍOS,ALDEA VALLE MARIA,358
2025-12-23,ENTRE RÍOS,DIAMANTE,340
2025-12-23,ENTRE RÍOS,FEDERAL,300
2025-12-23,ENTRE RÍOS,GUALEGUAY,300
2025-12-23,ENTRE RÍOS,LA PAZ,400
2025-12-23,ENTRE RÍOS,LUCAS GONZALEZ,180
2025-12-23,ENTRE RÍOS,MARIA GRANDE,340
2025-12-23,ENTRE RÍOS,NOGOYA,150
2025-12-23,ENTRE RÍOS,SEGUI,1157
2025-12-23,ENTRE RÍOS,VIALE,670
2025-12-23,ENTRE RÍOS,VICTORIA,1440
2025-12-23,ENTRE RÍOS,VILLA SAN MARCIAL,120
2025-12-23,LA PAMPA,CAMPO LUDUEÑA,4500
2025-12-23,LA PAMPA,CEBALLOS,210
2025-12-23,LA PAMPA,GENERAL PICO,5600
2025-12-23,SALTA,ANTA,75
2025-12-23,SALTA,GENERAL PIZARRO,250
2025-12-23,SALTA,LAS LAJITAS,1170
2025-12-23,SAN LUIS,JUSTO DARACT,5350
2025-12-23,SAN LUIS,NASCHEL,120
2025-12-23,SAN LUIS,VILLA MERCEDES,590
2025-12-23,SANTA FE,AMENABAR,200
2025-12-23,SANTA FE,ARMINDA,150
2025-12-23,SANTA FE,ARMSTRONG,3450
2025-12-23,SANTA FE,ARROYO SECO,2000
2025-12-23,SANTA FE,BOUQUET,150
2025-12-23,SANTA FE,BUSTINZA,500
2025-12-23,SANTA FE,CAFFERATA,300
2025-12-23,SANTA FE,CARLOS PELLEGRINI,710
2025-12-23,SANTA FE,CAÑADA DE GOMEZ,8000
2025-12-23,SANTA FE,CHABAS,191
2025-12-23,SANTA FE,CHAPUY,29800
2025-12-23,SANTA FE,CHAÑAR LADEADO,120
2025-12-23,SANTA FE,ESMERALDA,60
2025-12-23,SANTA FE,GALVEZ,60
2025-12-23,SANTA FE,GOBERNADOR CRESPO,200
2025-12-23,SANTA FE,LA JOSEFINA,650
2025-12-23,SANTA FE,LANDETA,500
2025-12-23,SANTA FE,LAS PETACAS,180
2025-12-23,SANTA FE,LOS SEMBRADOS,100
2025-12-23,SANTA FE,LUIS PALACIOS,10610
2025-12-23,SANTA FE,MARGARITA,270
2025-12-23,SANTA FE,MARIA SUSANA,90
2025-12-23,SANTA FE,MURPHY,300
2025-12-23,SANTA FE,PILAR,1290
2025-12-23,SANTA FE,PUERTO GRAL SAN MARTIN,1000
2025-12-23,SANTA FE,RAFAELA,3000
2025-12-23,SANTA FE,ROSARIO,24540
2025-12-23,SANTA FE,RUFINO,26
2025-12-23,SANTA FE,SAGUIER,360
2025-12-23,SANTA FE,SAN CARLOS CENTRO,950
2025-12-23,SANTA FE,SAN JORGE,120
2025-12-23,SANTA FE,SAN JUSTO,360
2025-12-23,SANTA FE,SAN LORENZO,13618
2025-12-23,SANTA FE,SAN MARCELO,70
2025-12-23,SANTA FE,SAN MARCOS DE VENADO,10000
2025-12-23,SANTA FE,SAN VICENTE (DPTO. C,5180
2025-12-23,SANTA FE,SANCTI SPIRITU,200
2025-12-23,SANTA FE,SANTA FE,3800
2025-12-23,SANTA FE,SANTA ISABEL,2000
2025-12-23,SANTA FE,TEODELINA,175
2025-12-23,SANTA FE,TOTORAS,750
2025-12-23,SANTA FE,VENADO TUERTO,2500
2025-12-23,SANTA FE,VIDELA,600
2025-12-23,SANTA FE,VILLA CAÑAS,2000
2025-12-23,SANTA FE,VILLA MINETTI,500
2025-12-23,SANTIAGO DEL ESTERO,BANDERA,100
2025-12-23,SANTIAGO DEL ESTERO,JIMENEZ,300
2025-12-23,SANTIAGO DEL ESTERO,OTUMPA,500
2025-12-23,SANTIAGO DEL ESTERO,QUIMILI,1300
2025-12-23,SANTIAGO DEL ESTERO,SACHAYOJ,2000
2025-12-23,TUCUMÁN,BURRUYACU,2000
2025-12-24,BUENOS AIRES,LOBERIA,30
2025-12-24,BUENOS AIRES,NECOCHEA,60
2025-12-24,CÓRDOBA,CANALS,1000
2025-12-26,BUENOS AIRES,AMERICA,180
2025-12-26,BUENOS AIRES,ARRIBEÑOS,333
2025-12-26,BUENOS AIRES,ASTURIAS,500
2025-12-26,BUENOS AIRES,BOLIVAR,210
2025-12-26,BUENOS AIRES,CARLOS CASARES,5000
2025-12-26,BUENOS AIRES,CARMEN DE ARECO,200
2025-12-26,BUENOS AIRES,CHACABUCO,250
2025-12-26,BUENOS AIRES,GENERAL BELGRANO,120
2025-12-26,BUENOS AIRES,JUNIN,20
2025-12-26,BUENOS AIRES,LA DULCE,150
2025-12-26,BUENOS AIRES,LINCOLN,1000
2025-12-26,BUENOS AIRES,LOBERIA,510
2025-12-26,BUENOS AIRES,MUNRO,1000
2025-12-26,BUENOS AIRES,PEHUAJO,585
2025-12-26,BUENOS AIRES,PERGAMINO,60
2025-12-26,BUENOS AIRES,PIGUE,150
2025-12-26,BUENOS AIRES,RAMALLO,600
2025-12-26,BUENOS AIRES,ROJAS,920
2025-12-26,BUENOS AIRES,TRENQUE LAUQUEN,3000
2025-12-26,BUENOS AIRES,TRES ARROYOS,1100
2025-12-26,BUENOS AIRES,VEDIA,500
2025-12-26,BUENOS AIRES,VICENTE LOPEZ,120
2025-12-26,CHACO,PAMPA DEL INFIERNO,1129
2025-12-26,CIUDAD AUTÓNOMA DE BUENOS AIRES,CAPITAL FEDERAL,350
2025-12-26,CÓRDOBA,ALEJO LEDESMA,900
2025-12-26,CÓRDOBA,ALMAFUERTE,1500
2025-12-26,CÓRDOBA,BELL VILLE,180
2025-12-26,CÓRDOBA,CANALS,400
2025-12-26,CÓRDOBA,GENERAL CABRERA,300
2025-12-26,CÓRDOBA,GUATIMOZIN,500
2025-12-26,CÓRDOBA,HERNANDO,90
2025-12-26,CÓRDOBA,HUINCA RENANCO,2000
2025-12-26,CÓRDOBA,LA CARLOTA,90
2025-12-26,CÓRDOBA,LA PUERTA (DPTO. RIO,1000
2025-12-26,CÓRDOBA,MARCOS JUAREZ,600
2025-12-26,CÓRDOBA,MONTE BUEY,2919
2025-12-26,CÓRDOBA,MONTE MAIZ,820
2025-12-26,CÓRDOBA,NOETINGER,420
2025-12-26,CÓRDOBA,OLIVA,300
2025-12-26,CÓRDOBA,PASCANAS,300
2025-12-26,CÓRDOBA,PILAR,490
2025-12-26,CÓRDOBA,PLAZA SAN FRANCISCO,120
2025-12-26,CÓRDOBA,PORTEÑA,700
2025-12-26,CÓRDOBA,RIO CUARTO,215
2025-12-26,CÓRDOBA,SAN FRANCISCO (DPTO.,60
2025-12-26,CÓRDOBA,TRANSITO,490
2025-12-26,CÓRDOBA,UCACHA,35
2025-12-26,CÓRDOBA,VIAMONTE,24
2025-12-26,CÓRDOBA,VILLA HUIDOBRO,224
2025-12-26,CÓRDOBA,WENCESLAO ESCALANTE,12930
2025-12-26,ENTRE RÍOS,ALDEA SAN FRANCISCO,93
2025-12-26,ENTRE RÍOS,BARRIO CARCEL,740
2025-12-26,ENTRE RÍOS,CRUCESITAS 8A. SECCI,54
2025-12-26,ENTRE RÍOS,DIAMANTE,1500
2025-12-26,ENTRE RÍOS,GOBERNADOR MANSILLA,150
2025-12-26,ENTRE RÍOS,LA PAZ,3540
2025-12-26,ENTRE RÍOS,LUCAS GONZALEZ,349
2025-12-26,ENTRE RÍOS,MARIA GRANDE PRIMERA,130
2025-12-26,ENTRE RÍOS,PARANA,500
2025-12-26,ENTRE RÍOS,RINCON DE NOGOYA,3000
2025-12-26,ENTRE RÍOS,SANTA ELENA (ARROYO,120
2025-12-26,ENTRE RÍOS,SOLA,500
2025-12-26,ENTRE RÍOS,URDINARRAIN,125
2025-12-26,ENTRE RÍOS,VIALE,190
2025-12-26,ENTRE RÍOS,VICTORIA,300
2025-12-26,ENTRE RÍOS,VILLA FONTANA,2000
2025-12-26,ENTRE RÍOS,VILLAGUAY,100
2025-12-26,FORMOSA,COLONIA PERIN,700
2025-12-26,LA PAMPA,BERNARDO LARROUDE,3200
2025-12-26,LA PAMPA,CAMPO LUDUEÑA,1000
2025-12-26,LA PAMPA,INTENDENTE ALVEAR,60
2025-12-26,SALTA,LAS LAJITAS,500
2025-12-26,SANTA FE,ARMSTRONG,2460
2025-12-26,SANTA FE,ARROYO SECO,1000
2025-12-26,SANTA FE,CAÑADA DE GOMEZ,60
2025-12-26,SANTA FE,CAÑADA ROSQUIN,1860
2025-12-26,SANTA FE,CHAPUY,10000
2025-12-26,SANTA FE,COLONIA SAN ANTONIO,70
2025-12-26,SANTA FE,ELORTONDO,400
2025-12-26,SANTA FE,HUGHES,2600
2025-12-26,SANTA FE,IRIGOYEN,300
2025-12-26,SANTA FE,LA CHISPA,384
2025-12-26,SANTA FE,LAS PETACAS,90
2025-12-26,SANTA FE,LAS ROSAS,2360
2025-12-26,SANTA FE,LUIS PALACIOS,6100
2025-12-26,SANTA FE,MARIA SUSANA,800
2025-12-26,SANTA FE,MURPHY,330
2025-12-26,SANTA FE,PAZ,300
2025-12-26,SANTA FE,RUFINO,159
2025-12-26,SANTA FE,SAN CARLOS CENTRO,500
2025-12-26,SANTA FE,SAN GENARO,1000
2025-12-26,SANTA FE,SAN JERONIMO SUD,90
2025-12-26,SANTA FE,SAN JORGE,1000
2025-12-26,SANTA FE,SAN JUSTO,4875
2025-12-26,SANTA FE,SAN LORENZO,2400
2025-12-26,SANTA FE,SAN MARCELO,300
2025-12-26,SANTA FE,SANTA FE,1000
2025-12-26,SANTA FE,SANTA ISABEL,500
2025-12-26,SANTA FE,SARGENTO CABRAL,660
2025-12-26,SANTA FE,SERODINO,725
2025-12-26,SANTA FE,TEODELINA,35
2025-12-26,SANTA FE,VENADO TUERTO,2000
2025-12-26,SANTA FE,VIDELA,1000
2025-12-26,SANTA FE,VILLA CAÑAS,560
2025-12-26,SANTA FE,WHEELWRIGHT,5000
2025-12-26,SANTIAGO DEL ESTERO,AVERIAS,52
2025-12-26,SANTIAGO DEL ESTERO,BANDERA,1000
2025-12-26,SANTIAGO DEL ESTERO,EL CHARCO,300
2025-12-26,SANTIAGO DEL ESTERO,PAMPA DE LOS GUANACO,100
2025-12-27,CÓRDOBA,RIO CUARTO,60
2025-12-27,SANTA FE,CAÑADA ROSQUIN,800
2025-12-29,BUENOS AIRES,AMERICA,150
2025-12-29,BUENOS AIRES,ASCENSION,2000
2025-12-29,BUENOS AIRES,BOLIVAR,77
2025-12-29,BUENOS AIRES,BRAGADO,500
2025-12-29,BUENOS AIRES,CHACABUCO,120
2025-12-29,BUENOS AIRES,CHIVILCOY,28
2025-12-29,BUENOS AIRES,CORONEL DORREGO,120
2025-12-29,BUENOS AIRES,CORONEL SUAREZ,300
2025-12-29,BUENOS AIRES,DAIREAUX,330
2025-12-29,BUENOS AIRES,LINCOLN,1500
2025-12-29,BUENOS AIRES,NECOCHEA,1500
2025-12-29,BUENOS AIRES,PEHUAJO,5013
2025-12-29,BUENOS AIRES,PERGAMINO,400
2025-12-29,BUENOS AIRES,PIEDRITAS,420
2025-12-29,BUENOS AIRES,SALTO,2000
2025-12-29,BUENOS AIRES,SAN FRANCISCO DE BEL,5000
2025-12-29,BUENOS AIRES,TRENQUE LAUQUEN,500
2025-12-29,BUENOS AIRES,VEDIA,3200
2025-12-29,CHACO,COLONIA BERNARDINO R,51
2025-12-29,CHACO,LOS FRENTONES,343
2025-12-29,CIUDAD AUTÓNOMA DE BUENOS AIRES,CAPITAL FEDERAL,300
2025-12-29,CÓRDOBA,BELL VILLE,200
2025-12-29,CÓRDOBA,COLONIA ALMADA,302
2025-12-29,CÓRDOBA,GENERAL CABRERA,10000
2025-12-29,CÓRDOBA,HUINCA RENANCO,29
2025-12-29,CÓRDOBA,JUSTINIANO POSSE,400
2025-12-29,CÓRDOBA,LA CARLOTA,104
2025-12-29,CÓRDOBA,LABOULAYE,60
2025-12-29,CÓRDOBA,LAS VARAS,300
2025-12-29,CÓRDOBA,LEONES,3060
2025-12-29,CÓRDOBA,MARCOS JUAREZ,600
2025-12-29,CÓRDOBA,MONTE BUEY,510
2025-12-29,CÓRDOBA,MONTE MAIZ,590
2025-12-29,CÓRDOBA,NOETINGER,500
2025-12-29,CÓRDOBA,OLIVA,710
2025-12-29,CÓRDOBA,ONCATIVO,39
2025-12-29,CÓRDOBA,RIO CUARTO,1500
2025-12-29,CÓRDOBA,RIO PRIMERO,90
2025-12-29,CÓRDOBA,RIO TERCERO,30
2025-12-29,CÓRDOBA,SAN FRANCISCO (DPTO.,100
2025-12-29,CÓRDOBA,TRANSITO,270
2025-12-29,CÓRDOBA,UCACHA,30
2025-12-29,CÓRDOBA,VICUÑA MACKENNA,1560
2025-12-29,ENTRE RÍOS,BASAVILBASO,2000
2025-12-29,ENTRE RÍOS,FEDERAL,75
2025-12-29,ENTRE RÍOS,GUALEGUAY,9500
2025-12-29,ENTRE RÍOS,LA PAZ,160
2025-12-29,ENTRE RÍOS,LUCAS GONZALEZ,270
2025-12-29,ENTRE RÍOS,NOGOYA,1630
2025-12-29,ENTRE RÍOS,SOLA,300
2025-12-29,ENTRE RÍOS,VIALE,350
2025-12-29,ENTRE RÍOS,VICTORIA,300
2025-12-29,ENTRE RÍOS,VILLAGUAY,700
2025-12-29,LA PAMPA,BERNARDO LARROUDE,900
2025-12-29,SAN LUIS,NASCHEL,300
2025-12-29,SANTA FE,ALCORTA DTO CONSTITU,1000
2025-12-29,SANTA FE,ARMSTRONG,780
2025-12-29,SANTA FE,BIGAND,1000
2025-12-29,SANTA FE,BOUQUET,150
2025-12-29,SANTA FE,CARRERAS,1000
2025-12-29,SANTA FE,CHABAS,1000
2025-12-29,SANTA FE,CHAPUY,3000
2025-12-29,SANTA FE,EL TREBOL,200
2025-12-29,SANTA FE,ESMERALDA,300
2025-12-29,SANTA FE,GODOY,800
2025-12-29,SANTA FE,LAS PAREJAS,300
2025-12-29,SANTA FE,LOPEZ,60
2025-12-29,SANTA FE,LUIS PALACIOS,500
2025-12-29,SANTA FE,MAGGIOLO,140
2025-12-29,SANTA FE,MARIA SUSANA,770
2025-12-29,SANTA FE,MURPHY,100
2025-12-29,SANTA FE,PAZ,60
2025-12-29,SANTA FE,PILAR,450
2025-12-29,SANTA FE,PUERTO GRAL SAN MARTIN,4100
2025-12-29,SANTA FE,RAFAELA,1000
2025-12-29,SANTA FE,ROSARIO,1013
2025-12-29,SANTA FE,RUFINO,1000
2025-12-29,SANTA FE,SAN JORGE,1380
2025-12-29,SANTA FE,SAN JUSTO,388
2025-12-29,SANTA FE,SAN LORENZO,300
2025-12-29,SANTA FE,SANTA FE,5420
2025-12-29,SANTA FE,VENADO TUERTO,1000
2025-12-29,SANTA FE,ZENON PEREYRA,180
2025-12-29,SANTIAGO DEL ESTERO,NUEVA ESPERANZA (DPT,280
2025-12-29,SANTIAGO DEL ESTERO,OTUMPA,200
2025-12-29,SANTIAGO DEL ESTERO,ROVERSI,1000
2025-12-30,BUENOS AIRES,CHACABUCO,290
2025-12-30,BUENOS AIRES,CHIVILCOY,60
2025-12-30,BUENOS AIRES,JUNIN,100
2025-12-30,BUENOS AIRES,LINCOLN,1065
2025-12-30,BUENOS AIRES,LOBERIA,182
2025-12-30,BUENOS AIRES,PEHUAJO,24
2025-12-30,BUENOS AIRES,SAN FRANCISCO DE BEL,500
2025-12-30,CÓRDOBA,CAMILO ALDAO,1000
2025-12-30,CÓRDOBA,DEVOTO,120
2025-12-30,CÓRDOBA,GENERAL CABRERA,600
2025-12-30,CÓRDOBA,HIPOLITO BOUCHARD,100
2025-12-30,CÓRDOBA,LA BRIANZA,500
2025-12-30,CÓRDOBA,LA CARLOTA,390
2025-12-30,CÓRDOBA,LA CESIRA,360
2025-12-30,CÓRDOBA,LA FRANCIA,200
2025-12-30,CÓRDOBA,LAS VARILLAS,240
2025-12-30,CÓRDOBA,MONTE MAIZ,200
2025-12-30,CÓRDOBA,NOETINGER,600
2025-12-30,CÓRDOBA,ONCATIVO,200
2025-12-30,CÓRDOBA,PILAR,3740
2025-12-30,CÓRDOBA,PINCEN,5000
2025-12-30,CÓRDOBA,POZO DEL MOLLE (DPTO,120
2025-12-30,CÓRDOBA,RIO CUARTO,640
2025-12-30,CÓRDOBA,TICINO,120
2025-12-30,CÓRDOBA,VICUÑA MACKENNA,120
2025-12-30,ENTRE RÍOS,DIAMANTE,1000
2025-12-30,ENTRE RÍOS,GOBERNADOR MANSILLA,300
2025-12-30,ENTRE RÍOS,GUALEGUAY,4000
2025-12-30,ENTRE RÍOS,GUALEGUAYCHU,500
2025-12-30,ENTRE RÍOS,LA PAZ,1170
2025-12-30,ENTRE RÍOS,NOGOYA,90
2025-12-30,ENTRE RÍOS,VIALE,160
2025-12-30,ENTRE RÍOS,VICTORIA,2000
2025-12-30,LA PAMPA,GENERAL PICO,500
2025-12-30,LA PAMPA,INTENDENTE ALVEAR,390
2025-12-30,SANTA FE,ARMSTRONG,120
2025-12-30,SANTA FE,LOPEZ,570
2025-12-30,SANTA FE,LUIS PALACIOS,340
2025-12-30,SANTA FE,PUERTO GRAL SAN MARTIN,700
2025-12-30,SANTA FE,RUFINO,77
2025-12-30,SANTA FE,SAN JUSTO,1060
2025-12-30,SANTA FE,SAN LORENZO,140
2025-12-30,SANTA FE,SAN MARCOS DE VENADO,1000
2025-12-30,SANTA FE,VILLA CAÑAS,300
2025-12-30,SANTIAGO DEL ESTERO,SACHAYOJ,12320
2026-01-01,ENTRE RÍOS,NOGOYA,400
2026-01-02,BUENOS AIRES,ALBERTI,300
2026-01-02,BUENOS AIRES,CARHUE,70
2026-01-02,BUENOS AIRES,CARLOS CASARES,1700
2026-01-02,BUENOS AIRES,MAIPU,60
2026-01-02,BUENOS AIRES,SALTO,212
2026-01-02,BUENOS AIRES,SAN ANDRES DE GILES,2000
2026-01-02,CHACO,COLONIA NECOCHEA SUD,4
2026-01-02,CÓRDOBA,COLONIA ARROYO DE AL,1220
2026-01-02,CÓRDOBA,JESUS MARIA,7
2026-01-02,CÓRDOBA,LABOULAYE,60
2026-01-02,CÓRDOBA,MARCOS JUAREZ,30
2026-01-02,CÓRDOBA,OLIVA,2750
2026-01-02,CÓRDOBA,PASCANAS,120
2026-01-02,CÓRDOBA,RIO CUARTO,65
2026-01-02,CÓRDOBA,SAN FRANCISCO (DPTO.,150
2026-01-02,ENTRE RÍOS,CONCEPCION DEL URUGU,300
2026-01-02,ENTRE RÍOS,HERNANDARIAS,107
2026-01-02,ENTRE RÍOS,LARROQUE,60
2026-01-02,ENTRE RÍOS,SOLA,300
2026-01-02,ENTRE RÍOS,VALLE MARIA,26
2026-01-02,ENTRE RÍOS,VIALE,300
2026-01-02,LA PAMPA,GENERAL PICO,1589
2026-01-02,SANTA FE,ARMINDA,150
2026-01-02,SANTA FE,ARMSTRONG,120
2026-01-02,SANTA FE,BERNARDO DE IRIGOYEN,60
2026-01-02,SANTA FE,CHAPUY,300
2026-01-02,SANTA FE,GODOY,400
2026-01-02,SANTA FE,LOPEZ,60
2026-01-02,SANTA FE,PAZ,240
2026-01-02,SANTA FE,PILAR,270
2026-01-02,SANTA FE,POZO BORRADO,82
2026-01-02,SANTA FE,RAFAELA,5000
2026-01-02,SANTA FE,RUFINO,5
2026-01-02,SANTA FE,SANTA FE,2000
2026-01-02,SANTA FE,VILLA CAÑAS,240
2026-01-02,SANTA FE,VILLA MINETTI,1000
2026-01-02,SANTIAGO DEL ESTERO,BANDERA,297
2026-01-02,SANTIAGO DEL ESTERO,LA ROSILLA,55
2026-01-02,SANTIAGO DEL ESTERO,QUIMILI,17
2026-01-05,BUENOS AIRES,ALBERTI,60
2026-01-05,BUENOS AIRES,ARRECIFES,500
2026-01-05,BUENOS AIRES,ARRIBEÑOS,48
2026-01-05,BUENOS AIRES,BAHIA BLANCA,5749
2026-01-05,BUENOS AIRES,BRAGADO,670
2026-01-05,BUENOS AIRES,CHACABUCO,3000
2026-01-05,BUENOS AIRES,CORONEL PRINGLES,30
2026-01-05,BUENOS AIRES,DAIREAUX,2666
2026-01-05,BUENOS AIRES,GENERAL VILLEGAS,800
2026-01-05,BUENOS AIRES,GONZALEZ MORENO,150
2026-01-05,BUENOS AIRES,JUNIN,30
2026-01-05,BUENOS AIRES,LOBERIA,210
2026-01-05,BUENOS AIRES,PEHUAJO,336
2026-01-05,BUENOS AIRES,PIGUE,1000
2026-01-05,BUENOS AIRES,QUEQUEN,600
2026-01-05,BUENOS AIRES,ROJAS,1150
2026-01-05,BUENOS AIRES,SALTO,105
2026-01-05,CATAMARCA,BAÑADO DE OVANTA,300
2026-01-05,CÓRDOBA,ADELIA MARIA,500
2026-01-05,CÓRDOBA,ALEJANDRO ROCA,400
2026-01-05,CÓRDOBA,ARROYITO,600
2026-01-05,CÓRDOBA,BALLESTEROS,500
2026-01-05,CÓRDOBA,CAVANAGH,120
2026-01-05,CÓRDOBA,CORDOBA,330
2026-01-05,CÓRDOBA,CORONEL MOLDES,500
2026-01-05,CÓRDOBA,DEVOTO,120
2026-01-05,CÓRDOBA,GENERAL CABRERA,120
2026-01-05,CÓRDOBA,GUATIMOZIN,78
2026-01-05,CÓRDOBA,HERNANDO,178
2026-01-05,CÓRDOBA,LA CESIRA,90
2026-01-05,CÓRDOBA,LABOULAYE,60
2026-01-05,CÓRDOBA,MARCOS JUAREZ,360
2026-01-05,CÓRDOBA,MATTALDI,300
2026-01-05,CÓRDOBA,MONTE MAIZ,500
2026-01-05,CÓRDOBA,MONTE RALO,282
2026-01-05,CÓRDOBA,NOETINGER,400
2026-01-05,CÓRDOBA,RIO PRIMERO,235
2026-01-05,CÓRDOBA,RIO TERCERO,300
2026-01-05,CÓRDOBA,SACANTA,450
2026-01-05,CÓRDOBA,VICUÑA MACKENNA,1000
2026-01-05,CÓRDOBA,VILLA VALERIA,300
2026-01-05,CÓRDOBA,WENCESLAO ESCALANTE,870
2026-01-05,ENTRE RÍOS,GUALEGUAY,1500
2026-01-05,ENTRE RÍOS,GUALEGUAYCHU,500
2026-01-05,ENTRE RÍOS,LUCAS GONZALEZ,90
2026-01-05,ENTRE RÍOS,NOGOYA,150
2026-01-05,ENTRE RÍOS,SANTA ELENA (ARROYO,1000
2026-01-05,ENTRE RÍOS,SOLA,1140
2026-01-05,ENTRE RÍOS,VICTORIA,500
2026-01-05,ENTRE RÍOS,VILLA DEL ROSARIO,2016
2026-01-05,LA PAMPA,EDUARDO CASTEX,3150
2026-01-05,SANTA FE,ALCORTA DTO CONSTITU,600
2026-01-05,SANTA FE,AMENABAR,200
2026-01-05,SANTA FE,ARMSTRONG,760
2026-01-05,SANTA FE,CARCARAÑA,50
2026-01-05,SANTA FE,CASILDA,520
2026-01-05,SANTA FE,CORONEL ARNOLD,400
2026-01-05,SANTA FE,LAS ROSAS,60
2026-01-05,SANTA FE,LLAMBI CAMPBELL,210
2026-01-05,SANTA FE,LOPEZ,90
2026-01-05,SANTA FE,LUIS PALACIOS,9450
2026-01-05,SANTA FE,MANUCHO,500
2026-01-05,SANTA FE,MARGARITA,500
2026-01-05,SANTA FE,MARIA SUSANA,500
2026-01-05,SANTA FE,PAZ,810
2026-01-05,SANTA FE,PILAR,1120
2026-01-05,SANTA FE,PUERTO GRAL SAN MARTIN,400
2026-01-05,SANTA FE,RAFAELA,3000
2026-01-05,SANTA FE,ROSARIO,1000
2026-01-05,SANTA FE,RUFINO,72
2026-01-05,SANTA FE,SAN JUSTO,590
2026-01-05,SANTA FE,SAN MARCOS DE VENADO,3000
2026-01-05,SANTA FE,SANCTI SPIRITU,350
2026-01-05,SANTA FE,SANTA FE,1000
2026-01-05,SANTA FE,VENADO TUERTO,1000
2026-01-05,SANTA FE,VIDELA,1500
2026-01-05,SANTA FE,VILLA CAÑAS,30
2026-01-05,SANTIAGO DEL ESTERO,BANDERA,8
2026-01-05,TUCUMÁN,TUCUMAN,100
2026-01-06,BUENOS AIRES,ALMACEN LA COLONIA,620
2026-01-06,BUENOS AIRES,ARRECIFES,1090
2026-01-06,BUENOS AIRES,ASTURIAS,1000
2026-01-06,BUENOS AIRES,BALNEARIO CLAROMECO,2000
2026-01-06,BUENOS AIRES,BELLOCQ,1500
2026-01-06,BUENOS AIRES,BRAGADO,8800
2026-01-06,BUENOS AIRES,CAPITAN SARMIENTO,1090
2026-01-06,BUENOS AIRES,CARABELAS,240
2026-01-06,BUENOS AIRES,CARLOS CASARES,1450
2026-01-06,BUENOS AIRES,CHACABUCO,2410
2026-01-06,BUENOS AIRES,CORACEROS,1000
2026-01-06,BUENOS AIRES,DAIREAUX,26
2026-01-06,BUENOS AIRES,DEL CARRIL,500
2026-01-06,BUENOS AIRES,EL ARBOLITO,60
2026-01-06,BUENOS AIRES,FERRE,2000
2026-01-06,BUENOS AIRES,GENERAL PINTO,300
2026-01-06,BUENOS AIRES,GENERAL VILLEGAS,800
2026-01-06,BUENOS AIRES,HENDERSON,480
2026-01-06,BUENOS AIRES,INGENIERO THOMPSON,120
2026-01-06,BUENOS AIRES,IRALA,200
2026-01-06,BUENOS AIRES,LAS ARMAS,2000
2026-01-06,BUENOS AIRES,LINCOLN,17346
2026-01-06,BUENOS AIRES,LOS TOLDOS,300
2026-01-06,BUENOS AIRES,MORSE,200
2026-01-06,BUENOS AIRES,PALEMON HUERGO,500
2026-01-06,BUENOS AIRES,PERGAMINO,150
2026-01-06,BUENOS AIRES,PIEDRITAS,1000
2026-01-06,BUENOS AIRES,PIGUE,120
2026-01-06,BUENOS AIRES,RAUCH,120
2026-01-06,BUENOS AIRES,ROJAS,200
2026-01-06,BUENOS AIRES,SALTO,187
2026-01-06,BUENOS AIRES,SAN ANTONIO DE ARECO,1000
2026-01-06,BUENOS AIRES,SAN NICOLAS,1000
2026-01-06,BUENOS AIRES,SARASA,900
2026-01-06,BUENOS AIRES,SOLIS,2000
2026-01-06,BUENOS AIRES,TANDIL,200
2026-01-06,BUENOS AIRES,TRES ARROYOS,600
2026-01-06,BUENOS AIRES,VEDIA,4533
2026-01-06,CÓRDOBA,ABBURRA,500
2026-01-06,CÓRDOBA,ADELIA MARIA,2900
2026-01-06,CÓRDOBA,ALEJANDRO ROCA,90
2026-01-06,CÓRDOBA,ALEJO LEDESMA,450
2026-01-06,CÓRDOBA,ARROYITO,500
2026-01-06,CÓRDOBA,CANALS,1030
2026-01-06,CÓRDOBA,CHILIBROSTE,1000
2026-01-06,CÓRDOBA,COLONIA ALMADA,59
2026-01-06,CÓRDOBA,COLONIA ARROYO DE AL,100
2026-01-06,CÓRDOBA,CORDOBA,1500
2026-01-06,CÓRDOBA,DALMACIO VELEZ,30
2026-01-06,CÓRDOBA,ELENA,2000
2026-01-06,CÓRDOBA,INRIVILLE,410
2026-01-06,CÓRDOBA,ISLA VERDE (DPTO. MA,200
2026-01-06,CÓRDOBA,LABOULAYE,390
2026-01-06,CÓRDOBA,LAGUNA LARGA,600
2026-01-06,CÓRDOBA,LUXARDO,300
2026-01-06,CÓRDOBA,MONTE BUEY,60
2026-01-06,CÓRDOBA,MONTE CRISTO,60
2026-01-06,CÓRDOBA,MONTE MAIZ,10300
2026-01-06,CÓRDOBA,MONTE RALO,474
2026-01-06,CÓRDOBA,NOETINGER,500
2026-01-06,CÓRDOBA,OLIVA,4450
2026-01-06,CÓRDOBA,PILAR,410
2026-01-06,CÓRDOBA,POZO DEL MOLLE (DPTO,300
2026-01-06,CÓRDOBA,RIO CUARTO,400
2026-01-06,CÓRDOBA,SAN FRANCISCO (DPTO.,840
2026-01-06,CÓRDOBA,TRANSITO,300
2026-01-06,CÓRDOBA,VICUÑA MACKENNA,100
2026-01-06,CÓRDOBA,VILLA MARIA (DPTO. G,1140
2026-01-06,CÓRDOBA,WENCESLAO ESCALANTE,250
2026-01-06,ENTRE RÍOS,ALCARAZ SEGUNDO,500
2026-01-06,ENTRE RÍOS,CONCEPCION DEL URUGU,400
2026-01-06,ENTRE RÍOS,GUALEGUAY,2100
2026-01-06,ENTRE RÍOS,HASENKAMP,120
2026-01-06,ENTRE RÍOS,LA PAZ,1000
2026-01-06,ENTRE RÍOS,LARROQUE,1600
2026-01-06,ENTRE RÍOS,MONTOYA-VICTORIA,240
2026-01-06,ENTRE RÍOS,RINCON DE NOGOYA,500
2026-01-06,ENTRE RÍOS,SOLA,120
2026-01-06,ENTRE RÍOS,URDINARRAIN,300
2026-01-06,ENTRE RÍOS,VICTORIA,4800
2026-01-06,LA PAMPA,BERNARDO LARROUDE,200
2026-01-06,LA PAMPA,CAMPO LUDUEÑA,90
2026-01-06,LA PAMPA,CATRILO,1000
2026-01-06,SANTA FE,ALDAO,300
2026-01-06,SANTA FE,AREQUITO,553
2026-01-06,SANTA FE,ARMSTRONG,1000
2026-01-06,SANTA FE,ARROYO SECO,1000
2026-01-06,SANTA FE,BERABEVU,200
2026-01-06,SANTA FE,BIGAND,4000
2026-01-06,SANTA FE,BOMBAL,1000
2026-01-06,SANTA FE,CAMPO CALVO,150
2026-01-06,SANTA FE,CAMPO CLUCELLAS,200
2026-01-06,SANTA FE,CAMPO GRANDE,180
2026-01-06,SANTA FE,CARCARAÑA,420
2026-01-06,SANTA FE,CARLOS PELLEGRINI,1920
2026-01-06,SANTA FE,CARMEN DEL SAUCE,120
2026-01-06,SANTA FE,CAÑADA DE GOMEZ,7000
2026-01-06,SANTA FE,CAÑADA ROSQUIN,750
2026-01-06,SANTA FE,CHABAS,1000
2026-01-06,SANTA FE,CHAPUY,14000
2026-01-06,SANTA FE,CLUCELLAS,120
2026-01-06,SANTA FE,COLONIA LA YERBA,710
2026-01-06,SANTA FE,ESMERALDA,700
2026-01-06,SANTA FE,FUENTES,120
2026-01-06,SANTA FE,HUGHES,1500
2026-01-06,SANTA FE,LAS PETACAS,120
2026-01-06,SANTA FE,LAS ROSAS,500
2026-01-06,SANTA FE,LUIS PALACIOS,5340
2026-01-06,SANTA FE,MARIA SUSANA,300
2026-01-06,SANTA FE,MONTES DE OCA,60
2026-01-06,SANTA FE,PILAR,500
2026-01-06,SANTA FE,PUEBLO RAMONA,910
2026-01-06,SANTA FE,PUERTO GRAL SAN MARTIN,300
2026-01-06,SANTA FE,RAFAELA,2000
2026-01-06,SANTA FE,RAMAYON,1000
2026-01-06,SANTA FE,ROSARIO,15500
2026-01-06,SANTA FE,RUFINO,620
2026-01-06,SANTA FE,SALTO GRANDE,150
2026-01-06,SANTA FE,SAN GENARO,3000
2026-01-06,SANTA FE,SAN JORGE,2000
2026-01-06,SANTA FE,SAN JUSTO,500
2026-01-06,SANTA FE,SAN LORENZO,13960
2026-01-06,SANTA FE,SAN MARCOS DE VENADO,28500
2026-01-06,SANTA FE,SAN VICENTE (DPTO. C,10000
2026-01-06,SANTA FE,SANTA CLARA DE BUENA,1000
2026-01-06,SANTA FE,SANTA EMILIA,150
2026-01-06,SANTA FE,SANTA ISABEL,200
2026-01-06,SANTA FE,SUARDI,30
2026-01-06,SANTA FE,TEODELINA,2300
2026-01-06,SANTA FE,VENADO TUERTO,4100
2026-01-06,SANTA FE,VILLA CAÑAS,6000
2026-01-06,SANTA FE,VILLA TRINIDAD,1530
2026-01-06,SANTIAGO DEL ESTERO,LA PALOMA (EMBARCADE,97
2026-01-07,BUENOS AIRES,9 DE JULIO,3000
2026-01-07,BUENOS AIRES,ALBERTI,1530
2026-01-07,BUENOS AIRES,ALDECON,130
2026-01-07,BUENOS AIRES,ALMACEN LA COLONIA,1000
2026-01-07,BUENOS AIRES,ARRECIFES,590
2026-01-07,BUENOS AIRES,ARRIBEÑOS,1380
2026-01-07,BUENOS AIRES,BALCARCE,890
2026-01-07,BUENOS AIRES,BARADERO,600
2026-01-07,BUENOS AIRES,BRAGADO,5500
2026-01-07,BUENOS AIRES,CARHUE,60
2026-01-07,BUENOS AIRES,CARLOS CASARES,7000
2026-01-07,BUENOS AIRES,CARLOS MARIA NAON,1000
2026-01-07,BUENOS AIRES,CHACABUCO,1110
2026-01-07,BUENOS AIRES,CHIVILCOY,280
2026-01-07,BUENOS AIRES,CORONEL PRINGLES,2000
2026-01-07,BUENOS AIRES,GENERAL VILLEGAS,6100
2026-01-07,BUENOS AIRES,JUNIN,1060
2026-01-07,BUENOS AIRES,LINCOLN,1000
2026-01-07,BUENOS AIRES,PEHUAJO,1193
2026-01-07,BUENOS AIRES,PERGAMINO,150
2026-01-07,BUENOS AIRES,ROJAS,4000
2026-01-07,BUENOS AIRES,SALTO,157
2026-01-07,BUENOS AIRES,SAN ANTONIO DE ARECO,1350
2026-01-07,BUENOS AIRES,SOLIS,500
2026-01-07,BUENOS AIRES,TANDIL,200
2026-01-07,BUENOS AIRES,TRENQUE LAUQUEN,1370
2026-01-07,BUENOS AIRES,TRES ARROYOS,60
2026-01-07,BUENOS AIRES,URQUIZA,200
2026-01-07,BUENOS AIRES,VILLA SABOYA,463
2026-01-07,CÓRDOBA,ALEJO LEDESMA,210
2026-01-07,CÓRDOBA,ALTOS DE CHIPION,120
2026-01-07,CÓRDOBA,ARIAS,120
2026-01-07,CÓRDOBA,BALLESTEROS,500
2026-01-07,CÓRDOBA,BELL VILLE,150
2026-01-07,CÓRDOBA,CAPITAN GENERAL BERN,200
2026-01-07,CÓRDOBA,COLONIA ARGENTINA,30
2026-01-07,CÓRDOBA,COLONIA MARINA,30
2026-01-07,CÓRDOBA,COMECHINGONES (DPTO.,60
2026-01-07,CÓRDOBA,CORONEL MOLDES,1000
2026-01-07,CÓRDOBA,DALMACIO VELEZ,30
2026-01-07,CÓRDOBA,DEL CAMPILLO,222
2026-01-07,CÓRDOBA,GENERAL CABRERA,200
2026-01-07,CÓRDOBA,GENERAL LEVALLE,120
2026-01-07,CÓRDOBA,GENERAL ROCA,240
2026-01-07,CÓRDOBA,HERNANDO,60
2026-01-07,CÓRDOBA,HIPOLITO BOUCHARD,324
2026-01-07,CÓRDOBA,IDIAZABAL,300
2026-01-07,CÓRDOBA,INRIVILLE,210
2026-01-07,CÓRDOBA,JESUS MARIA,180
2026-01-07,CÓRDOBA,JUSTINIANO POSSE,2000
2026-01-07,CÓRDOBA,LA CESIRA,700
2026-01-07,CÓRDOBA,LA PUERTA (DPTO. RIO,200
2026-01-07,CÓRDOBA,LABORDE,5000
2026-01-07,CÓRDOBA,LABOULAYE,1500
2026-01-07,CÓRDOBA,LAS VARILLAS,300
2026-01-07,CÓRDOBA,LEONES,1500
2026-01-07,CÓRDOBA,MARCOS JUAREZ,1000
2026-01-07,CÓRDOBA,MONTE BUEY,1117
2026-01-07,CÓRDOBA,MONTE MAIZ,5000
2026-01-07,CÓRDOBA,MONTE RALO,228
2026-01-07,CÓRDOBA,MORRISON,1090
2026-01-07,CÓRDOBA,OLIVA,1500
2026-01-07,CÓRDOBA,RIO TERCERO,150
2026-01-07,CÓRDOBA,SAN FRANCISCO (DPTO.,910
2026-01-07,CÓRDOBA,SAN MARCOS SUD,1090
2026-01-07,CÓRDOBA,SERRANO,100
2026-01-07,CÓRDOBA,VICUÑA MACKENNA,1266
2026-01-07,CÓRDOBA,VILLA DE MARIA,200
2026-01-07,CÓRDOBA,VILLA MARIA (DPTO. G,5000
2026-01-07,CÓRDOBA,WENCESLAO ESCALANTE,6200
2026-01-07,ENTRE RÍOS,20 DE SEPTIEMBRE,805
2026-01-07,ENTRE RÍOS,ALCARAZ SEGUNDO,300
2026-01-07,ENTRE RÍOS,BASAVILBASO,2000
2026-01-07,ENTRE RÍOS,ESTACION SOLA,240
2026-01-07,ENTRE RÍOS,GENACITO,120
2026-01-07,ENTRE RÍOS,GUALEGUAY,500
2026-01-07,ENTRE RÍOS,HASENKAMP,270
2026-01-07,ENTRE RÍOS,INGENIERO MIGUEL SAJ,120
2026-01-07,ENTRE RÍOS,LA PAZ,300
2026-01-07,ENTRE RÍOS,LUCAS NORTE,1200
2026-01-07,ENTRE RÍOS,RINCON DE NOGOYA,300
2026-01-07,ENTRE RÍOS,SANTA ELENA (ARROYO,200
2026-01-07,ENTRE RÍOS,URDINARRAIN,90
2026-01-07,ENTRE RÍOS,VIALE,620
2026-01-07,ENTRE RÍOS,VICTORIA,510
2026-01-07,LA PAMPA,BERNARDO LARROUDE,590
2026-01-07,LA PAMPA,CATRILO,3000
2026-01-07,LA PAMPA,GENERAL PICO,1000
2026-01-07,SANTA FE,AMENABAR,6000
2026-01-07,SANTA FE,ARMSTRONG,3150
2026-01-07,SANTA FE,ARROYO SECO,1000
2026-01-07,SANTA FE,BIGAND,8000
2026-01-07,SANTA FE,CAÑADA DE GOMEZ,150
2026-01-07,SANTA FE,CHAPUY,4000
2026-01-07,SANTA FE,COLONIA CASTELLANOS,1800
2026-01-07,SANTA FE,CORONEL ARNOLD,1000
2026-01-07,SANTA FE,ESMERALDA,450
2026-01-07,SANTA FE,LAS PAREJAS,1016
2026-01-07,SANTA FE,LAS PETACAS,120
2026-01-07,SANTA FE,LUIS PALACIOS,9820
2026-01-07,SANTA FE,MARIA JUANA,5000
2026-01-07,SANTA FE,MARIA SUSANA,90
2026-01-07,SANTA FE,PAZ,700
2026-01-07,SANTA FE,PEYRANO,2000
2026-01-07,SANTA FE,PIAMONTE,90
2026-01-07,SANTA FE,PILAR,5000
2026-01-07,SANTA FE,PUERTO GRAL SAN MARTIN,3000
2026-01-07,SANTA FE,RAFAELA,7000
2026-01-07,SANTA FE,RICARDONE,150
2026-01-07,SANTA FE,ROSARIO,500
2026-01-07,SANTA FE,RUFINO,427
2026-01-07,SANTA FE,SAN CARLOS CENTRO,600
2026-01-07,SANTA FE,SAN GENARO,3000
2026-01-07,SANTA FE,SAN JERONIMO SUD,656
2026-01-07,SANTA FE,SAN JORGE,800
2026-01-07,SANTA FE,SAN JUSTO,120
2026-01-07,SANTA FE,SAN LORENZO,28000
2026-01-07,SANTA FE,SAN MARCOS DE VENADO,8400
2026-01-07,SANTA FE,SAN VICENTE (DPTO. C,5000
2026-01-07,SANTA FE,SANTA FE,1000
2026-01-07,SANTA FE,TEODELINA,6000
2026-01-07,SANTA FE,VENADO TUERTO,13702
2026-01-07,SANTA FE,VILA,900
2026-01-07,SANTA FE,VILLA CAÑAS,22530
2026-01-07,SANTA FE,VILLA MINETTI,44
2026-01-07,SANTA FE,WHEELWRIGHT,300
2026-01-08,BUENOS AIRES,9 DE JULIO,11000
2026-01-08,BUENOS AIRES,ALBERTI,30
2026-01-08,BUENOS AIRES,AMERICA,500
2026-01-08,BUENOS AIRES,ARRIBEÑOS,742
2026-01-08,BUENOS AIRES,BAHIA BLANCA,1540
2026-01-08,BUENOS AIRES,BARRIO VILLA GAUCHO,3000
2026-01-08,BUENOS AIRES,BOLIVAR,1000
2026-01-08,BUENOS AIRES,BRAGADO,2190
2026-01-08,BUENOS AIRES,CARABELAS,530
2026-01-08,BUENOS AIRES,CARHUE,30
2026-01-08,BUENOS AIRES,CARLOS CASARES,2210
2026-01-08,BUENOS AIRES,CHACABUCO,1290
2026-01-08,BUENOS AIRES,CHASCOMUS,300
2026-01-08,BUENOS AIRES,CHILLAR,1000
2026-01-08,BUENOS AIRES,CHIVILCOY,450
2026-01-08,BUENOS AIRES,COLON,1060
2026-01-08,BUENOS AIRES,DAIREAUX,150
2026-01-08,BUENOS AIRES,FONTEZUELA,500
2026-01-08,BUENOS AIRES,GENERAL VILLEGAS,3800
2026-01-08,BUENOS AIRES,GONZALES CHAVES,3000
2026-01-08,BUENOS AIRES,IRALA,200
2026-01-08,BUENOS AIRES,JUAN JOSE PASO,300
2026-01-08,BUENOS AIRES,JUNIN,60
2026-01-08,BUENOS AIRES,LINCOLN,2005
2026-01-08,BUENOS AIRES,LOS TOLDOS,100
2026-01-08,BUENOS AIRES,MORSE,200
2026-01-08,BUENOS AIRES,NECOCHEA,1860
2026-01-08,BUENOS AIRES,PEHUAJO,500
2026-01-08,BUENOS AIRES,PERGAMINO,1334
2026-01-08,BUENOS AIRES,PIEDRITAS,2000
2026-01-08,BUENOS AIRES,ROJAS,2541
2026-01-08,BUENOS AIRES,SALADILLO,200
2026-01-08,BUENOS AIRES,SALTO,120
2026-01-08,BUENOS AIRES,SARASA,210
2026-01-08,BUENOS AIRES,TANDIL,510
2026-01-08,BUENOS AIRES,TRENQUE LAUQUEN,2780
2026-01-08,BUENOS AIRES,TRES ARROYOS,297
2026-01-08,BUENOS AIRES,VEDIA,4242
2026-01-08,CHACO,COLONIA BERNARDINO R,200
2026-01-08,CHACO,GANCEDO,63
2026-01-08,CÓRDOBA,ADELIA MARIA,1400
2026-01-08,CÓRDOBA,ALEJO LEDESMA,400
2026-01-08,CÓRDOBA,ALICIA,200
2026-01-08,CÓRDOBA,ALTOS DE CHIPION,90
2026-01-08,CÓRDOBA,ARIAS,520
2026-01-08,CÓRDOBA,BELL VILLE,180
2026-01-08,CÓRDOBA,CAMILO ALDAO,1600
2026-01-08,CÓRDOBA,CANALS,5150
2026-01-08,CÓRDOBA,CARRILOBO,120
2026-01-08,CÓRDOBA,CHAJAN,120
2026-01-08,CÓRDOBA,COLONIA ALMADA,117
2026-01-08,CÓRDOBA,COLONIA ARROYO DE AL,200
2026-01-08,CÓRDOBA,COMECHINGONES (DPTO.,120
2026-01-08,CÓRDOBA,CRUZ ALTA,1500
2026-01-08,CÓRDOBA,DEVOTO,60
2026-01-08,CÓRDOBA,EL TIO,490
2026-01-08,CÓRDOBA,ELENA,3250
2026-01-08,CÓRDOBA,ESTACION CALCHIN,30
2026-01-08,CÓRDOBA,GUATIMOZIN,90
2026-01-08,CÓRDOBA,HIPOLITO BOUCHARD,4000
2026-01-08,CÓRDOBA,HUANCHILLA,100
2026-01-08,CÓRDOBA,HUINCA RENANCO,124
2026-01-08,CÓRDOBA,INRIVILLE,300
2026-01-08,CÓRDOBA,JESUS MARIA,90
2026-01-08,CÓRDOBA,JUSTINIANO POSSE,1150
2026-01-08,CÓRDOBA,LA CARLOTA,1290
2026-01-08,CÓRDOBA,LA CESIRA,100
2026-01-08,CÓRDOBA,LA LAGUNA (DPTO. GRA,100
2026-01-08,CÓRDOBA,LA PUERTA (DPTO. RIO,500
2026-01-08,CÓRDOBA,LABOULAYE,700
2026-01-08,CÓRDOBA,LAGUNA LARGA,300
2026-01-08,CÓRDOBA,LAS ACEQUIAS,240
2026-01-08,CÓRDOBA,LAS VARAS,300
2026-01-08,CÓRDOBA,LEONES,3060
2026-01-08,CÓRDOBA,LOS SURGENTES,500
2026-01-08,CÓRDOBA,LUQUE,400
2026-01-08,CÓRDOBA,MARCOS JUAREZ,1040
2026-01-08,CÓRDOBA,MARULL,300
2026-01-08,CÓRDOBA,MONTE BUEY,60
2026-01-08,CÓRDOBA,MONTE CRISTO,90
2026-01-08,CÓRDOBA,MONTE MAIZ,3030
2026-01-08,CÓRDOBA,NOETINGER,540
2026-01-08,CÓRDOBA,OBISPO TREJO,90
2026-01-08,CÓRDOBA,OLIVA,1000
2026-01-08,CÓRDOBA,ONCATIVO,144
2026-01-08,CÓRDOBA,PILAR,90
2026-01-08,CÓRDOBA,POZO DEL MOLLE (DPTO,138
2026-01-08,CÓRDOBA,REDUCCION,300
2026-01-08,CÓRDOBA,RIO CUARTO,2200
2026-01-08,CÓRDOBA,RIO PRIMERO,1030
2026-01-08,CÓRDOBA,RIO TERCERO,1530
2026-01-08,CÓRDOBA,SAN FRANCISCO (DPTO.,560
2026-01-08,CÓRDOBA,SANTIAGO TEMPLE,120
2026-01-08,CÓRDOBA,SINSACATE,16410
2026-01-08,CÓRDOBA,TICINO,1500
2026-01-08,CÓRDOBA,TRANSITO,240
2026-01-08,CÓRDOBA,UCACHA,600
2026-01-08,CÓRDOBA,VIAMONTE,900
2026-01-08,CÓRDOBA,VICUÑA MACKENNA,5000
2026-01-08,CÓRDOBA,VILLA DEL TOTORAL,600
2026-01-08,CÓRDOBA,VILLA MARIA (DPTO. G,1600
2026-01-08,CÓRDOBA,WENCESLAO ESCALANTE,2650
2026-01-08,ENTRE RÍOS,BASAVILBASO,2164
2026-01-08,ENTRE RÍOS,BETBEDER,400
2026-01-08,ENTRE RÍOS,CONCEPCION DEL URUGU,700
2026-01-08,ENTRE RÍOS,DIAMANTE,1000
2026-01-08,ENTRE RÍOS,ESTACION SOLA,300
2026-01-08,ENTRE RÍOS,FEDERAL,210
2026-01-08,ENTRE RÍOS,GUALEGUAY,5410
2026-01-08,ENTRE RÍOS,GUALEGUAYCHU,1710
2026-01-08,ENTRE RÍOS,HASENKAMP,120
2026-01-08,ENTRE RÍOS,LA PAZ,4600
2026-01-08,ENTRE RÍOS,LUCAS GONZALEZ,2390
2026-01-08,ENTRE RÍOS,MARIA GRANDE,390
2026-01-08,ENTRE RÍOS,OMBU,80
2026-01-08,ENTRE RÍOS,SEGUI,90
2026-01-08,ENTRE RÍOS,SOLA,1700
2026-01-08,ENTRE RÍOS,URDINARRAIN,1000
2026-01-08,ENTRE RÍOS,VIALE,200
2026-01-08,ENTRE RÍOS,VICTORIA,410
2026-01-08,ENTRE RÍOS,VILLA FONTANA,2000
2026-01-08,ENTRE RÍOS,VILLAGUAY,1253
2026-01-08,FORMOSA,COLONIA PERIN,1000
2026-01-08,LA PAMPA,ADOLFO VAN PRAET,260
2026-01-08,LA PAMPA,CATRILO,300
2026-01-08,LA PAMPA,EDUARDO CASTEX,7250
2026-01-08,LA PAMPA,INGENIERO LUIGGI,205
2026-01-08,LA PAMPA,INTENDENTE ALVEAR,100
2026-01-08,SALTA,ANTA,100
2026-01-08,SAN LUIS,JUSTO DARACT,1000
2026-01-08,SAN LUIS,SALADILLO,300
2026-01-08,SANTA FE,ARMSTRONG,1850
2026-01-08,SANTA FE,BERABEVU,420
2026-01-08,SANTA FE,BIGAND,18000
2026-01-08,SANTA FE,CAFFERATA,270
2026-01-08,SANTA FE,CARLOS PELLEGRINI,200
2026-01-08,SANTA FE,CARRERAS,1000
2026-01-08,SANTA FE,CASILDA,300
2026-01-08,SANTA FE,CAÑADA DE GOMEZ,2000
2026-01-08,SANTA FE,CAÑADA ROSQUIN,150
2026-01-08,SANTA FE,CENTENO,270
2026-01-08,SANTA FE,CHAPUY,12200
2026-01-08,SANTA FE,CHAÑAR LADEADO,300
2026-01-08,SANTA FE,CHOVET,500
2026-01-08,SANTA FE,CLUCELLAS,240
2026-01-08,SANTA FE,COLONIA CASTELLANOS,30
2026-01-08,SANTA FE,CULULU,120
2026-01-08,SANTA FE,DIAZ,1400
2026-01-08,SANTA FE,ELORTONDO,300
2026-01-08,SANTA FE,ESMERALDA,360
2026-01-08,SANTA FE,FIGHIERA,300
2026-01-08,SANTA FE,GODEKEN,60
2026-01-08,SANTA FE,HUGHES,150
2026-01-08,SANTA FE,JUNCAL,150
2026-01-08,SANTA FE,LA JOSEFINA,60
2026-01-08,SANTA FE,LANDETA,590
2026-01-08,SANTA FE,LAS PAREJAS,1000
2026-01-08,SANTA FE,LAS PETACAS,180
2026-01-08,SANTA FE,LAS ROSAS,60
2026-01-08,SANTA FE,LOPEZ,300
2026-01-08,SANTA FE,LUIS PALACIOS,2160
2026-01-08,SANTA FE,MAGGIOLO,1540
2026-01-08,SANTA FE,MARIA JUANA,8000
2026-01-08,SANTA FE,MARIA SUSANA,1950
2026-01-08,SANTA FE,MARIA TERESA,120
2026-01-08,SANTA FE,MONJE,300
2026-01-08,SANTA FE,MONTES DE OCA,1000
2026-01-08,SANTA FE,MURPHY,180
2026-01-08,SANTA FE,PILAR,360
2026-01-08,SANTA FE,PUERTO GRAL SAN MARTIN,4100
2026-01-08,SANTA FE,RAFAELA,3270
2026-01-08,SANTA FE,RICARDONE,300
2026-01-08,SANTA FE,ROSARIO,3000
2026-01-08,SANTA FE,RUFINO,270
2026-01-08,SANTA FE,SAN GENARO,2000
2026-01-08,SANTA FE,SAN GREGORIO,470
2026-01-08,SANTA FE,SAN JERONIMO SUD,150
2026-01-08,SANTA FE,SAN JORGE,1200
2026-01-08,SANTA FE,SAN JUSTO,10800
2026-01-08,SANTA FE,SAN LORENZO,63980
2026-01-08,SANTA FE,SAN MARCOS DE VENADO,4600
2026-01-08,SANTA FE,SANCTI SPIRITU,1080
2026-01-08,SANTA FE,SANTA FE,4000
2026-01-08,SANTA FE,SANTA ISABEL,300
2026-01-08,SANTA FE,SUNCHALES,500
2026-01-08,SANTA FE,TACURAL,100
2026-01-08,SANTA FE,TOTORAS,1000
2026-01-08,SANTA FE,VENADO TUERTO,9200
2026-01-08,SANTA FE,VIDELA,90
2026-01-08,SANTA FE,VILLA CAÑAS,4670
2026-01-08,SANTA FE,VILLA TRINIDAD,500
2026-01-08,SANTA FE,WHEELWRIGHT,300
2026-01-08,SANTIAGO DEL ESTERO,SACHAYOJ,1400
2026-01-08,SANTIAGO DEL ESTERO,TINTINA,1000
2026-01-08,TUCUMÁN,LA COCHA,200
2026-01-09,BUENOS AIRES,9 DE JULIO,35
2026-01-09,BUENOS AIRES,ALBERTI,65
2026-01-09,BUENOS AIRES,AMERICA,800
2026-01-09,BUENOS AIRES,BAHIA BLANCA,500
2026-01-09,BUENOS AIRES,BALNEARIO CLAROMECO,3000
2026-01-09,BUENOS AIRES,BOLIVAR,500
2026-01-09,BUENOS AIRES,BRAGADO,1400
2026-01-09,BUENOS AIRES,CARABELAS,60
2026-01-09,BUENOS AIRES,CARLOS CASARES,13150
2026-01-09,BUENOS AIRES,CARMEN DE ARECO,2000
2026-01-09,BUENOS AIRES,CHILLAR,60
2026-01-09,BUENOS AIRES,CORONEL DORREGO,240
2026-01-09,BUENOS AIRES,CORONEL GRANADA,500
2026-01-09,BUENOS AIRES,DAIREAUX,1028
2026-01-09,BUENOS AIRES,DEL CARRIL,750
2026-01-09,BUENOS AIRES,FORTIN OLAVARRIA,1000
2026-01-09,BUENOS AIRES,GENERAL VILLEGAS,3780
2026-01-09,BUENOS AIRES,JUNIN,180
2026-01-09,BUENOS AIRES,LINCOLN,560
2026-01-09,BUENOS AIRES,LOBERIA,300
2026-01-09,BUENOS AIRES,LOS TOLDOS,100
2026-01-09,BUENOS AIRES,NAVARRO,1000
2026-01-09,BUENOS AIRES,PEHUAJO,1940
2026-01-09,BUENOS AIRES,PERGAMINO,750
2026-01-09,BUENOS AIRES,ROJAS,2041
2026-01-09,BUENOS AIRES,SALADILLO,450
2026-01-09,BUENOS AIRES,SALLIQUELO,300
2026-01-09,BUENOS AIRES,SALTO,4000
2026-01-09,BUENOS AIRES,SAN ANDRES DE GILES,120
2026-01-09,BUENOS AIRES,SAN ANTONIO DE ARECO,500
2026-01-09,BUENOS AIRES,TANDIL,1000
2026-01-09,BUENOS AIRES,TRENQUE LAUQUEN,3600
2026-01-09,BUENOS AIRES,VILLA SABOYA,300
2026-01-09,CHACO,PAMPA DEL INFIERNO,2578
2026-01-09,CHACO,RIO MUERTO,500
2026-01-09,CIUDAD AUTÓNOMA DE BUENOS AIRES,CAPITAL FEDERAL,60
2026-01-09,CÓRDOBA,ADELIA MARIA,1000
2026-01-09,CÓRDOBA,ALEJO LEDESMA,300
2026-01-09,CÓRDOBA,ALMAFUERTE,500
2026-01-09,CÓRDOBA,ATAHONA,500
2026-01-09,CÓRDOBA,BELL VILLE,500
2026-01-09,CÓRDOBA,CANALS,2500
2026-01-09,CÓRDOBA,CARRILOBO,150
2026-01-09,CÓRDOBA,COLONIA MARINA,60
2026-01-09,CÓRDOBA,COLONIA TIROLESA,60
2026-01-09,CÓRDOBA,CORDOBA,400
2026-01-09,CÓRDOBA,CORONEL MOLDES,390
2026-01-09,CÓRDOBA,CORRAL DE BUSTOS,114
2026-01-09,CÓRDOBA,CRUZ ALTA,1000
2026-01-09,CÓRDOBA,DALMACIO VELEZ,60
2026-01-09,CÓRDOBA,EL TIO,400
2026-01-09,CÓRDOBA,EL TOSTADO,1000
2026-01-09,CÓRDOBA,GENERAL CABRERA,2200
2026-01-09,CÓRDOBA,GUATIMOZIN,90
2026-01-09,CÓRDOBA,HERNANDO,120
2026-01-09,CÓRDOBA,HUINCA RENANCO,6070
2026-01-09,CÓRDOBA,INRIVILLE,1000
2026-01-09,CÓRDOBA,JESUS MARIA,300
2026-01-09,CÓRDOBA,LA CARLOTA,190
2026-01-09,CÓRDOBA,LA DORMIDA,1500
2026-01-09,CÓRDOBA,LA PUERTA (DPTO. RIO,120
2026-01-09,CÓRDOBA,LABOULAYE,3590
2026-01-09,CÓRDOBA,LAS VARAS,150
2026-01-09,CÓRDOBA,LEONES,365
2026-01-09,CÓRDOBA,LOS CONDORES,4800
2026-01-09,CÓRDOBA,LUQUE,300
2026-01-09,CÓRDOBA,MARCOS JUAREZ,100
2026-01-09,CÓRDOBA,MONTE BUEY,500
2026-01-09,CÓRDOBA,MONTE MAIZ,60
2026-01-09,CÓRDOBA,MONTE RALO,375
2026-01-09,CÓRDOBA,NOETINGER,210
2026-01-09,CÓRDOBA,OLIVA,120
2026-01-09,CÓRDOBA,PILAR,150
2026-01-09,CÓRDOBA,PLAZA SAN FRANCISCO,120
2026-01-09,CÓRDOBA,PORTEÑA,300
2026-01-09,CÓRDOBA,RAYO CORTADO,200
2026-01-09,CÓRDOBA,RIO CUARTO,4360
2026-01-09,CÓRDOBA,RIO PRIMERO,2941
2026-01-09,CÓRDOBA,RIO TERCERO,692
2026-01-09,CÓRDOBA,TRANSITO,700
2026-01-09,CÓRDOBA,VICUÑA MACKENNA,1936
2026-01-09,CÓRDOBA,VILLA ASCASUBI,100
2026-01-09,CÓRDOBA,VILLA DEL TOTORAL,200
2026-01-09,CÓRDOBA,VILLA HUIDOBRO,614
2026-01-09,CÓRDOBA,WENCESLAO ESCALANTE,3520
2026-01-09,ENTRE RÍOS,BOVRIL,34
2026-01-09,ENTRE RÍOS,GENERAL GALARZA,5000
2026-01-09,ENTRE RÍOS,GOBERNADOR SOLA,500
2026-01-09,ENTRE RÍOS,GUALEGUAY,658
2026-01-09,ENTRE RÍOS,HASENKAMP,90
2026-01-09,ENTRE RÍOS,LA PAZ,1400
2026-01-09,ENTRE RÍOS,NOGOYA,117
2026-01-09,ENTRE RÍOS,SANTA ANITA,500
2026-01-09,ENTRE RÍOS,URDINARRAIN,1000
2026-01-09,ENTRE RÍOS,VICTORIA,120
2026-01-09,ENTRE RÍOS,VILLAGUAY,460
2026-01-09,LA PAMPA,BERNARDO LARROUDE,450
2026-01-09,LA PAMPA,CAMPO LUDUEÑA,2000
2026-01-09,LA PAMPA,CATRILO,2000
2026-01-09,LA PAMPA,CORONEL HILARIO LAGO,30
2026-01-09,LA PAMPA,GENERAL PICO,1740
2026-01-09,LA PAMPA,INTENDENTE ALVEAR,400
2026-01-09,LA PAMPA,QUEMU-QUEMU,110
2026-01-09,LA PAMPA,SANTA ROSA,330
2026-01-09,SAN LUIS,JUSTO DARACT,1110
2026-01-09,SANTA FE,ACEBAL,90
2026-01-09,SANTA FE,ARMSTRONG,930
2026-01-09,SANTA FE,BOUQUET,150
2026-01-09,SANTA FE,CARCARAÑA,1300
2026-01-09,SANTA FE,CENTENO,90
2026-01-09,SANTA FE,CHAPUY,17500
2026-01-09,SANTA FE,CLUCELLAS,120
2026-01-09,SANTA FE,DIAZ,4260
2026-01-09,SANTA FE,EL TREBOL,300
2026-01-09,SANTA FE,HUGHES,500
2026-01-09,SANTA FE,IRIGOYEN,90
2026-01-09,SANTA FE,LA SARITA,23
2026-01-09,SANTA FE,LAS PAREJAS,60
2026-01-09,SANTA FE,LAS ROSAS,200
2026-01-09,SANTA FE,LUIS PALACIOS,3276
2026-01-09,SANTA FE,MARIA JUANA,6700
2026-01-09,SANTA FE,MARIA SUSANA,150
2026-01-09,SANTA FE,MARIA TERESA,300
2026-01-09,SANTA FE,MONTES DE OCA,60
2026-01-09,SANTA FE,MURPHY,90
2026-01-09,SANTA FE,PILAR,1360
2026-01-09,SANTA FE,POZO BORRADO,270
2026-01-09,SANTA FE,RAFAELA,330
2026-01-09,SANTA FE,RECREO,90
2026-01-09,SANTA FE,ROSARIO,3000
2026-01-09,SANTA FE,SAN GREGORIO,545
2026-01-09,SANTA FE,SAN JERONIMO SUD,180
2026-01-09,SANTA FE,SAN JORGE,200
2026-01-09,SANTA FE,SAN JUSTO,6250
2026-01-09,SANTA FE,SAN LORENZO,6500
2026-01-09,SANTA FE,SAN MARCOS DE VENADO,2900
2026-01-09,SANTA FE,SAN VICENTE (DPTO. C,150
2026-01-09,SANTA FE,SANCTI SPIRITU,50
2026-01-09,SANTA FE,SANTA CLARA,750
2026-01-09,SANTA FE,SANTA FE,7000
2026-01-09,SANTA FE,SANTA ISABEL,450
2026-01-09,SANTA FE,VENADO TUERTO,14430
2026-01-09,SANTA FE,VILLA CAÑAS,320
2026-01-09,SANTA FE,VILLA MINETTI,500
2026-01-09,SANTA FE,WHEELWRIGHT,100
2026-01-09,SANTA FE,ZAVALLA,200
2026-01-09,SANTA FE,ZENON PEREYRA,90
2026-01-09,SANTIAGO DEL ESTERO,BANDERA,300
2026-01-09,SANTIAGO DEL ESTERO,LOS JURIES,758
2026-01-09,SANTIAGO DEL ESTERO,QUIMILI,6800
2026-01-09,SANTIAGO DEL ESTERO,SACHAYOJ,3280
2026-01-09,TUCUMÁN,LEALES,300
2026-01-10,CÓRDOBA,INRIVILLE,240
2026-01-12,BUENOS AIRES,AMERICA,36
2026-01-12,BUENOS AIRES,ARRECIFES,1100
2026-01-12,BUENOS AIRES,ARRIBEÑOS,117
2026-01-12,BUENOS AIRES,AZCUENAGA,60
2026-01-12,BUENOS AIRES,BARADERO,600
2026-01-12,BUENOS AIRES,CARLOS CASARES,30
2026-01-12,BUENOS AIRES,CHIVILCOY,900
2026-01-12,BUENOS AIRES,EDMUNDO B. PERKINS,3000
2026-01-12,BUENOS AIRES,GENERAL VILLEGAS,38
2026-01-12,BUENOS AIRES,LINCOLN,300
2026-01-12,BUENOS AIRES,NECOCHEA,1000
2026-01-12,BUENOS AIRES,PIEDRITAS,120
2026-01-12,BUENOS AIRES,RAUCH,300
2026-01-12,BUENOS AIRES,ROJAS,2286
2026-01-12,BUENOS AIRES,SAN ANDRES DE GILES,4000
2026-01-12,BUENOS AIRES,SOLIS,500
2026-01-12,BUENOS AIRES,TRENQUE LAUQUEN,400
2026-01-12,BUENOS AIRES,VILLA MOQUEHUA,90
2026-01-12,CÓRDOBA,ARIAS,400
2026-01-12,CÓRDOBA,CANDELARIA SUD,125
2026-01-12,CÓRDOBA,CHAZON,150
2026-01-12,CÓRDOBA,COLONIA ALMADA,308
2026-01-12,CÓRDOBA,COMECHINGONES (DPTO.,150
2026-01-12,CÓRDOBA,HERNANDO,23
2026-01-12,CÓRDOBA,HUINCA RENANCO,3000
2026-01-12,CÓRDOBA,JOVITA,34
2026-01-12,CÓRDOBA,LAS VARAS,180
2026-01-12,CÓRDOBA,LOS CISNES,342
2026-01-12,CÓRDOBA,MONTE BUEY,250
2026-01-12,CÓRDOBA,MONTE MAIZ,2000
2026-01-12,CÓRDOBA,OBISPO TREJO,900
2026-01-12,CÓRDOBA,ONCATIVO,98
2026-01-12,CÓRDOBA,RIO CUARTO,1360
2026-01-12,CÓRDOBA,SEBASTIAN ELCANO,1000
2026-01-12,CÓRDOBA,SINSACATE,3249
2026-01-12,CÓRDOBA,VILLA MARIA (DPTO. G,1600
2026-01-12,CÓRDOBA,WENCESLAO ESCALANTE,5025
2026-01-12,ENTRE RÍOS,ACHIRAS,90
2026-01-12,ENTRE RÍOS,COLONIA ELIA,150
2026-01-12,ENTRE RÍOS,CONCEPCION DEL URUGU,1150
2026-01-12,ENTRE RÍOS,DIAMANTE,45
2026-01-12,ENTRE RÍOS,GUALEGUAY,4500
2026-01-12,ENTRE RÍOS,GUALEGUAYCHU,73
2026-01-12,ENTRE RÍOS,LA PAZ,3000
2026-01-12,ENTRE RÍOS,MARIA GRANDE,60
2026-01-12,ENTRE RÍOS,PARANA,1000
2026-01-12,LA PAMPA,CATRILO,1320
2026-01-12,SANTA FE,ARMSTRONG,1210
2026-01-12,SANTA FE,BERRETTA,90
2026-01-12,SANTA FE,CARCARAÑA,60
2026-01-12,SANTA FE,CAÑADA DE GOMEZ,5000
2026-01-12,SANTA FE,CAÑADA ROSQUIN,450
2026-01-12,SANTA FE,CHAPUY,750
2026-01-12,SANTA FE,DIAZ,600
2026-01-12,SANTA FE,LANDETA,1000
2026-01-12,SANTA FE,LUIS PALACIOS,2500
2026-01-12,SANTA FE,MARIA SUSANA,240
2026-01-12,SANTA FE,PAZ,210
2026-01-12,SANTA FE,PILAR,200
2026-01-12,SANTA FE,POZO BORRADO,18
2026-01-12,SANTA FE,PUERTO GRAL SAN MARTIN,300
2026-01-12,SANTA FE,RAMAYON,1000
2026-01-12,SANTA FE,ROSARIO,7000
2026-01-12,SANTA FE,RUFINO,60
2026-01-12,SANTA FE,SAN JORGE,300
2026-01-12,SANTA FE,SAN LORENZO,700
2026-01-12,SANTA FE,SAN MARCOS DE VENADO,3000
2026-01-12,SANTA FE,SAN VICENTE (DPTO. C,5000
2026-01-12,SANTA FE,SANCTI SPIRITU,200
2026-01-12,SANTA FE,SANTA EMILIA,50
2026-01-12,SANTA FE,SANTA FE,3000
2026-01-12,SANTA FE,TOTORAS,300
2026-01-12,SANTA FE,VENADO TUERTO,6000
2026-01-12,SANTA FE,VILLA CAÑAS,1260
2026-01-12,SANTIAGO DEL ESTERO,BANDERA,94
2026-01-12,SANTIAGO DEL ESTERO,MANSUPA,82
2026-01-12,SANTIAGO DEL ESTERO,OTUMPA,300
2026-01-12,SANTIAGO DEL ESTERO,QUIMILI,500
2026-01-13,BUENOS AIRES,AMERICA,90
2026-01-13,BUENOS AIRES,BARKER,300
2026-01-13,BUENOS AIRES,BARRIO VILLA GAUCHO,2000
2026-01-13,BUENOS AIRES,CARABELAS,14780
2026-01-13,BUENOS AIRES,CARLOS CASARES,500
2026-01-13,BUENOS AIRES,GENERAL VILLEGAS,13
2026-01-13,BUENOS AIRES,NECOCHEA,500
2026-01-13,BUENOS AIRES,RAUCH,90
2026-01-13,BUENOS AIRES,SAN ANTONIO DE ARECO,600
2026-01-13,BUENOS AIRES,VEDIA,18
2026-01-13,CÓRDOBA,ARIAS,580
2026-01-13,CÓRDOBA,CAVANAGH,30
2026-01-13,CÓRDOBA,COLONIA ALMADA,90
2026-01-13,CÓRDOBA,HIPOLITO BOUCHARD,500
2026-01-13,CÓRDOBA,PORTEÑA,200
2026-01-13,CÓRDOBA,POZO DEL MOLLE (DPTO,116
2026-01-13,CÓRDOBA,POZO DEL TIGRE (ESTA,90
2026-01-13,CÓRDOBA,RIO CUARTO,1420
2026-01-13,CÓRDOBA,TRANSITO,1200
2026-01-13,ENTRE RÍOS,CERRITO,90
2026-01-13,ENTRE RÍOS,CONCEPCION DEL URUGU,203
2026-01-13,ENTRE RÍOS,HASENKAMP,480
2026-01-13,ENTRE RÍOS,HERNANDARIAS,173
2026-01-13,ENTRE RÍOS,LA PAZ,2860
2026-01-13,ENTRE RÍOS,PAJONAL,712
2026-01-13,ENTRE RÍOS,PARANA,1000
2026-01-13,ENTRE RÍOS,TALITAS-GUALEGUAYCHU,150
2026-01-13,ENTRE RÍOS,URDINARRAIN,500
2026-01-13,ENTRE RÍOS,VIALE,536
2026-01-13,ENTRE RÍOS,VILLA FONTANA,1000
2026-01-13,ENTRE RÍOS,VILLAGUAY,1500
2026-01-13,FORMOSA,LAGUNA YEMA,1500
2026-01-13,LA PAMPA,CATRILO,300
2026-01-13,LA PAMPA,EDUARDO CASTEX,9345
2026-01-13,LA PAMPA,INTENDENTE ALVEAR,500
2026-01-13,SALTA,ROSARIO DE LA FRONTE,150
2026-01-13,SAN LUIS,LA ANGELINA,200
2026-01-13,SANTA FE,ARMINDA,150
2026-01-13,SANTA FE,ARMSTRONG,2588
2026-01-13,SANTA FE,BERNARDO DE IRIGOYEN,300
2026-01-13,SANTA FE,CHAPUY,8360
2026-01-13,SANTA FE,CORONEL ARNOLD,1000
2026-01-13,SANTA FE,GODOY,300
2026-01-13,SANTA FE,"HUMBERTO I""",400
2026-01-13,SANTA FE,IRIGOYEN,30
2026-01-13,SANTA FE,LOS QUIRQUINCHOS,1000
2026-01-13,SANTA FE,LUIS PALACIOS,15110
2026-01-13,SANTA FE,MARIA JUANA,300
2026-01-13,SANTA FE,PILAR,4320
2026-01-13,SANTA FE,ROSARIO,12000
2026-01-13,SANTA FE,SAN MARCOS DE VENADO,1000
2026-01-13,SANTA FE,SANTA FE,5000
2026-01-13,SANTA FE,TOTORAS,2400
2026-01-13,SANTA FE,VENADO TUERTO,3000
2026-01-13,SANTA FE,VIDELA,600
2026-01-13,SANTIAGO DEL ESTERO,BANDERA,840
2026-01-13,SANTIAGO DEL ESTERO,VILELAS,11
2026-01-14,BUENOS AIRES,ALBERTI,620
2026-01-14,BUENOS AIRES,ARRECIFES,1300
2026-01-14,BUENOS AIRES,AVELLANEDA,90
2026-01-14,BUENOS AIRES,BOLIVAR,26
2026-01-14,BUENOS AIRES,BRAGADO,390
2026-01-14,BUENOS AIRES,CARABELAS,90
2026-01-14,BUENOS AIRES,CARLOS CASARES,25000
2026-01-14,BUENOS AIRES,CHACABUCO,890
2026-01-14,BUENOS AIRES,CHIVILCOY,210
2026-01-14,BUENOS AIRES,CORONEL DORREGO,150
2026-01-14,BUENOS AIRES,MARIANO H. ALFONZO,861
2026-01-14,BUENOS AIRES,PEHUAJO,1000
2026-01-14,BUENOS AIRES,SALLIQUELO,81
2026-01-14,BUENOS AIRES,SALTO,300
2026-01-14,BUENOS AIRES,TRENQUE LAUQUEN,180
2026-01-14,CHACO,PAMPA DEL INFIERNO,1500
2026-01-14,CÓRDOBA,BELL VILLE,5
2026-01-14,CÓRDOBA,CORONEL MOLDES,210
2026-01-14,CÓRDOBA,EL CRISPIN,54
2026-01-14,CÓRDOBA,GENERAL CABRERA,2500
2026-01-14,CÓRDOBA,HIPOLITO BOUCHARD,570
2026-01-14,CÓRDOBA,JUSTINIANO POSSE,200
2026-01-14,CÓRDOBA,LA PUERTA (DPTO. RIO,100
2026-01-14,CÓRDOBA,LAS VARILLAS,30
2026-01-14,CÓRDOBA,LEONES,100
2026-01-14,CÓRDOBA,LOS CONDORES,3000
2026-01-14,CÓRDOBA,MARCOS JUAREZ,150
2026-01-14,CÓRDOBA,MONTE BUEY,400
2026-01-14,CÓRDOBA,MONTE CRISTO,400
2026-01-14,CÓRDOBA,MONTE MAIZ,60
2026-01-14,CÓRDOBA,PILAR,6100
2026-01-14,CÓRDOBA,PLAZA SAN FRANCISCO,120
2026-01-14,CÓRDOBA,RIO CUARTO,425
2026-01-14,CÓRDOBA,RIO PRIMERO,220
2026-01-14,CÓRDOBA,SAN JOSE DE LA DORMI,201
2026-01-14,CÓRDOBA,WENCESLAO ESCALANTE,100
2026-01-14,ENTRE RÍOS,CONCORDIA,1616
2026-01-14,ENTRE RÍOS,DIAMANTE,60
2026-01-14,ENTRE RÍOS,GALARZA,230
2026-01-14,ENTRE RÍOS,GUALEGUAY,5997
2026-01-14,ENTRE RÍOS,GUALEGUAYCHU,1710
2026-01-14,ENTRE RÍOS,LA PAZ,410
2026-01-14,ENTRE RÍOS,LARROQUE,300
2026-01-14,ENTRE RÍOS,MACIA,209
2026-01-14,ENTRE RÍOS,SANTA ANITA,3000
2026-01-14,ENTRE RÍOS,URDINARRAIN,200
2026-01-14,ENTRE RÍOS,VICTORIA,120
2026-01-14,ENTRE RÍOS,VILLA DEL ROSARIO,658
2026-01-14,ENTRE RÍOS,VILLA FONTANA,2000
2026-01-14,ENTRE RÍOS,VILLAGUAY,3069
2026-01-14,LA PAMPA,ANGUIL,2
2026-01-14,LA PAMPA,EDUARDO CASTEX,550
2026-01-14,LA PAMPA,GENERAL PICO,200
2026-01-14,LA PAMPA,QUEMU-QUEMU,111
2026-01-14,SANTA FE,ARMSTRONG,3000
2026-01-14,SANTA FE,BERNARDO DE IRIGOYEN,210
2026-01-14,SANTA FE,CAÑADA DEL UCLE,65
2026-01-14,SANTA FE,CAÑADA ROSQUIN,300
2026-01-14,SANTA FE,CHAPUY,200
2026-01-14,SANTA FE,DIAZ,1000
2026-01-14,SANTA FE,EL TREBOL,95
2026-01-14,SANTA FE,ELORTONDO,400
2026-01-14,SANTA FE,FIGHIERA,300
2026-01-14,SANTA FE,LLAMBI CAMPBELL,210
2026-01-14,SANTA FE,LUIS PALACIOS,3656
2026-01-14,SANTA FE,MARIA JUANA,1120
2026-01-14,SANTA FE,MARIA SUSANA,470
2026-01-14,SANTA FE,PEYRANO,120
2026-01-14,SANTA FE,PILAR,30
2026-01-14,SANTA FE,PUEBLO RAMONA,300
2026-01-14,SANTA FE,PUERTO GRAL SAN MARTIN,2000
2026-01-14,SANTA FE,ROSARIO,5950
2026-01-14,SANTA FE,RUFINO,70
2026-01-14,SANTA FE,SAN GREGORIO,210
2026-01-14,SANTA FE,SAN JUSTO,1500
2026-01-14,SANTA FE,SAN LORENZO,3860
2026-01-14,SANTA FE,SAN MARCOS DE VENADO,5500
2026-01-14,SANTA FE,SANTA FE,6000
2026-01-14,SANTA FE,SUARDI,90
2026-01-14,SANTA FE,VENADO TUERTO,11610
2026-01-14,SANTA FE,VILA,100
2026-01-14,SANTA FE,VILLA CAÑAS,220
2026-01-14,SANTA FE,VILLA TRINIDAD,270
2026-01-14,SANTA FE,ZENON PEREYRA,120
2026-01-14,SANTIAGO DEL ESTERO,ASPA SINCHI (FERNAND,393
2026-01-14,TUCUMÁN,EL JARDIN,101
2026-01-15,BUENOS AIRES,25 DE MAYO,1210
2026-01-15,BUENOS AIRES,ALBERTI,150
2026-01-15,BUENOS AIRES,ARRIBEÑOS,300
2026-01-15,BUENOS AIRES,AVELLANEDA,350
2026-01-15,BUENOS AIRES,BAHIA BLANCA,4000
2026-01-15,BUENOS AIRES,BELLOCQ,1000
2026-01-15,BUENOS AIRES,BOLIVAR,1000
2026-01-15,BUENOS AIRES,BRAGADO,300
2026-01-15,BUENOS AIRES,CAPITAN SARMIENTO,1450
2026-01-15,BUENOS AIRES,CARLOS CASARES,2000
2026-01-15,BUENOS AIRES,CHIVILCOY,910
2026-01-15,BUENOS AIRES,DAIREAUX,2330
2026-01-15,BUENOS AIRES,GENERAL VILLEGAS,120
2026-01-15,BUENOS AIRES,GONZALES CHAVES,310
2026-01-15,BUENOS AIRES,JUNIN,19
2026-01-15,BUENOS AIRES,LUJAN,60
2026-01-15,BUENOS AIRES,PERGAMINO,900
2026-01-15,BUENOS AIRES,PIEDRITAS,2000
2026-01-15,BUENOS AIRES,ROJAS,1000
2026-01-15,BUENOS AIRES,SAN ANDRES DE GILES,1000
2026-01-15,BUENOS AIRES,SAN MIGUEL DEL MONTE,200
2026-01-15,BUENOS AIRES,TRENQUE LAUQUEN,150
2026-01-15,CÓRDOBA,ADELIA MARIA,210
2026-01-15,CÓRDOBA,CANALS,400
2026-01-15,CÓRDOBA,COLONIA ARROYO DE AL,200
2026-01-15,CÓRDOBA,ELENA,17
2026-01-15,CÓRDOBA,ITALO,150
2026-01-15,CÓRDOBA,LA PUERTA (DPTO. RIO,120
2026-01-15,CÓRDOBA,LEONES,350
2026-01-15,CÓRDOBA,MARCOS JUAREZ,3900
2026-01-15,CÓRDOBA,MONTE RALO,24
2026-01-15,CÓRDOBA,OLIVA,3000
2026-01-15,CÓRDOBA,POZO DEL MOLLE (DPTO,700
2026-01-15,CÓRDOBA,RIO TERCERO,173
2026-01-15,CÓRDOBA,WENCESLAO ESCALANTE,177
2026-01-15,ENTRE RÍOS,FEDERAL,3135
2026-01-15,ENTRE RÍOS,GUALEGUAY,630
2026-01-15,ENTRE RÍOS,MACIA,12
2026-01-15,ENTRE RÍOS,RINCON DE NOGOYA,12000
2026-01-15,ENTRE RÍOS,URDINARRAIN,120
2026-01-15,ENTRE RÍOS,VILLAGUAY,240
2026-01-15,LA PAMPA,CATRILO,830
2026-01-15,LA PAMPA,EDUARDO CASTEX,92
2026-01-15,SANTA FE,ARMSTRONG,420
2026-01-15,SANTA FE,BERNARDO DE IRIGOYEN,210
2026-01-15,SANTA FE,BIGAND,2000
2026-01-15,SANTA FE,CHABAS,1000
2026-01-15,SANTA FE,CHAPUY,4000
2026-01-15,SANTA FE,EL TREBOL,120
2026-01-15,SANTA FE,ELORTONDO,1600
2026-01-15,SANTA FE,HUGHES,2000
2026-01-15,SANTA FE,LUIS PALACIOS,8665
2026-01-15,SANTA FE,MARIA JUANA,6360
2026-01-15,SANTA FE,MARIA SUSANA,600
2026-01-15,SANTA FE,PILAR,2800
2026-01-15,SANTA FE,ROSARIO,550
2026-01-15,SANTA FE,SAN GENARO,3000
2026-01-15,SANTA FE,SAN JUSTO,1300
2026-01-15,SANTA FE,SAN LORENZO,19780
2026-01-15,SANTA FE,SAN VICENTE (DPTO. C,5000
2026-01-15,SANTA FE,VENADO TUERTO,6000
2026-01-15,SANTA FE,VILA,300
2026-01-15,SANTA FE,VILLA CAÑAS,200
2026-01-15,SANTIAGO DEL ESTERO,CUATRO BOCAS,136
2026-01-16,BUENOS AIRES,ALBERTI,810
2026-01-16,BUENOS AIRES,ARRECIFES,390
2026-01-16,BUENOS AIRES,ARRIBEÑOS,420
2026-01-16,BUENOS AIRES,AZUL,60
2026-01-16,BUENOS AIRES,BAHIA BLANCA,150
2026-01-16,BUENOS AIRES,BARADERO,600
2026-01-16,BUENOS AIRES,BELLOCQ,600
2026-01-16,BUENOS AIRES,BOLIVAR,6
2026-01-16,BUENOS AIRES,BRAGADO,8019
2026-01-16,BUENOS AIRES,CARLOS CASARES,7560
2026-01-16,BUENOS AIRES,CHACABUCO,300
2026-01-16,BUENOS AIRES,CHIVILCOY,280
2026-01-16,BUENOS AIRES,FORTIN OLAVARRIA,200
2026-01-16,BUENOS AIRES,GONZALES CHAVES,500
2026-01-16,BUENOS AIRES,PEHUAJO,1000
2026-01-16,BUENOS AIRES,PERGAMINO,36
2026-01-16,BUENOS AIRES,RAWSON,570
2026-01-16,CÓRDOBA,BELL VILLE,500
2026-01-16,CÓRDOBA,BERROTARAN,150
2026-01-16,CÓRDOBA,COLONIA ARROYO DE AL,650
2026-01-16,CÓRDOBA,CRUZ ALTA,200
2026-01-16,CÓRDOBA,DEVOTO,150
2026-01-16,CÓRDOBA,LEONES,300
2026-01-16,CÓRDOBA,LOS MISTOLES (DPTO.,22
2026-01-16,CÓRDOBA,MARCOS JUAREZ,300
2026-01-16,CÓRDOBA,MONTE CRISTO,500
2026-01-16,CÓRDOBA,MORRISON,120
2026-01-16,CÓRDOBA,OLIVA,2000
2026-01-16,CÓRDOBA,RIO CUARTO,67
2026-01-16,CÓRDOBA,RIO PRIMERO,150
2026-01-16,CÓRDOBA,SAN FRANCISCO (DPTO.,180
2026-01-16,CÓRDOBA,VICUÑA MACKENNA,120
2026-01-16,ENTRE RÍOS,CRESPO,3000
2026-01-16,ENTRE RÍOS,GUALEGUAY,500
2026-01-16,ENTRE RÍOS,GUALEGUAYCHU,220
2026-01-16,ENTRE RÍOS,ROSARIO DEL TALA,1000
2026-01-16,ENTRE RÍOS,SOLA,180
2026-01-16,ENTRE RÍOS,TALITA,1421
2026-01-16,ENTRE RÍOS,URDINARRAIN,150
2026-01-16,ENTRE RÍOS,VALLE MARIA,380
2026-01-16,ENTRE RÍOS,VIALE,60
2026-01-16,ENTRE RÍOS,VICTORIA,3000
2026-01-16,ENTRE RÍOS,VILLAGUAY,827
2026-01-16,LA PAMPA,CATRILO,500
2026-01-16,LA PAMPA,EDUARDO CASTEX,3000
2026-01-16,LA PAMPA,QUEMU-QUEMU,99
2026-01-16,SAN LUIS,MERCEDES,152
2026-01-16,SANTA FE,ARMSTRONG,1060
2026-01-16,SANTA FE,CAÑADA ROSQUIN,270
2026-01-16,SANTA FE,CHOVET,250
2026-01-16,SANTA FE,GODEKEN,200
2026-01-16,SANTA FE,"HUMBERTO I""",200
2026-01-16,SANTA FE,LUIS PALACIOS,2930
2026-01-16,SANTA FE,MARIA JUANA,10000
2026-01-16,SANTA FE,MARIA SUSANA,1200
2026-01-16,SANTA FE,PIAMONTE,120
2026-01-16,SANTA FE,PILAR,120
2026-01-16,SANTA FE,RAFAELA,6000
2026-01-16,SANTA FE,ROSARIO,6000
2026-01-16,SANTA FE,SAN JORGE,1000
2026-01-16,SANTA FE,SAN VICENTE (DPTO. C,1000
2026-01-16,SANTA FE,SANTA FE,2500
2026-01-16,SANTA FE,SUARDI,60
2026-01-16,SANTA FE,VENADO TUERTO,600
2026-01-16,TUCUMÁN,LAS CEJAS (DPTO. CRU,137
2026-01-19,BUENOS AIRES,ARRIBEÑOS,170
2026-01-19,BUENOS AIRES,BAHIA BLANCA,60
2026-01-19,BUENOS AIRES,BARADERO,600
2026-01-19,BUENOS AIRES,CHIVILCOY,280
2026-01-19,BUENOS AIRES,ESPARTILLAR (GRAL. P,176
2026-01-19,BUENOS AIRES,GENERAL VILLEGAS,200
2026-01-19,BUENOS AIRES,LOBERIA,110
2026-01-19,BUENOS AIRES,NAVARRO,120
2026-01-19,BUENOS AIRES,SALTO,354
2026-01-19,CHACO,CONCEPCION DEL BERME,410
2026-01-19,CÓRDOBA,CARRILOBO,120
2026-01-19,CÓRDOBA,MARCOS JUAREZ,400
2026-01-19,CÓRDOBA,MONTE RALO,60
2026-01-19,CÓRDOBA,OLIVA,1000
2026-01-19,CÓRDOBA,PASCANAS,300
2026-01-19,CÓRDOBA,RIO CUARTO,180
2026-01-19,CÓRDOBA,SAN FRANCISCO (DPTO.,400
2026-01-19,CÓRDOBA,VILLA ASCASUBI,30
2026-01-19,CÓRDOBA,VILLA HUIDOBRO,8
2026-01-19,ENTRE RÍOS,BASAVILBASO,450
2026-01-19,ENTRE RÍOS,CHAJARI,2000
2026-01-19,ENTRE RÍOS,CRESPO,3000
2026-01-19,ENTRE RÍOS,GENERAL GALARZA,200
2026-01-19,ENTRE RÍOS,GUALEGUAYCHU,90
2026-01-19,ENTRE RÍOS,VIALE,60
2026-01-19,ENTRE RÍOS,VILLAGUAY,780
2026-01-19,LA PAMPA,CORONEL HILARIO LAGO,150
2026-01-19,SAN LUIS,BUENA ESPERANZA,600
2026-01-19,SANTA FE,ARROYO SECO,28
2026-01-19,SANTA FE,EL TREBOL,500
2026-01-19,SANTA FE,ESMERALDA,62
2026-01-19,SANTA FE,IRIGOYEN,250
2026-01-19,SANTA FE,LUIS PALACIOS,1483
2026-01-19,SANTA FE,PILAR,350
2026-01-19,SANTA FE,PUERTO GRAL SAN MARTIN,250
2026-01-19,SANTA FE,RAFAELA,3500
2026-01-19,SANTA FE,ROSARIO,100
2026-01-19,SANTA FE,SAN JUSTO,72
2026-01-19,SANTA FE,SAN LORENZO,1000
2026-01-19,SANTA FE,SAN MARCOS DE VENADO,1000
2026-01-19,SANTA FE,SANTA FE,1500
2026-01-19,SANTA FE,TOSTADO,500
2026-01-19,SANTA FE,VILLA CAÑAS,1000
2026-01-19,SANTIAGO DEL ESTERO,JIMENEZ,108
2026-01-20,BUENOS AIRES,AMERICA,200
2026-01-20,BUENOS AIRES,ARRIBEÑOS,500
2026-01-20,BUENOS AIRES,BAHIA BLANCA,1000
2026-01-20,BUENOS AIRES,BARADERO,300
2026-01-20,BUENOS AIRES,BRAGADO,2000
2026-01-20,BUENOS AIRES,CARLOS CASARES,18000
2026-01-20,BUENOS AIRES,CARMEN DE ARECO,1000
2026-01-20,BUENOS AIRES,CAÑADA SECA,5000
2026-01-20,BUENOS AIRES,CHACABUCO,2200
2026-01-20,BUENOS AIRES,CHIVILCOY,180
2026-01-20,BUENOS AIRES,DEL CARRIL,615
2026-01-20,BUENOS AIRES,GENERAL VILLEGAS,1650
2026-01-20,BUENOS AIRES,LINCOLN,2800
2026-01-20,BUENOS AIRES,PILAR,1000
2026-01-20,BUENOS AIRES,ROJAS,2090
2026-01-20,BUENOS AIRES,ROQUE PEREZ,200
2026-01-20,BUENOS AIRES,SALTO,60
2026-01-20,BUENOS AIRES,SAN ANTONIO DE ARECO,3000
2026-01-20,BUENOS AIRES,SARASA,100
2026-01-20,BUENOS AIRES,TRENQUE LAUQUEN,1000
2026-01-20,BUENOS AIRES,VEDIA,100
2026-01-20,CHACO,CHARATA,44
2026-01-20,CHACO,GENERAL JOSE DE SAN,800
2026-01-20,CÓRDOBA,BELL VILLE,1800
2026-01-20,CÓRDOBA,CANALS,600
2026-01-20,CÓRDOBA,GENERAL CABRERA,210
2026-01-20,CÓRDOBA,GIGENA,220
2026-01-20,CÓRDOBA,HIPOLITO BOUCHARD,330
2026-01-20,CÓRDOBA,HUINCA RENANCO,1008
2026-01-20,CÓRDOBA,INRIVILLE,5000
2026-01-20,CÓRDOBA,LA CESIRA,1800
2026-01-20,CÓRDOBA,LA PUERTA (MEDIA NAR,30
2026-01-20,CÓRDOBA,MARIA,180
2026-01-20,CÓRDOBA,MONTE BUEY,580
2026-01-20,CÓRDOBA,PASCANAS,70
2026-01-20,CÓRDOBA,POZO DEL MOLLE (DPTO,1800
2026-01-20,CÓRDOBA,RIO PRIMERO,90
2026-01-20,CÓRDOBA,SERRANO,300
2026-01-20,CÓRDOBA,SINSACATE,120
2026-01-20,CÓRDOBA,TOLEDO,120
2026-01-20,CÓRDOBA,TRANSITO,60
2026-01-20,CÓRDOBA,UCACHA,1000
2026-01-20,CÓRDOBA,VILLA HUIDOBRO,17
2026-01-20,ENTRE RÍOS,ARROYO MOREIRA,210
2026-01-20,ENTRE RÍOS,BASAVILBASO,126
2026-01-20,ENTRE RÍOS,CONCEPCION DEL URUGU,270
2026-01-20,ENTRE RÍOS,CRESPO,3000
2026-01-20,ENTRE RÍOS,DIAMANTE,174
2026-01-20,ENTRE RÍOS,DISTRITO ESPINILLO,90
2026-01-20,ENTRE RÍOS,GUALEGUAY,6170
2026-01-20,ENTRE RÍOS,LA PAZ,1000
2026-01-20,ENTRE RÍOS,LARROQUE,30
2026-01-20,ENTRE RÍOS,PAJONAL,2000
2026-01-20,ENTRE RÍOS,RAICES,800
2026-01-20,ENTRE RÍOS,SAN VICTOR,104
2026-01-20,ENTRE RÍOS,SOLA,300
2026-01-20,ENTRE RÍOS,STROBEL,1000
2026-01-20,ENTRE RÍOS,VICTORIA,2500
2026-01-20,ENTRE RÍOS,VILLA DEL ROSARIO,200
2026-01-20,ENTRE RÍOS,VILLAGUAY,60
2026-01-20,LA PAMPA,BERNARDO LARROUDE,1000
2026-01-20,LA PAMPA,CATRILO,2000
2026-01-20,LA PAMPA,QUEMU-QUEMU,171
2026-01-20,SANTA FE,ARMSTRONG,1000
2026-01-20,SANTA FE,BIGAND,10000
2026-01-20,SANTA FE,CAÑADA ROSQUIN,210
2026-01-20,SANTA FE,CHAPUY,13500
2026-01-20,SANTA FE,ELORTONDO,120
2026-01-20,SANTA FE,ESMERALDA,1500
2026-01-20,SANTA FE,LAS PETACAS,210
2026-01-20,SANTA FE,LUCIO V. LOPEZ,90
2026-01-20,SANTA FE,LUIS PALACIOS,5505
2026-01-20,SANTA FE,MARIA JUANA,3000
2026-01-20,SANTA FE,ROSARIO,10120
2026-01-20,SANTA FE,SAN CARLOS CENTRO,150
2026-01-20,SANTA FE,SAN GENARO,3000
2026-01-20,SANTA FE,SAN JORGE,100
2026-01-20,SANTA FE,SAN LORENZO,2000
2026-01-20,SANTA FE,SAN MARCOS DE VENADO,10000
2026-01-20,SANTA FE,SAN MARTIN DE LAS ES,7000
2026-01-20,SANTA FE,SAN VICENTE (DPTO. C,1300
2026-01-20,SANTA FE,TEODELINA,100
2026-01-20,SANTA FE,TOSTADO,500
2026-01-20,SANTA FE,VENADO TUERTO,2430
2026-01-20,SANTIAGO DEL ESTERO,BANDERA,2000
2026-01-20,SANTIAGO DEL ESTERO,LOS JURIES,500
2026-01-21,BUENOS AIRES,9 DE JULIO,175
2026-01-21,BUENOS AIRES,BAHIA BLANCA,90
2026-01-21,BUENOS AIRES,BARRIO FLORENCIO VAR,90
2026-01-21,BUENOS AIRES,BELLOCQ,4000
2026-01-21,BUENOS AIRES,CARLOS CASARES,200
2026-01-21,BUENOS AIRES,CHIVILCOY,30
2026-01-21,BUENOS AIRES,CLAUDIO C. MOLINA,1000
2026-01-21,BUENOS AIRES,COLON,450
2026-01-21,BUENOS AIRES,GENERAL ROJO,120
2026-01-21,BUENOS AIRES,GENERAL VILLEGAS,1000
2026-01-21,BUENOS AIRES,LOBERIA,300
2026-01-21,BUENOS AIRES,NECOCHEA,500
2026-01-21,BUENOS AIRES,PEHUAJO,500
2026-01-21,BUENOS AIRES,SAN ANTONIO DE ARECO,30
2026-01-21,BUENOS AIRES,TRENQUE LAUQUEN,820
2026-01-21,BUENOS AIRES,TRES ARROYOS,420
2026-01-21,CÓRDOBA,ARIAS,350
2026-01-21,CÓRDOBA,BELL VILLE,100
2026-01-21,CÓRDOBA,CAMILO ALDAO,30
2026-01-21,CÓRDOBA,CINTRA,60
2026-01-21,CÓRDOBA,COLONIA CAROYA,800
2026-01-21,CÓRDOBA,COMECHINGONES (DPTO.,400
2026-01-21,CÓRDOBA,GENERAL LEVALLE,1000
2026-01-21,CÓRDOBA,JUSTINIANO POSSE,1100
2026-01-21,CÓRDOBA,MANFREDI,300
2026-01-21,CÓRDOBA,ONCATIVO,140
2026-01-21,CÓRDOBA,RIO CUARTO,120
2026-01-21,CÓRDOBA,RIO PRIMERO,100
2026-01-21,CÓRDOBA,SAN FRANCISCO (DPTO.,2600
2026-01-21,CÓRDOBA,SINSACATE,379
2026-01-21,CÓRDOBA,TOLEDO,90
2026-01-21,CÓRDOBA,UCACHA,300
2026-01-21,CÓRDOBA,VICUÑA MACKENNA,59
2026-01-21,CÓRDOBA,VILLA ASCASUBI,35
2026-01-21,CÓRDOBA,VILLA CONCEPCION DEL,31
2026-01-21,ENTRE RÍOS,COLONIA LA PROVIDENC,277
2026-01-21,ENTRE RÍOS,CRESPO,2000
2026-01-21,ENTRE RÍOS,DIAMANTE,30
2026-01-21,ENTRE RÍOS,GENERAL GALARZA,300
2026-01-21,ENTRE RÍOS,GUALEGUAY,300
2026-01-21,ENTRE RÍOS,MARIA GRANDE PRIMERA,120
2026-01-21,ENTRE RÍOS,PASO DE LAS PIEDRAS,32
2026-01-21,ENTRE RÍOS,ROSARIO DEL TALA,600
2026-01-21,ENTRE RÍOS,VIALE,63
2026-01-21,ENTRE RÍOS,VILLAGUAY,430
2026-01-21,LA PAMPA,BERNARDO LARROUDE,400
2026-01-21,LA PAMPA,CATRILO,2360
2026-01-21,LA PAMPA,EDUARDO CASTEX,400
2026-01-21,LA PAMPA,QUEMU-QUEMU,104
2026-01-21,LA PAMPA,SANTA ROSA,154
2026-01-21,SANTA FE,ARMINDA,3000
2026-01-21,SANTA FE,ARROYO SECO,1000
2026-01-21,SANTA FE,CHABAS,400
2026-01-21,SANTA FE,"HUMBERTO I""",200
2026-01-21,SANTA FE,LAS ROSAS,150
2026-01-21,SANTA FE,LOGROÑO,1000
2026-01-21,SANTA FE,LUIS PALACIOS,60
2026-01-21,SANTA FE,MARIA JUANA,360
2026-01-21,SANTA FE,PUEBLO RAMONA,300
2026-01-21,SANTA FE,RAFAELA,6000
2026-01-21,SANTA FE,RUFINO,21
2026-01-21,SANTA FE,SAN JUSTO,60
2026-01-21,SANTA FE,SAN LORENZO,500
2026-01-21,SANTA FE,SAN VICENTE (DPTO. C,100
2026-01-21,SANTA FE,VENADO TUERTO,11690
2026-01-21,SANTA FE,VIDELA,350
2026-01-21,SANTA FE,VILLA CAÑAS,2000
2026-01-21,SANTIAGO DEL ESTERO,PAMPA DE LOS GUANACO,700
2026-01-22,BUENOS AIRES,9 DE JULIO,102
2026-01-22,BUENOS AIRES,AMERICA,4221
2026-01-22,BUENOS AIRES,ARRIBEÑOS,5000
2026-01-22,BUENOS AIRES,BAHIA BLANCA,6100
2026-01-22,BUENOS AIRES,BALNEARIO CLAROMECO,3000
2026-01-22,BUENOS AIRES,BARADERO,180
2026-01-22,BUENOS AIRES,CAMPANA,60
2026-01-22,BUENOS AIRES,CARABELAS,60
2026-01-22,BUENOS AIRES,CARLOS CASARES,20500
2026-01-22,BUENOS AIRES,CHACABUCO,2000
2026-01-22,BUENOS AIRES,CHIVILCOY,500
2026-01-22,BUENOS AIRES,LA VIOLETA,2100
2026-01-22,BUENOS AIRES,LOS TOLDOS,300
2026-01-22,BUENOS AIRES,NAVARRO,400
2026-01-22,BUENOS AIRES,PEHUAJO,325
2026-01-22,BUENOS AIRES,PERGAMINO,228
2026-01-22,BUENOS AIRES,ROBERTS,500
2026-01-22,BUENOS AIRES,SALLIQUELO,500
2026-01-22,BUENOS AIRES,SALTO,450
2026-01-22,BUENOS AIRES,SAN ANTONIO DE ARECO,1000
2026-01-22,BUENOS AIRES,TRENQUE LAUQUEN,2000
2026-01-22,BUENOS AIRES,VEDIA,800
2026-01-22,CHACO,TRES ISLETAS,150
2026-01-22,CÓRDOBA,ALEJO LEDESMA,464
2026-01-22,CÓRDOBA,INRIVILLE,400
2026-01-22,CÓRDOBA,LABOULAYE,1000
2026-01-22,CÓRDOBA,PILAR,1500
2026-01-22,CÓRDOBA,SAN FRANCISCO (DPTO.,5000
2026-01-22,CÓRDOBA,SINSACATE,5400
2026-01-22,CÓRDOBA,VICUÑA MACKENNA,360
2026-01-22,CÓRDOBA,VILLA MARIA (DPTO. G,420
2026-01-22,ENTRE RÍOS,DIAMANTE,500
2026-01-22,ENTRE RÍOS,GENERAL GALARZA,120
2026-01-22,ENTRE RÍOS,GOBERNADOR MANSILLA,600
2026-01-22,ENTRE RÍOS,GUALEGUAY,650
2026-01-22,ENTRE RÍOS,NOGOYA,90
2026-01-22,ENTRE RÍOS,SAUCE DE LUNA,181
2026-01-22,ENTRE RÍOS,URDINARRAIN,3000
2026-01-22,ENTRE RÍOS,VILLAGUAY,1000
2026-01-22,LA PAMPA,GENERAL PICO,2
2026-01-22,LA PAMPA,INTENDENTE ALVEAR,210
2026-01-22,SAN LUIS,JUSTO DARACT,500
2026-01-22,SANTA FE,ARMSTRONG,500
2026-01-22,SANTA FE,CARCARAÑA,150
2026-01-22,SANTA FE,CHAPUY,8000
2026-01-22,SANTA FE,LUIS PALACIOS,1570
2026-01-22,SANTA FE,MARIA SUSANA,120
2026-01-22,SANTA FE,PILAR,120
2026-01-22,SANTA FE,PUERTO GRAL SAN MARTIN,500
2026-01-22,SANTA FE,RAFAELA,5000
2026-01-22,SANTA FE,ROSARIO,2200
2026-01-22,SANTA FE,SAN EDUARDO,500
2026-01-22,SANTA FE,SAN JORGE,213
2026-01-22,SANTA FE,SAN LORENZO,4100
2026-01-22,SANTA FE,SANTA EMILIA,1500
2026-01-22,SANTA FE,SANTA FE,3000
2026-01-22,SANTA FE,TEODELINA,300
2026-01-22,SANTA FE,VENADO TUERTO,5600
2026-01-22,SANTA FE,VILLA CAÑAS,210
2026-01-22,SANTA FE,VILLA MINETTI,160
2026-01-22,SANTA FE,ZAVALLA,150
2026-01-22,SANTIAGO DEL ESTERO,PUNA,122
2026-01-22,SANTIAGO DEL ESTERO,TOMAS YOUNG,600
2026-01-23,BUENOS AIRES,9 DE JULIO,90
2026-01-23,BUENOS AIRES,ALBERTI,830
2026-01-23,BUENOS AIRES,AMEGHINO,270
2026-01-23,BUENOS AIRES,AMERICA,1220
2026-01-23,BUENOS AIRES,ARRECIFES,240
2026-01-23,BUENOS AIRES,ARRIBEÑOS,60
2026-01-23,BUENOS AIRES,ASAMBLEA,6000
2026-01-23,BUENOS AIRES,BAHIA BLANCA,2500
2026-01-23,BUENOS AIRES,BOLIVAR,339
2026-01-23,BUENOS AIRES,BRAGADO,6480
2026-01-23,BUENOS AIRES,CARABELAS,917
2026-01-23,BUENOS AIRES,CARLOS CASARES,10310
2026-01-23,BUENOS AIRES,CHACABUCO,3210
2026-01-23,BUENOS AIRES,CHIVILCOY,1700
2026-01-23,BUENOS AIRES,CLAUDIO C. MOLINA,2000
2026-01-23,BUENOS AIRES,COLON,30
2026-01-23,BUENOS AIRES,CORONEL PRINGLES,30
2026-01-23,BUENOS AIRES,CORONEL SUAREZ,30
2026-01-23,BUENOS AIRES,EL TRIGO,400
2026-01-23,BUENOS AIRES,ESPARTILLAR (GRAL. P,1000
2026-01-23,BUENOS AIRES,GENERAL ROJO,120
2026-01-23,BUENOS AIRES,GENERAL VILLEGAS,2210
2026-01-23,BUENOS AIRES,GORCHS,180
2026-01-23,BUENOS AIRES,IRENEO PORTELA,200
2026-01-23,BUENOS AIRES,JUAN JOSE PASO,600
2026-01-23,BUENOS AIRES,JUNIN,300
2026-01-23,BUENOS AIRES,LINCOLN,1590
2026-01-23,BUENOS AIRES,LOS TOLDOS,940
2026-01-23,BUENOS AIRES,NECOCHEA,30
2026-01-23,BUENOS AIRES,PEHUAJO,790
2026-01-23,BUENOS AIRES,PIEDRITAS,900
2026-01-23,BUENOS AIRES,PILAR,1000
2026-01-23,BUENOS AIRES,ROJAS,3700
2026-01-23,BUENOS AIRES,SALLIQUELO,60
2026-01-23,BUENOS AIRES,SARASA,180
2026-01-23,BUENOS AIRES,TRENQUE LAUQUEN,5180
2026-01-23,BUENOS AIRES,VEDIA,1109
2026-01-23,CHACO,TRES ISLETAS,90
2026-01-23,CÓRDOBA,ABBURRA,30
2026-01-23,CÓRDOBA,ACHIRAS (DPTO. RIO C,200
2026-01-23,CÓRDOBA,ADELIA MARIA,1530
2026-01-23,CÓRDOBA,ALTOS DE CHIPION,105
2026-01-23,CÓRDOBA,BALLESTEROS,1000
2026-01-23,CÓRDOBA,CAMILO ALDAO,1000
2026-01-23,CÓRDOBA,CANDELARIA (TOTORAL),300
2026-01-23,CÓRDOBA,COLONIA CAROYA,600
2026-01-23,CÓRDOBA,COLONIA ITALIANA,70
2026-01-23,CÓRDOBA,COLONIA MALBERTINA,1210
2026-01-23,CÓRDOBA,COSTA SACATE,200
2026-01-23,CÓRDOBA,CRUZ ALTA,500
2026-01-23,CÓRDOBA,DALMACIO VELEZ,60
2026-01-23,CÓRDOBA,EL FORTIN,785
2026-01-23,CÓRDOBA,EL TIO,1500
2026-01-23,CÓRDOBA,ELENA,500
2026-01-23,CÓRDOBA,HUINCA RENANCO,1064
2026-01-23,CÓRDOBA,ITALO,150
2026-01-23,CÓRDOBA,JESUS MARIA,480
2026-01-23,CÓRDOBA,LA CARLOTA,1000
2026-01-23,CÓRDOBA,LA POSTA (DPTO. RIO,100
2026-01-23,CÓRDOBA,LA PUERTA (DPTO. RIO,255
2026-01-23,CÓRDOBA,LABOULAYE,700
2026-01-23,CÓRDOBA,LAGUNA LARGA,30
2026-01-23,CÓRDOBA,MARCOS JUAREZ,60
2026-01-23,CÓRDOBA,MONTE BUEY,70
2026-01-23,CÓRDOBA,MONTE CRISTO,60
2026-01-23,CÓRDOBA,OLIVA,1500
2026-01-23,CÓRDOBA,PILAR,1000
2026-01-23,CÓRDOBA,PLAZA SAN FRANCISCO,500
2026-01-23,CÓRDOBA,PORTEÑA,300
2026-01-23,CÓRDOBA,REDUCCION,150
2026-01-23,CÓRDOBA,RIO CUARTO,240
2026-01-23,CÓRDOBA,RIO PRIMERO,6000
2026-01-23,CÓRDOBA,RIO TERCERO,300
2026-01-23,CÓRDOBA,SAN FRANCISCO (DPTO.,240
2026-01-23,CÓRDOBA,VICUÑA MACKENNA,90
2026-01-23,CÓRDOBA,VILLA MARIA (DPTO. G,2120
2026-01-23,CÓRDOBA,WENCESLAO ESCALANTE,2000
2026-01-23,ENTRE RÍOS,ALARCON,420
2026-01-23,ENTRE RÍOS,ALDEA PROTESTANTE,154
2026-01-23,ENTRE RÍOS,ALDEA VALLE MARIA,150
2026-01-23,ENTRE RÍOS,GUALEGUAY,7970
2026-01-23,ENTRE RÍOS,GUALEGUAYCHU,1695
2026-01-23,ENTRE RÍOS,HASENKAMP,500
2026-01-23,ENTRE RÍOS,LARROQUE,300
2026-01-23,ENTRE RÍOS,LOS CONQUISTADORES,1000
2026-01-23,ENTRE RÍOS,NOGOYA,1220
2026-01-23,ENTRE RÍOS,SANTA ELENA (ARROYO,1900
2026-01-23,ENTRE RÍOS,URDINARRAIN,600
2026-01-23,ENTRE RÍOS,VILLAGUAY,89
2026-01-23,LA PAMPA,BERNARDO LARROUDE,350
2026-01-23,LA PAMPA,CORONEL HILARIO LAGO,1000
2026-01-23,LA PAMPA,GENERAL PICO,3600
2026-01-23,LA PAMPA,INTENDENTE ALVEAR,230
2026-01-23,LA PAMPA,MAISONNAVE,52
2026-01-23,SALTA,ANTA,200
2026-01-23,SAN LUIS,JUAN W. GEZ,400
2026-01-23,SANTA FE,ALCORTA DTO CONSTITU,500
2026-01-23,SANTA FE,ALVAREZ,240
2026-01-23,SANTA FE,AMENABAR,200
2026-01-23,SANTA FE,ARMSTRONG,260
2026-01-23,SANTA FE,ARROYO SECO,500
2026-01-23,SANTA FE,BIGAND,500
2026-01-23,SANTA FE,CARLOS PELLEGRINI,300
2026-01-23,SANTA FE,CARRERAS,800
2026-01-23,SANTA FE,CAÑADA ROSQUIN,850
2026-01-23,SANTA FE,CHABAS,500
2026-01-23,SANTA FE,CHAPUY,2860
2026-01-23,SANTA FE,CLUCELLAS,90
2026-01-23,SANTA FE,CORREA,600
2026-01-23,SANTA FE,DIAZ,300
2026-01-23,SANTA FE,EL TREBOL,600
2026-01-23,SANTA FE,FIGHIERA,300
2026-01-23,SANTA FE,FRANCK,210
2026-01-23,SANTA FE,GENERAL LAGOS,360
2026-01-23,SANTA FE,INGENIERO CHANOURDIE,116
2026-01-23,SANTA FE,LAS ROSAS,190
2026-01-23,SANTA FE,LOS CARDOS,1300
2026-01-23,SANTA FE,LUIS PALACIOS,1207
2026-01-23,SANTA FE,MAGGIOLO,480
2026-01-23,SANTA FE,MARCELINO ESCALADA,30
2026-01-23,SANTA FE,MARGARITA,500
2026-01-23,SANTA FE,MARIA JUANA,820
2026-01-23,SANTA FE,MARIA SUSANA,90
2026-01-23,SANTA FE,MONTES DE OCA,500
2026-01-23,SANTA FE,PAZ,500
2026-01-23,SANTA FE,PUEBLO RAMONA,450
2026-01-23,SANTA FE,PUERTO GRAL SAN MARTIN,5000
2026-01-23,SANTA FE,RAFAELA,5000
2026-01-23,SANTA FE,ROSARIO,270
2026-01-23,SANTA FE,SAN CARLOS CENTRO,500
2026-01-23,SANTA FE,SAN GENARO,5000
2026-01-23,SANTA FE,SAN JORGE,200
2026-01-23,SANTA FE,SAN JUSTO,280
2026-01-23,SANTA FE,SAN LORENZO,43662
2026-01-23,SANTA FE,SAN MARCOS DE VENADO,7000
2026-01-23,SANTA FE,SAN VICENTE (DPTO. C,2000
2026-01-23,SANTA FE,SANCTI SPIRITU,60
2026-01-23,SANTA FE,SANTA FE,6700
2026-01-23,SANTA FE,TEODELINA,1620
2026-01-23,SANTA FE,VENADO TUERTO,16800
2026-01-23,SANTA FE,VILA,900
2026-01-23,SANTA FE,VILLA CAÑAS,1300
2026-01-23,SANTA FE,VILLA MINETTI,133
2026-01-23,SANTIAGO DEL ESTERO,BANDERA,100
2026-01-23,SANTIAGO DEL ESTERO,EL BAGUAL,120
2026-01-23,SANTIAGO DEL ESTERO,OTUMPA,200
2026-01-23,SANTIAGO DEL ESTERO,QUIMILI,500
2026-01-23,SANTIAGO DEL ESTERO,TOMAS YOUNG,710
2026-01-24,BUENOS AIRES,CORONEL SUAREZ,330
2026-01-24,CÓRDOBA,RIO TERCERO,751
2026-01-26,BUENOS AIRES,ALBERTI,320
2026-01-26,BUENOS AIRES,AMERICA,540
2026-01-26,BUENOS AIRES,ARRECIFES,500
2026-01-26,BUENOS AIRES,ARRIBEÑOS,228
2026-01-26,BUENOS AIRES,BANDERALO,500
2026-01-26,BUENOS AIRES,BRAGADO,2000
2026-01-26,BUENOS AIRES,CARABELAS,760
2026-01-26,BUENOS AIRES,CARLOS CASARES,500
2026-01-26,BUENOS AIRES,CARMEN DE ARECO,1300
2026-01-26,BUENOS AIRES,CHACABUCO,1616
2026-01-26,BUENOS AIRES,COLON,342
2026-01-26,BUENOS AIRES,DEL CARRIL,300
2026-01-26,BUENOS AIRES,GENERAL VILLEGAS,600
2026-01-26,BUENOS AIRES,INGENIERO WHITE,190
2026-01-26,BUENOS AIRES,JUNIN,47
2026-01-26,BUENOS AIRES,LINCOLN,238
2026-01-26,BUENOS AIRES,LOS TOLDOS,70
2026-01-26,BUENOS AIRES,NECOCHEA,210
2026-01-26,BUENOS AIRES,PERGAMINO,1000
2026-01-26,BUENOS AIRES,ROJAS,1200
2026-01-26,BUENOS AIRES,SAN ANTONIO DE ARECO,500
2026-01-26,BUENOS AIRES,SARASA,400
2026-01-26,BUENOS AIRES,VEDIA,1077
2026-01-26,CHACO,BASAIL,31
2026-01-26,CHACO,LAS BREÑAS,90
2026-01-26,CHACO,TRES ISLETAS,30
2026-01-26,CÓRDOBA,ALMAFUERTE,567
2026-01-26,CÓRDOBA,ALTOS DE CHIPION,35
2026-01-26,CÓRDOBA,ARROYITO,500
2026-01-26,CÓRDOBA,BELL VILLE,360
2026-01-26,CÓRDOBA,EL TIO,150
2026-01-26,CÓRDOBA,GENERAL CABRERA,100
2026-01-26,CÓRDOBA,HERNANDO,600
2026-01-26,CÓRDOBA,HUINCA RENANCO,7000
2026-01-26,CÓRDOBA,INRIVILLE,210
2026-01-26,CÓRDOBA,ISLA VERDE (DPTO. MA,500
2026-01-26,CÓRDOBA,JESUS MARIA,3666
2026-01-26,CÓRDOBA,JUSTINIANO POSSE,300
2026-01-26,CÓRDOBA,LA CESIRA,250
2026-01-26,CÓRDOBA,LA PUERTA (DPTO. RIO,60
2026-01-26,CÓRDOBA,LABORDE,300
2026-01-26,CÓRDOBA,LOS CISNES,240
2026-01-26,CÓRDOBA,LOS COMETIERRA,1000
2026-01-26,CÓRDOBA,MARCOS JUAREZ,320
2026-01-26,CÓRDOBA,MONTE BUEY,400
2026-01-26,CÓRDOBA,MONTE MAIZ,1000
2026-01-26,CÓRDOBA,NOETINGER,300
2026-01-26,CÓRDOBA,PILAR,210
2026-01-26,CÓRDOBA,POZO DEL MOLLE (DPTO,500
2026-01-26,CÓRDOBA,REDUCCION,500
2026-01-26,CÓRDOBA,RIO CUARTO,1060
2026-01-26,CÓRDOBA,TRANSITO,500
2026-01-26,CÓRDOBA,WENCESLAO ESCALANTE,4000
2026-01-26,ENTRE RÍOS,ALCARAZ 1RO.,500
2026-01-26,ENTRE RÍOS,CONCEPCION DEL URUGU,150
2026-01-26,ENTRE RÍOS,DIAMANTE,60
2026-01-26,ENTRE RÍOS,EL PALENQUE,20
2026-01-26,ENTRE RÍOS,FEDERAL,35
2026-01-26,ENTRE RÍOS,GUALEGUAY,1500
2026-01-26,ENTRE RÍOS,GUALEGUAYCHU,600
2026-01-26,ENTRE RÍOS,RAICES,1300
2026-01-26,ENTRE RÍOS,VILLAGUAY,30
2026-01-26,LA PAMPA,BERNARDO LARROUDE,90
2026-01-26,SALTA,LAS LAJITAS,3000
2026-01-26,SALTA,ROSARIO DE LA FRONTE,1000
2026-01-26,SAN LUIS,LAS BARRANCAS (DPTO.,1000
2026-01-26,SAN LUIS,SALADILLO,450
2026-01-26,SANTA FE,ALCORTA DTO CONSTITU,90
2026-01-26,SANTA FE,ARMSTRONG,90
2026-01-26,SANTA FE,ARROYO AGUIAR,31
2026-01-26,SANTA FE,ARROYO CEIBAL,60
2026-01-26,SANTA FE,ARROYO SECO,150
2026-01-26,SANTA FE,BUSTINZA,500
2026-01-26,SANTA FE,CAÑADA DE GOMEZ,70
2026-01-26,SANTA FE,DIAZ,870
2026-01-26,SANTA FE,INGENIERO CHANOURDIE,108
2026-01-26,SANTA FE,LA INES,120
2026-01-26,SANTA FE,LOPEZ,30
2026-01-26,SANTA FE,LUIS PALACIOS,6370
2026-01-26,SANTA FE,MAGGIOLO,3
2026-01-26,SANTA FE,MONJE,3000
2026-01-26,SANTA FE,MONTES DE OCA,300
2026-01-26,SANTA FE,PIAMONTE,90
2026-01-26,SANTA FE,PUERTO GRAL SAN MARTIN,2000
2026-01-26,SANTA FE,RAFAELA,3000
2026-01-26,SANTA FE,ROSARIO,11030
2026-01-26,SANTA FE,RUFINO,500
2026-01-26,SANTA FE,SAN FRANCISCO DE VEN,1500
2026-01-26,SANTA FE,SAN JORGE,500
2026-01-26,SANTA FE,SAN LORENZO,50851
2026-01-26,SANTA FE,SAN MARCOS DE VENADO,2500
2026-01-26,SANTA FE,SANCTI SPIRITU,420
2026-01-26,SANTA FE,SANTA FE,2000
2026-01-26,SANTA FE,SANTA ISABEL,2000
2026-01-26,SANTA FE,TOTORAS,7000
2026-01-26,SANTA FE,VENADO TUERTO,6600
2026-01-26,SANTA FE,VILLA CAÑAS,7000
2026-01-26,SANTA FE,VILLA MINETTI,500
2026-01-26,SANTIAGO DEL ESTERO,AVERIAS,300
2026-01-26,SANTIAGO DEL ESTERO,CUATRO BOCAS,25
2026-01-26,SANTIAGO DEL ESTERO,OTUMPA,200
2026-01-27,BUENOS AIRES,ABRA DE HINOJO,300
2026-01-27,BUENOS AIRES,ALBERTI,1440
2026-01-27,BUENOS AIRES,AMERICA,5080
2026-01-27,BUENOS AIRES,ARRECIFES,2500
2026-01-27,BUENOS AIRES,ASAMBLEA,6000
2026-01-27,BUENOS AIRES,BALNEARIO CLAROMECO,13000
2026-01-27,BUENOS AIRES,BERUTTI,2000
2026-01-27,BUENOS AIRES,BRAGADO,4720
2026-01-27,BUENOS AIRES,CARABELAS,200
2026-01-27,BUENOS AIRES,CARLOS CASARES,10000
2026-01-27,BUENOS AIRES,CARMEN DE ARECO,600
2026-01-27,BUENOS AIRES,CAÑADA MARIANO (EMBA,630
2026-01-27,BUENOS AIRES,CHACABUCO,1679
2026-01-27,BUENOS AIRES,CLAUDIO C. MOLINA,1000
2026-01-27,BUENOS AIRES,DAIREAUX,210
2026-01-27,BUENOS AIRES,EL ARBOLITO,60
2026-01-27,BUENOS AIRES,ESPARTILLAR (GRAL. P,1000
2026-01-27,BUENOS AIRES,GENERAL PINTO,600
2026-01-27,BUENOS AIRES,GENERAL VILLEGAS,4048
2026-01-27,BUENOS AIRES,GONZALES CHAVES,1500
2026-01-27,BUENOS AIRES,IRALA,200
2026-01-27,BUENOS AIRES,JUAN JOSE PASO,240
2026-01-27,BUENOS AIRES,JUNIN,1420
2026-01-27,BUENOS AIRES,LINCOLN,14700
2026-01-27,BUENOS AIRES,MORSE,200
2026-01-27,BUENOS AIRES,PEHUAJO,200
2026-01-27,BUENOS AIRES,PELLEGRINI,60
2026-01-27,BUENOS AIRES,RAUCH,600
2026-01-27,BUENOS AIRES,RAWSON,2000
2026-01-27,BUENOS AIRES,ROJAS,4449
2026-01-27,BUENOS AIRES,TRENQUE LAUQUEN,1160
2026-01-27,BUENOS AIRES,TRES LOMAS,1000
2026-01-27,BUENOS AIRES,VEDIA,13
2026-01-27,CATAMARCA,ENTRE RIOS,150
2026-01-27,CHACO,CERRITO,1700
2026-01-27,CHACO,CHARATA,3250
2026-01-27,CÓRDOBA,ABBURRA,1650
2026-01-27,CÓRDOBA,ADELIA MARIA,1000
2026-01-27,CÓRDOBA,ALCIRA,68
2026-01-27,CÓRDOBA,ALTO DE LOS VIDELA,420
2026-01-27,CÓRDOBA,ANTONIO CATALANO,300
2026-01-27,CÓRDOBA,BELL VILLE,116
2026-01-27,CÓRDOBA,BENGOLEA,990
2026-01-27,CÓRDOBA,CAÑADA DE LUQUE,300
2026-01-27,CÓRDOBA,COLONIA ARROYO DE AL,980
2026-01-27,CÓRDOBA,COLONIA BISMARCK,120
2026-01-27,CÓRDOBA,COLONIA EL TRABAJO,600
2026-01-27,CÓRDOBA,COMECHINGONES (DPTO.,400
2026-01-27,CÓRDOBA,CORDOBA,120
2026-01-27,CÓRDOBA,CORONEL MOLDES,300
2026-01-27,CÓRDOBA,DEL CAMPILLO,90
2026-01-27,CÓRDOBA,HERNANDO,1500
2026-01-27,CÓRDOBA,HUINCA RENANCO,3490
2026-01-27,CÓRDOBA,INRIVILLE,300
2026-01-27,CÓRDOBA,ITALO,400
2026-01-27,CÓRDOBA,JESUS MARIA,500
2026-01-27,CÓRDOBA,JUSTINIANO POSSE,600
2026-01-27,CÓRDOBA,LABOULAYE,780
2026-01-27,CÓRDOBA,MATTALDI,500
2026-01-27,CÓRDOBA,ONCATIVO,340
2026-01-27,CÓRDOBA,PILAR,1000
2026-01-27,CÓRDOBA,PINCEN,120
2026-01-27,CÓRDOBA,RIO CUARTO,7550
2026-01-27,CÓRDOBA,SAN BASILIO,250
2026-01-27,CÓRDOBA,SAN FRANCISCO (DPTO.,60
2026-01-27,CÓRDOBA,SINSACATE,1500
2026-01-27,CÓRDOBA,TRANSITO,120
2026-01-27,CÓRDOBA,VILLA ASCASUBI,100
2026-01-27,CÓRDOBA,VILLA DE MARIA,400
2026-01-27,CÓRDOBA,VILLA HUIDOBRO,1000
2026-01-27,CÓRDOBA,WENCESLAO ESCALANTE,229
2026-01-27,ENTRE RÍOS,ALDEA SALTO,90
2026-01-27,ENTRE RÍOS,ALDEA SAN ANTONIO,90
2026-01-27,ENTRE RÍOS,CASEROS,90
2026-01-27,ENTRE RÍOS,CENTELLA,2000
2026-01-27,ENTRE RÍOS,DIAMANTE,2000
2026-01-27,ENTRE RÍOS,LA PAZ,2000
2026-01-27,ENTRE RÍOS,NUEVA VIZCAYA,600
2026-01-27,ENTRE RÍOS,VICTORIA,600
2026-01-27,ENTRE RÍOS,VILLAGUAY,815
2026-01-27,LA PAMPA,BERNARDO LARROUDE,500
2026-01-27,LA PAMPA,CATRILO,18949
2026-01-27,LA PAMPA,CORONEL HILARIO LAGO,500
2026-01-27,LA PAMPA,FALUCHO,200
2026-01-27,LA PAMPA,GENERAL PICO,875
2026-01-27,LA PAMPA,INTENDENTE ALVEAR,1000
2026-01-27,SALTA,ANTA,100
2026-01-27,SALTA,CEIBALITO,300
2026-01-27,SALTA,JOAQUIN V. GONZALEZ,600
2026-01-27,SALTA,LAS LAJITAS,2600
2026-01-27,SALTA,METAN,3000
2026-01-27,SALTA,RIO DEL VALLE,100
2026-01-27,SAN LUIS,JUAN JORBA,900
2026-01-27,SAN LUIS,MERCEDES,55
2026-01-27,SAN LUIS,SALADILLO,550
2026-01-27,SANTA FE,ALDAO,360
2026-01-27,SANTA FE,ARMSTRONG,1240
2026-01-27,SANTA FE,AVELLANEDA,2000
2026-01-27,SANTA FE,BOUQUET,180
2026-01-27,SANTA FE,CASILDA,90
2026-01-27,SANTA FE,CAÑADA ROSQUIN,1290
2026-01-27,SANTA FE,CHAPUY,60
2026-01-27,SANTA FE,CLUCELLAS,70
2026-01-27,SANTA FE,EL TREBOL,120
2026-01-27,SANTA FE,ELISA,70
2026-01-27,SANTA FE,INGENIERO CHANOURDIE,320
2026-01-27,SANTA FE,LA JOSEFINA,1498
2026-01-27,SANTA FE,LAS PAREJAS,1150
2026-01-27,SANTA FE,LUIS PALACIOS,7815
2026-01-27,SANTA FE,MARIA SUSANA,150
2026-01-27,SANTA FE,MARIA TERESA,60
2026-01-27,SANTA FE,MURPHY,30
2026-01-27,SANTA FE,PIAMONTE,240
2026-01-27,SANTA FE,PILAR,90
2026-01-27,SANTA FE,PUERTO GRAL SAN MARTIN,200
2026-01-27,SANTA FE,RAFAELA,1210
2026-01-27,SANTA FE,ROSARIO,1461
2026-01-27,SANTA FE,SAN GENARO,11167
2026-01-27,SANTA FE,SAN GENARO NORTE,900
2026-01-27,SANTA FE,SAN GREGORIO,100
2026-01-27,SANTA FE,SAN JORGE,200
2026-01-27,SANTA FE,SAN JUSTO,1500
2026-01-27,SANTA FE,SAN LORENZO,6200
2026-01-27,SANTA FE,SAN MARCELO,120
2026-01-27,SANTA FE,SAN MARCOS DE VENADO,24000
2026-01-27,SANTA FE,SAN VICENTE (DPTO. C,8000
2026-01-27,SANTA FE,SANTA FE,291
2026-01-27,SANTA FE,TEODELINA,255
2026-01-27,SANTA FE,VENADO TUERTO,22850
2026-01-27,SANTA FE,VILLA CAÑAS,1120
2026-01-27,SANTIAGO DEL ESTERO,BANDERA,250
2026-01-27,SANTIAGO DEL ESTERO,LOS PIRPINTOS,500
2026-01-27,SANTIAGO DEL ESTERO,QUIMILI,1000
2026-01-27,SANTIAGO DEL ESTERO,SACHAYOJ,561
2026-01-27,SANTIAGO DEL ESTERO,TABOADA,200
2026-01-27,SANTIAGO DEL ESTERO,TINTINA,2000
2026-01-28,BUENOS AIRES,ARRECIFES,150
2026-01-28,BUENOS AIRES,ARRIBEÑOS,66
2026-01-28,BUENOS AIRES,BAHIA BLANCA,500
2026-01-28,BUENOS AIRES,BRAGADO,6000
2026-01-28,BUENOS AIRES,CARLOS CASARES,2120
2026-01-28,BUENOS AIRES,CLAUDIO C. MOLINA,2900
2026-01-28,BUENOS AIRES,COLON,1220
2026-01-28,BUENOS AIRES,CORONEL DORREGO,790
2026-01-28,BUENOS AIRES,CORONEL GRANADA,270
2026-01-28,BUENOS AIRES,CORONEL SUAREZ,1000
2026-01-28,BUENOS AIRES,DARREGUEIRA,1000
2026-01-28,BUENOS AIRES,EDMUNDO B. PERKINS,1000
2026-01-28,BUENOS AIRES,GENERAL VILLEGAS,2500
2026-01-28,BUENOS AIRES,HENDERSON,150
2026-01-28,BUENOS AIRES,IRENEO PORTELA,100
2026-01-28,BUENOS AIRES,LINCOLN,1500
2026-01-28,BUENOS AIRES,LOBERIA,1790
2026-01-28,BUENOS AIRES,LOBOS,880
2026-01-28,BUENOS AIRES,MIRAMAR (PDO. GRAL.,300
2026-01-28,BUENOS AIRES,OLAVARRIA,180
2026-01-28,BUENOS AIRES,PEHUAJO,2090
2026-01-28,BUENOS AIRES,PERGAMINO,1000
2026-01-28,BUENOS AIRES,RAWSON,1000
2026-01-28,BUENOS AIRES,ROJAS,12150
2026-01-28,BUENOS AIRES,SALTO,3000
2026-01-28,BUENOS AIRES,SAN ANDRES DE GILES,700
2026-01-28,BUENOS AIRES,SAN ANTONIO DE ARECO,600
2026-01-28,BUENOS AIRES,TRENQUE LAUQUEN,1560
2026-01-28,BUENOS AIRES,TRES ARROYOS,1700
2026-01-28,BUENOS AIRES,VEDIA,300
2026-01-28,CATAMARCA,BAÑADO DE OVANTA,200
2026-01-28,CHACO,BASAIL,404
2026-01-28,CHACO,CERRITO,3100
2026-01-28,CHACO,CONCEPCION DEL BERME,2410
2026-01-28,CHACO,PAMPA DEL INFIERNO,17
2026-01-28,CÓRDOBA,ABBURRA,620
2026-01-28,CÓRDOBA,ADELIA MARIA,7000
2026-01-28,CÓRDOBA,ALCIRA,60
2026-01-28,CÓRDOBA,ALEJANDRO ROCA,1200
2026-01-28,CÓRDOBA,ALEJO LEDESMA,350
2026-01-28,CÓRDOBA,ALICIA,90
2026-01-28,CÓRDOBA,ALTOS DE CHIPION,35
2026-01-28,CÓRDOBA,ATAHONA,85
2026-01-28,CÓRDOBA,BELL VILLE,90
2026-01-28,CÓRDOBA,BERROTARAN,600
2026-01-28,CÓRDOBA,CAÑADA DE LUQUE,298
2026-01-28,CÓRDOBA,CHUÑA,500
2026-01-28,CÓRDOBA,COLONIA ALMADA,100
2026-01-28,CÓRDOBA,COLONIA ARROYO DE AL,440
2026-01-28,CÓRDOBA,CORDOBA,210
2026-01-28,CÓRDOBA,CORONEL MOLDES,1400
2026-01-28,CÓRDOBA,CORRAL DE BUSTOS,210
2026-01-28,CÓRDOBA,CRUZ ALTA,300
2026-01-28,CÓRDOBA,ESTACION GENERAL PAZ,180
2026-01-28,CÓRDOBA,GENERAL CABRERA,7800
2026-01-28,CÓRDOBA,GENERAL LEVALLE,100
2026-01-28,CÓRDOBA,HERNANDO,1370
2026-01-28,CÓRDOBA,HIPOLITO BOUCHARD,1000
2026-01-28,CÓRDOBA,HUINCA RENANCO,1521
2026-01-28,CÓRDOBA,ISLA VERDE (DPTO. MA,1120
2026-01-28,CÓRDOBA,ITALO,700
2026-01-28,CÓRDOBA,JESUS MARIA,300
2026-01-28,CÓRDOBA,LA PUERTA (DPTO. RIO,150
2026-01-28,CÓRDOBA,LABOULAYE,90
2026-01-28,CÓRDOBA,LEONES,300
2026-01-28,CÓRDOBA,MARCOS JUAREZ,300
2026-01-28,CÓRDOBA,MONTE BUEY,300
2026-01-28,CÓRDOBA,MONTE CRISTO,180
2026-01-28,CÓRDOBA,OLIVA,2200
2026-01-28,CÓRDOBA,PILAR,105
2026-01-28,CÓRDOBA,PORTEÑA,200
2026-01-28,CÓRDOBA,RIO CUARTO,4800
2026-01-28,CÓRDOBA,SAN BASILIO,75
2026-01-28,CÓRDOBA,SAN FRANCISCO (DPTO.,300
2026-01-28,CÓRDOBA,TOLEDO,240
2026-01-28,CÓRDOBA,VIAMONTE,28
2026-01-28,CÓRDOBA,VICUÑA MACKENNA,500
2026-01-28,CÓRDOBA,VILLA HUIDOBRO,200
2026-01-28,CÓRDOBA,WENCESLAO ESCALANTE,200
2026-01-28,ENTRE RÍOS,ALDEA SAN ANTONIO,300
2026-01-28,ENTRE RÍOS,CENTELLA,1000
2026-01-28,ENTRE RÍOS,CONCEPCION DEL URUGU,900
2026-01-28,ENTRE RÍOS,GENERAL GALARZA,1500
2026-01-28,ENTRE RÍOS,GUALEGUAY,500
2026-01-28,ENTRE RÍOS,LA PAZ,1500
2026-01-28,ENTRE RÍOS,LUCAS NORTE,822
2026-01-28,ENTRE RÍOS,NOGOYA,3000
2026-01-28,ENTRE RÍOS,PAJONAL,300
2026-01-28,ENTRE RÍOS,VICTORIA,300
2026-01-28,ENTRE RÍOS,VILLAGUAY,1300
2026-01-28,LA PAMPA,BERNARDO LARROUDE,1000
2026-01-28,LA PAMPA,CATRILO,1100
2026-01-28,LA PAMPA,DORILA,190
2026-01-28,LA PAMPA,EDUARDO CASTEX,500
2026-01-28,LA PAMPA,INTENDENTE ALVEAR,2500
2026-01-28,LA PAMPA,REALICO,620
2026-01-28,LA PAMPA,SARAH,200
2026-01-28,LA PAMPA,SPELUZZI,300
2026-01-28,SALTA,ANTA,100
2026-01-28,SALTA,JOAQUIN V. GONZALEZ,1300
2026-01-28,SALTA,METAN,2500
2026-01-28,SANTA FE,ALCORTA DTO CONSTITU,65
2026-01-28,SANTA FE,ARMSTRONG,180
2026-01-28,SANTA FE,ARROYO SECO,500
2026-01-28,SANTA FE,BIGAND,5000
2026-01-28,SANTA FE,BOUQUET,30
2026-01-28,SANTA FE,CARCARAÑA,180
2026-01-28,SANTA FE,CARLOS PELLEGRINI,300
2026-01-28,SANTA FE,CARRERAS,710
2026-01-28,SANTA FE,CASILDA,60
2026-01-28,SANTA FE,CHAPUY,16000
2026-01-28,SANTA FE,GOBERNADOR CRESPO,60
2026-01-28,SANTA FE,IRIGOYEN,240
2026-01-28,SANTA FE,LAS PAREJAS,500
2026-01-28,SANTA FE,LAS ROSAS,1100
2026-01-28,SANTA FE,LUIS PALACIOS,5028
2026-01-28,SANTA FE,MARIA JUANA,13500
2026-01-28,SANTA FE,MARIA SUSANA,1420
2026-01-28,SANTA FE,MONTES DE OCA,90
2026-01-28,SANTA FE,MURPHY,800
2026-01-28,SANTA FE,PAZ,900
2026-01-28,SANTA FE,PUEBLO RAMONA,150
2026-01-28,SANTA FE,RAFAELA,3000
2026-01-28,SANTA FE,RAMAYON,1000
2026-01-28,SANTA FE,ROSARIO,5030
2026-01-28,SANTA FE,SAN GREGORIO,233
2026-01-28,SANTA FE,SAN JORGE,1680
2026-01-28,SANTA FE,SAN JUSTO,1000
2026-01-28,SANTA FE,SAN LORENZO,26120
2026-01-28,SANTA FE,SAN MARCOS DE VENADO,4200
2026-01-28,SANTA FE,SANCTI SPIRITU,5310
2026-01-28,SANTA FE,SANTA FE,4500
2026-01-28,SANTA FE,TEODELINA,420
2026-01-28,SANTA FE,VENADO TUERTO,5500
2026-01-28,SANTA FE,VILLA CAÑAS,600
2026-01-28,SANTIAGO DEL ESTERO,AVERIAS,500
2026-01-28,SANTIAGO DEL ESTERO,BANDERA,800
2026-01-28,TUCUMÁN,ANTA CHICA,800
2026-01-29,BUENOS AIRES,25 DE MAYO,116
2026-01-29,BUENOS AIRES,ALBERTI,180
2026-01-29,BUENOS AIRES,ASAMBLEA,300
2026-01-29,BUENOS AIRES,BAHIA BLANCA,200
2026-01-29,BUENOS AIRES,BALNEARIO CLAROMECO,3000
2026-01-29,BUENOS AIRES,BARADERO,300
2026-01-29,BUENOS AIRES,BRAGADO,4120
2026-01-29,BUENOS AIRES,CAPITAN SARMIENTO,210
2026-01-29,BUENOS AIRES,CARLOS CASARES,2500
2026-01-29,BUENOS AIRES,CHACABUCO,2500
2026-01-29,BUENOS AIRES,COLON,1000
2026-01-29,BUENOS AIRES,CORONEL DORREGO,405
2026-01-29,BUENOS AIRES,CORONEL SUAREZ,2000
2026-01-29,BUENOS AIRES,GENERAL VILLEGAS,390
2026-01-29,BUENOS AIRES,JUNIN,360
2026-01-29,BUENOS AIRES,LINCOLN,600
2026-01-29,BUENOS AIRES,MARIANO H. ALFONZO,500
2026-01-29,BUENOS AIRES,OLAVARRIA,1300
2026-01-29,BUENOS AIRES,ROJAS,200
2026-01-29,BUENOS AIRES,ROQUE PEREZ,450
2026-01-29,BUENOS AIRES,TANDIL,1000
2026-01-29,BUENOS AIRES,TAPALQUE,210
2026-01-29,BUENOS AIRES,TRENQUE LAUQUEN,3000
2026-01-29,BUENOS AIRES,TRES ARROYOS,240
2026-01-29,BUENOS AIRES,VEDIA,1101
2026-01-29,BUENOS AIRES,VILLA MAZA,108
2026-01-29,BUENOS AIRES,VILLA MOQUEHUA,2500
2026-01-29,CATAMARCA,ENTRE RIOS,150
2026-01-29,CHACO,COLONIA NECOCHEA SUD,8
2026-01-29,CHACO,CONCEPCION DEL BERME,29
2026-01-29,CHACO,TRES ISLETAS,135
2026-01-29,CÓRDOBA,ABBURRA,90
2026-01-29,CÓRDOBA,ALEJANDRO ROCA,60
2026-01-29,CÓRDOBA,BERROTARAN,500
2026-01-29,CÓRDOBA,CALCHIN,600
2026-01-29,CÓRDOBA,CAÑADA DE LUQUE,702
2026-01-29,CÓRDOBA,COLONIA TIROLESA,500
2026-01-29,CÓRDOBA,ELENA,2500
2026-01-29,CÓRDOBA,GENERAL BALDISSERA,90
2026-01-29,CÓRDOBA,GENERAL CABRERA,1900
2026-01-29,CÓRDOBA,GUATIMOZIN,1000
2026-01-29,CÓRDOBA,HOLMBERG,30
2026-01-29,CÓRDOBA,HUINCA RENANCO,70
2026-01-29,CÓRDOBA,JESUS MARIA,3750
2026-01-29,CÓRDOBA,JUSTINIANO POSSE,350
2026-01-29,CÓRDOBA,LA PUERTA (DPTO. RIO,210
2026-01-29,CÓRDOBA,LABOULAYE,1000
2026-01-29,CÓRDOBA,MARCOS JUAREZ,300
2026-01-29,CÓRDOBA,MARULL,210
2026-01-29,CÓRDOBA,OLIVA,3000
2026-01-29,CÓRDOBA,ONCATIVO,300
2026-01-29,CÓRDOBA,RIO CUARTO,1910
2026-01-29,CÓRDOBA,RIO TERCERO,610
2026-01-29,CÓRDOBA,SAN FRANCISCO (DPTO.,420
2026-01-29,CÓRDOBA,SINSACATE,1000
2026-01-29,CÓRDOBA,TICINO,2000
2026-01-29,CÓRDOBA,VICUÑA MACKENNA,150
2026-01-29,CÓRDOBA,VILLA DEL TOTORAL,2000
2026-01-29,CÓRDOBA,VILLA HUIDOBRO,250
2026-01-29,CÓRDOBA,VILLA MARIA (JESUS M,720
2026-01-29,CÓRDOBA,VILLA SANTA ROSA,600
2026-01-29,CÓRDOBA,WENCESLAO ESCALANTE,2000
2026-01-29,ENTRE RÍOS,CONCEPCION DEL URUGU,300
2026-01-29,ENTRE RÍOS,CONCORDIA,500
2026-01-29,ENTRE RÍOS,CRESPO,2560
2026-01-29,ENTRE RÍOS,GENERAL RAMIREZ,772
2026-01-29,ENTRE RÍOS,GUALEGUAY,1243
2026-01-29,ENTRE RÍOS,GUALEGUAYCHU,1200
2026-01-29,ENTRE RÍOS,LA PAZ,1000
2026-01-29,ENTRE RÍOS,LUCAS GONZALEZ,536
2026-01-29,ENTRE RÍOS,SEGUI,120
2026-01-29,ENTRE RÍOS,URDINARRAIN,3000
2026-01-29,ENTRE RÍOS,VICTORIA,120
2026-01-29,LA PAMPA,AGUSTONI,350
2026-01-29,LA PAMPA,CATRILO,11000
2026-01-29,LA PAMPA,CORONEL HILARIO LAGO,700
2026-01-29,SALTA,ANTA,2000
2026-01-29,SAN LUIS,JUSTO DARACT,600
2026-01-29,SANTA FE,BIGAND,10000
2026-01-29,SANTA FE,BOUQUET,150
2026-01-29,SANTA FE,CAÑADA DE GOMEZ,90
2026-01-29,SANTA FE,CAÑADA ROSQUIN,150
2026-01-29,SANTA FE,CHAPUY,3560
2026-01-29,SANTA FE,DIAZ,590
2026-01-29,SANTA FE,EL SOMBRERITO,145
2026-01-29,SANTA FE,HUGHES,2000
2026-01-29,SANTA FE,LAS PAREJAS,860
2026-01-29,SANTA FE,LAS ROSAS,780
2026-01-29,SANTA FE,LUIS PALACIOS,10040
2026-01-29,SANTA FE,MARIA JUANA,1000
2026-01-29,SANTA FE,MURPHY,120
2026-01-29,SANTA FE,PILAR,200
2026-01-29,SANTA FE,PUEBLO RAMONA,660
2026-01-29,SANTA FE,PUERTO GRAL SAN MARTIN,1200
2026-01-29,SANTA FE,ROSARIO,12000
2026-01-29,SANTA FE,RUFINO,140
2026-01-29,SANTA FE,SAN JORGE,400
2026-01-29,SANTA FE,SAN LORENZO,21300
2026-01-29,SANTA FE,SAN MARCOS DE VENADO,1000
2026-01-29,SANTA FE,SAN VICENTE (DPTO. C,1000
2026-01-29,SANTA FE,SANTA FE,4000
2026-01-29,SANTA FE,SANTA ISABEL,60
2026-01-29,SANTA FE,SUARDI,30
2026-01-29,SANTA FE,VENADO TUERTO,3500
2026-01-29,SANTA FE,VILLA CAÑAS,3000
2026-01-29,SANTA FE,VILLA MINETTI,867
2026-01-29,SANTA FE,VILLA TRINIDAD,600
2026-01-29,SANTIAGO DEL ESTERO,BANDERA,548
2026-01-29,SANTIAGO DEL ESTERO,EL COLORADO,150
2026-01-29,SANTIAGO DEL ESTERO,OTUMPA,2000
2026-01-29,SANTIAGO DEL ESTERO,QUIMILI,600
2026-01-29,SANTIAGO DEL ESTERO,RAPELLI,300
2026-01-29,SANTIAGO DEL ESTERO,ROVERSI,69
2026-01-29,TUCUMÁN,GOBERNADOR GARMENDIA,430
2026-01-30,BUENOS AIRES,9 DE JULIO,400
2026-01-30,BUENOS AIRES,ABEL,16000
2026-01-30,BUENOS AIRES,AMERICA,1910
2026-01-30,BUENOS AIRES,ARRECIFES,800
2026-01-30,BUENOS AIRES,ASTURIAS,500
2026-01-30,BUENOS AIRES,BAHIA BLANCA,4000
2026-01-30,BUENOS AIRES,BALNEARIO CLAROMECO,8000
2026-01-30,BUENOS AIRES,BARRIO VILLA GAUCHO,5000
2026-01-30,BUENOS AIRES,BRAGADO,625
2026-01-30,BUENOS AIRES,CARHUE,420
2026-01-30,BUENOS AIRES,CARLOS CASARES,3000
2026-01-30,BUENOS AIRES,DARREGUEIRA,120
2026-01-30,BUENOS AIRES,GENERAL PINTO,500
2026-01-30,BUENOS AIRES,GENERAL VILLEGAS,10970
2026-01-30,BUENOS AIRES,GONZALES CHAVES,1500
2026-01-30,BUENOS AIRES,JUAN JOSE PASO,500
2026-01-30,BUENOS AIRES,JUNIN,60
2026-01-30,BUENOS AIRES,LINCOLN,3000
2026-01-30,BUENOS AIRES,PEHUAJO,2200
2026-01-30,BUENOS AIRES,PIEDRITAS,96
2026-01-30,BUENOS AIRES,PILAR,1000
2026-01-30,BUENOS AIRES,TRENQUE LAUQUEN,6450
2026-01-30,BUENOS AIRES,TRES ARROYOS,120
2026-01-30,BUENOS AIRES,VILLA SABOYA,237
2026-01-30,CATAMARCA,BAÑADO DE OVANTA,1000
2026-01-30,CHACO,GANCEDO,950
2026-01-30,CHACO,LAS BREÑAS,1500
2026-01-30,CHACO,PAMPA DEL INFIERNO,5
2026-01-30,CÓRDOBA,ABBURRA,1000
2026-01-30,CÓRDOBA,ADELIA MARIA,1000
2026-01-30,CÓRDOBA,CAPITAN GENERAL BERN,180
2026-01-30,CÓRDOBA,COLONIA ALMADA,800
2026-01-30,CÓRDOBA,COLONIA ARROYO DE AL,950
2026-01-30,CÓRDOBA,CORONEL MOLDES,400
2026-01-30,CÓRDOBA,ELENA,1000
2026-01-30,CÓRDOBA,GENERAL BALDISSERA,300
2026-01-30,CÓRDOBA,GENERAL LEVALLE,3000
2026-01-30,CÓRDOBA,HUINCA RENANCO,285
2026-01-30,CÓRDOBA,ITALO,200
2026-01-30,CÓRDOBA,JUSTINIANO POSSE,10150
2026-01-30,CÓRDOBA,LOS CISNES,54
2026-01-30,CÓRDOBA,MARCOS JUAREZ,100
2026-01-30,CÓRDOBA,MONTE CRISTO,30
2026-01-30,CÓRDOBA,MONTE MAIZ,2000
2026-01-30,CÓRDOBA,OBISPO TREJO,12000
2026-01-30,CÓRDOBA,OLIVA,4100
2026-01-30,CÓRDOBA,ONCATIVO,200
2026-01-30,CÓRDOBA,PASCO,1000
2026-01-30,CÓRDOBA,RIO CUARTO,2600
2026-01-30,CÓRDOBA,RIO TERCERO,1000
2026-01-30,CÓRDOBA,SANTA ROSA DE RIO PR,210
2026-01-30,CÓRDOBA,VICUÑA MACKENNA,1325
2026-01-30,CÓRDOBA,VILLA HUIDOBRO,1500
2026-01-30,CÓRDOBA,VILLA SANTA ROSA,1200
2026-01-30,CÓRDOBA,WENCESLAO ESCALANTE,210
2026-01-30,ENTRE RÍOS,ALBARDON,2000
2026-01-30,ENTRE RÍOS,ALDEA VALLE MARIA,270
2026-01-30,ENTRE RÍOS,ALTAMIRANO SUD,330
2026-01-30,ENTRE RÍOS,BASAVILBASO,1126
2026-01-30,ENTRE RÍOS,COLONIA PERFECCION,275
2026-01-30,ENTRE RÍOS,FEDERAL,100
2026-01-30,ENTRE RÍOS,GUALEGUAY,3290
2026-01-30,ENTRE RÍOS,GUALEGUAYCHU,1500
2026-01-30,ENTRE RÍOS,HASENKAMP,240
2026-01-30,ENTRE RÍOS,LUCAS GONZALEZ,435
2026-01-30,ENTRE RÍOS,MACIA,150
2026-01-30,ENTRE RÍOS,URDINARRAIN,1800
2026-01-30,ENTRE RÍOS,VICTORIA,1000
2026-01-30,ENTRE RÍOS,VILLAGUAY,840
2026-01-30,LA PAMPA,BERNARDO LARROUDE,3900
2026-01-30,LA PAMPA,CATRILO,20000
2026-01-30,LA PAMPA,GENERAL PICO,700
2026-01-30,LA PAMPA,INTENDENTE ALVEAR,120
2026-01-30,SALTA,LAS LAJITAS,450
2026-01-30,SALTA,METAN,500
2026-01-30,SALTA,PIQUETE CABADO,250
2026-01-30,SAN LUIS,JUSTO DARACT,3650
2026-01-30,SAN LUIS,MERCEDES,56
2026-01-30,SANTA FE,ARROYO CEIBAL,391
2026-01-30,SANTA FE,ARROYO SECO,500
2026-01-30,SANTA FE,BIGAND,20000
2026-01-30,SANTA FE,BUSTINZA,300
2026-01-30,SANTA FE,CARCARAÑA,360
2026-01-30,SANTA FE,CARLOS PELLEGRINI,1095
2026-01-30,SANTA FE,CHAPUY,1015
2026-01-30,SANTA FE,COLONIA LA YERBA,30
2026-01-30,SANTA FE,ELISA,70
2026-01-30,SANTA FE,INGENIERO CHANOURDIE,65
2026-01-30,SANTA FE,LAS PAREJAS,1752
2026-01-30,SANTA FE,LOPEZ,30
2026-01-30,SANTA FE,LUIS PALACIOS,3600
2026-01-30,SANTA FE,MARIA JUANA,360
2026-01-30,SANTA FE,MARIA SUSANA,830
2026-01-30,SANTA FE,MONTES DE OCA,265
2026-01-30,SANTA FE,PAZ,150
2026-01-30,SANTA FE,PILAR,60
2026-01-30,SANTA FE,PUEBLO RAMONA,240
2026-01-30,SANTA FE,ROLDAN,985
2026-01-30,SANTA FE,SAN JUSTO,60
2026-01-30,SANTA FE,SAN LORENZO,19620
2026-01-30,SANTA FE,SAN MARCOS DE VENADO,17000
2026-01-30,SANTA FE,SAN VICENTE (DPTO. C,11000
2026-01-30,SANTA FE,SANTA CLARA DE SAGUI,300
2026-01-30,SANTA FE,SARGENTO CABRAL,1000
2026-01-30,SANTA FE,SASTRE,120
2026-01-30,SANTA FE,TEODELINA,1000
2026-01-30,SANTA FE,VENADO TUERTO,8329
2026-01-30,SANTA FE,VILLA CAÑAS,3290
2026-01-30,SANTA FE,VILLA TRINIDAD,700
2026-01-30,SANTIAGO DEL ESTERO,QUIMILI,66
2026-01-30,SANTIAGO DEL ESTERO,SANTIAGO DEL ESTERO,180
2026-01-30,TUCUMÁN,ANTA CHICA,1250
2026-01-30,TUCUMÁN,LEALES,300
2026-01-31,SANTA FE,LOGROÑO,500
2026-02-01,CÓRDOBA,PASCANAS,60
2026-02-01,ENTRE RÍOS,GENERAL GALARZA,292
2026-02-01,ENTRE RÍOS,GUALEGUAY,282
2026-02-02,BUENOS AIRES,AMERICA,1000
2026-02-02,BUENOS AIRES,ASCENSION,2000
2026-02-02,BUENOS AIRES,BRAGADO,511
2026-02-02,BUENOS AIRES,CHIVILCOY,120
2026-02-02,BUENOS AIRES,CLAUDIO C. MOLINA,90
2026-02-02,BUENOS AIRES,GENERAL VILLEGAS,700
2026-02-02,BUENOS AIRES,GONZALES CHAVES,1000
2026-02-02,BUENOS AIRES,OLAVARRIA,360
2026-02-02,BUENOS AIRES,PILAR,586
2026-02-02,BUENOS AIRES,TRENQUE LAUQUEN,30
2026-02-02,BUENOS AIRES,VEDIA,13
2026-02-02,CHACO,BASAIL,53
2026-02-02,CHACO,GANCEDO,160
2026-02-02,CHACO,PRESIDENCIA ROCA,120
2026-02-02,CÓRDOBA,COMECHINGONES (DPTO.,60
2026-02-02,CÓRDOBA,GUATIMOZIN,780
2026-02-02,CÓRDOBA,INRIVILLE,150
2026-02-02,CÓRDOBA,JESUS MARIA,420
2026-02-02,CÓRDOBA,LAGUNA LARGA,475
2026-02-02,CÓRDOBA,LAS VARILLAS,300
2026-02-02,CÓRDOBA,LUQUE,500
2026-02-02,CÓRDOBA,MONTE CRISTO,30
2026-02-02,CÓRDOBA,OLIVA,2035
2026-02-02,CÓRDOBA,PASCANAS,36
2026-02-02,CÓRDOBA,PORTEÑA,100
2026-02-02,CÓRDOBA,RIO CUARTO,780
2026-02-02,CÓRDOBA,VILLA DEL ROSARIO,90
2026-02-02,CÓRDOBA,VILLA HUIDOBRO,17
2026-02-02,CÓRDOBA,VILLA MARIA (DPTO. G,3460
2026-02-02,CÓRDOBA,WENCESLAO ESCALANTE,210
2026-02-02,ENTRE RÍOS,ALTAMIRANO SUD,240
2026-02-02,ENTRE RÍOS,EL PALENQUE,38
2026-02-02,ENTRE RÍOS,EL REDOMON,123
2026-02-02,ENTRE RÍOS,URDINARRAIN,1750
2026-02-02,ENTRE RÍOS,VALLE MARIA,166
2026-02-02,ENTRE RÍOS,VILLA DEL ROSARIO,289
2026-02-02,ENTRE RÍOS,VILLAGUAY,159
2026-02-02,FORMOSA,MISION LAISHI,120
2026-02-02,LA PAMPA,CEBALLOS,120
2026-02-02,LA PAMPA,GENERAL PICO,235
2026-02-02,LA PAMPA,QUEMU-QUEMU,1000
2026-02-02,SALTA,ANTA,100
2026-02-02,SALTA,CORONEL MOLLINEDO,113
2026-02-02,SANTA FE,ARMSTRONG,90
2026-02-02,SANTA FE,ARROYO CEIBAL,36
2026-02-02,SANTA FE,ARROYO SECO,1000
2026-02-02,SANTA FE,CHAPUY,66
2026-02-02,SANTA FE,CORONEL ARNOLD,300
2026-02-02,SANTA FE,CULULU,150
2026-02-02,SANTA FE,INGENIERO CHANOURDIE,78
2026-02-02,SANTA FE,LAS ROSAS,350
2026-02-02,SANTA FE,LUIS PALACIOS,765
2026-02-02,SANTA FE,MOUSSY,151
2026-02-02,SANTA FE,SAN LORENZO,3000
2026-02-02,SANTA FE,SAN MARCOS DE VENADO,3000
2026-02-02,SANTIAGO DEL ESTERO,PAMPA DE LOS GUANACO,300
2026-02-02,SANTIAGO DEL ESTERO,QUIMILI,150
2026-02-02,SANTIAGO DEL ESTERO,ROVERSI,522
2026-02-02,TUCUMÁN,LA COCHA,200
2026-02-03,BUENOS AIRES,ALBERTI,90
2026-02-03,BUENOS AIRES,AMERICA,90
2026-02-03,BUENOS AIRES,ARRECIFES,740
2026-02-03,BUENOS AIRES,ARRIBEÑOS,19
2026-02-03,BUENOS AIRES,BAHIA BLANCA,200
2026-02-03,BUENOS AIRES,BOLIVAR,1260
2026-02-03,BUENOS AIRES,BRAGADO,210
2026-02-03,BUENOS AIRES,CAPITAN SARMIENTO,240
2026-02-03,BUENOS AIRES,CARLOS MARIA NAON,17554
2026-02-03,BUENOS AIRES,CHACABUCO,2000
2026-02-03,BUENOS AIRES,CHIVILCOY,1500
2026-02-03,BUENOS AIRES,CORONEL DORREGO,580
2026-02-03,BUENOS AIRES,DEL CARRIL,300
2026-02-03,BUENOS AIRES,GENERAL VILLEGAS,2000
2026-02-03,BUENOS AIRES,LA ANGELITA,120
2026-02-03,BUENOS AIRES,LINCOLN,600
2026-02-03,BUENOS AIRES,TRENQUE LAUQUEN,359
2026-02-03,BUENOS AIRES,VEDIA,162
2026-02-03,CHACO,GANCEDO,290
2026-02-03,CHACO,PAMPA DEL INFIERNO,63
2026-02-03,CÓRDOBA,COLONIA ITALIANA,70
2026-02-03,CÓRDOBA,CORONEL MOLDES,200
2026-02-03,CÓRDOBA,MONTE CRISTO,30
2026-02-03,CÓRDOBA,NOETINGER,300
2026-02-03,CÓRDOBA,PLAZA SAN FRANCISCO,500
2026-02-03,CÓRDOBA,TRANSITO,100
2026-02-03,CÓRDOBA,VILLA VALERIA,300
2026-02-03,CÓRDOBA,WENCESLAO ESCALANTE,300
2026-02-03,ENTRE RÍOS,ALCARAZ SEGUNDO,217
2026-02-03,ENTRE RÍOS,COLONIA ELIA,494
2026-02-03,ENTRE RÍOS,CRESPO,3000
2026-02-03,ENTRE RÍOS,DIAMANTE,60
2026-02-03,ENTRE RÍOS,GUALEGUAY,1000
2026-02-03,ENTRE RÍOS,INGENIERO MIGUEL SAJ,150
2026-02-03,ENTRE RÍOS,PEHUAJO NORTE,66
2026-02-03,ENTRE RÍOS,PUIGGARI,33
2026-02-03,ENTRE RÍOS,VIALE,276
2026-02-03,ENTRE RÍOS,VICTORIA,800
2026-02-03,ENTRE RÍOS,VILLA DEL ROSARIO,8
2026-02-03,ENTRE RÍOS,VILLAGUAY,300
2026-02-03,LA PAMPA,CATRILO,2000
2026-02-03,SALTA,ANTILLA,3000
2026-02-03,SALTA,LAS LAJITAS,1340
2026-02-03,SANTA FE,ANGELICA,60
2026-02-03,SANTA FE,AREQUITO,100
2026-02-03,SANTA FE,ARMSTRONG,1000
2026-02-03,SANTA FE,CARLOS PELLEGRINI,500
2026-02-03,SANTA FE,CAÑADA ROSQUIN,2330
2026-02-03,SANTA FE,CHAPUY,200
2026-02-03,SANTA FE,CLUCELLAS,60
2026-02-03,SANTA FE,DIAZ,500
2026-02-03,SANTA FE,EL SOMBRERITO,100
2026-02-03,SANTA FE,ESMERALDA,890
2026-02-03,SANTA FE,GOBERNADOR CRESPO,554
2026-02-03,SANTA FE,INGENIERO CHANOURDIE,120
2026-02-03,SANTA FE,IRIGOYEN,30
2026-02-03,SANTA FE,LA LOLA,47
2026-02-03,SANTA FE,LUIS PALACIOS,3020
2026-02-03,SANTA FE,MARIA JUANA,2000
2026-02-03,SANTA FE,PROGRESO,18
2026-02-03,SANTA FE,PUERTO GRAL SAN MARTIN,500
2026-02-03,SANTA FE,RAFAELA,556
2026-02-03,SANTA FE,ROLDAN,1240
2026-02-03,SANTA FE,ROSARIO,6000
2026-02-03,SANTA FE,RUFINO,520
2026-02-03,SANTA FE,SAN GENARO,2000
2026-02-03,SANTA FE,SAN JOSE DE LA ESQUI,60
2026-02-03,SANTA FE,SAN MARCOS DE VENADO,7000
2026-02-03,SANTA FE,SAN VICENTE (DPTO. C,1000
2026-02-03,SANTA FE,SANTA FE,12000
2026-02-03,SANTA FE,SANTA MARGARITA,33
2026-02-03,SANTA FE,VENADO TUERTO,10544
2026-02-03,SANTA FE,WHEELWRIGHT,150
2026-02-03,SANTIAGO DEL ESTERO,CUATRO BOCAS,14
2026-02-04,BUENOS AIRES,ACHUPALLAS,600
2026-02-04,BUENOS AIRES,AMERICA,1600
2026-02-04,BUENOS AIRES,ARRIBEÑOS,60
2026-02-04,BUENOS AIRES,BALCARCE,1950
2026-02-04,BUENOS AIRES,BARADERO,180
2026-02-04,BUENOS AIRES,BELLOCQ,1000
2026-02-04,BUENOS AIRES,BOLIVAR,240
2026-02-04,BUENOS AIRES,BRAGADO,3000
2026-02-04,BUENOS AIRES,CARLOS CASARES,2500
2026-02-04,BUENOS AIRES,CHACABUCO,1000
2026-02-04,BUENOS AIRES,CHIVILCOY,240
2026-02-04,BUENOS AIRES,COLONIA VELAZ,6000
2026-02-04,BUENOS AIRES,CORONEL DORREGO,1500
2026-02-04,BUENOS AIRES,CORONEL SEGUI,600
2026-02-04,BUENOS AIRES,DEL CARRIL,869
2026-02-04,BUENOS AIRES,ESPARTILLAR (GRAL. P,4000
2026-02-04,BUENOS AIRES,GENERAL MADARIAGA,4000
2026-02-04,BUENOS AIRES,GENERAL ROJO,850
2026-02-04,BUENOS AIRES,GENERAL VILLEGAS,3300
2026-02-04,BUENOS AIRES,GONZALES CHAVES,2000
2026-02-04,BUENOS AIRES,IRIARTE,200
2026-02-04,BUENOS AIRES,LINCOLN,460
2026-02-04,BUENOS AIRES,MARCOS PAZ,120
2026-02-04,BUENOS AIRES,NECOCHEA,500
2026-02-04,BUENOS AIRES,PERGAMINO,458
2026-02-04,BUENOS AIRES,PILAR,361
2026-02-04,BUENOS AIRES,QUEQUEN,152
2026-02-04,BUENOS AIRES,RAUCH,240
2026-02-04,BUENOS AIRES,ROJAS,180
2026-02-04,BUENOS AIRES,SALLIQUELO,210
2026-02-04,BUENOS AIRES,SALTO,300
2026-02-04,BUENOS AIRES,TRENQUE LAUQUEN,240
2026-02-04,BUENOS AIRES,TRES ARROYOS,1000
2026-02-04,BUENOS AIRES,VEDIA,2260
2026-02-04,CHACO,BASAIL,15
2026-02-04,CHACO,CAMPO LARGO,57
2026-02-04,CHACO,CHARATA,1000
2026-02-04,CHACO,GANCEDO,37
2026-02-04,CÓRDOBA,CANALS,50
2026-02-04,CÓRDOBA,CARRILOBO,500
2026-02-04,CÓRDOBA,CORDOBA,120
2026-02-04,CÓRDOBA,GENERAL LEVALLE,2632
2026-02-04,CÓRDOBA,HUINCA RENANCO,6200
2026-02-04,CÓRDOBA,INRIVILLE,50
2026-02-04,CÓRDOBA,JUSTINIANO POSSE,10000
2026-02-04,CÓRDOBA,LABOULAYE,700
2026-02-04,CÓRDOBA,LAGUNA LARGA,240
2026-02-04,CÓRDOBA,LOZADA,150
2026-02-04,CÓRDOBA,MONTE CRISTO,360
2026-02-04,CÓRDOBA,MONTE MAIZ,500
2026-02-04,CÓRDOBA,OLIVA,3760
2026-02-04,CÓRDOBA,PASCANAS,400
2026-02-04,CÓRDOBA,PILAR,105
2026-02-04,CÓRDOBA,RIO CUARTO,2465
2026-02-04,CÓRDOBA,RIO SEGUNDO,500
2026-02-04,CÓRDOBA,SAN FRANCISCO (DPTO.,1200
2026-02-04,CÓRDOBA,VILLA MARIA (DPTO. G,2800
2026-02-04,CÓRDOBA,VILLA VALERIA,198
2026-02-04,CÓRDOBA,WENCESLAO ESCALANTE,1500
2026-02-04,ENTRE RÍOS,ALCARAZ NORTE,240
2026-02-04,ENTRE RÍOS,ALDEA VALLE MARIA,100
2026-02-04,ENTRE RÍOS,BASAVILBASO,600
2026-02-04,ENTRE RÍOS,CONCEPCION DEL URUGU,2000
2026-02-04,ENTRE RÍOS,GUALEGUAY,1000
2026-02-04,ENTRE RÍOS,GUALEGUAYCHU,2000
2026-02-04,ENTRE RÍOS,LA PAZ,300
2026-02-04,ENTRE RÍOS,PUIGGARI,67
2026-02-04,ENTRE RÍOS,QUEBRACHO (DPTO. PAR,286
2026-02-04,ENTRE RÍOS,ROSARIO DEL TALA,36
2026-02-04,ENTRE RÍOS,SANTA ELENA (DPTO. L,21
2026-02-04,ENTRE RÍOS,URDINARRAIN,178
2026-02-04,ENTRE RÍOS,VIALE,31
2026-02-04,ENTRE RÍOS,VICTORIA,300
2026-02-04,ENTRE RÍOS,VILLA DEL ROSARIO,52
2026-02-04,ENTRE RÍOS,VILLAGUAY,262
2026-02-04,LA PAMPA,BERNARDO LARROUDE,600
2026-02-04,LA PAMPA,CATRILO,500
2026-02-04,LA PAMPA,EDUARDO CASTEX,11
2026-02-04,LA PAMPA,INTENDENTE ALVEAR,150
2026-02-04,SALTA,ANTA,100
2026-02-04,SALTA,ANTILLA,2000
2026-02-04,SALTA,JOAQUIN V. GONZALEZ,400
2026-02-04,SAN LUIS,CONCARAN,90
2026-02-04,SAN LUIS,NUEVA GALIA,230
2026-02-04,SANTA FE,ALCORTA DTO CONSTITU,60
2026-02-04,SANTA FE,ARMSTRONG,660
2026-02-04,SANTA FE,BIGAND,10000
2026-02-04,SANTA FE,CAÑADA ROSQUIN,90
2026-02-04,SANTA FE,CLUCELLAS,30
2026-02-04,SANTA FE,INGENIERO CHANOURDIE,45
2026-02-04,SANTA FE,LAS PAREJAS,500
2026-02-04,SANTA FE,LOS MOLINOS,300
2026-02-04,SANTA FE,LUIS PALACIOS,6120
2026-02-04,SANTA FE,MOUSSY,12
2026-02-04,SANTA FE,PIAMONTE,90
2026-02-04,SANTA FE,PUERTO GRAL SAN MARTIN,500
2026-02-04,SANTA FE,ROLDAN,300
2026-02-04,SANTA FE,ROSARIO,31303
2026-02-04,SANTA FE,SAN GENARO,3000
2026-02-04,SANTA FE,SAN JORGE,250
2026-02-04,SANTA FE,SAN JUSTO,4500
2026-02-04,SANTA FE,SAN LORENZO,9000
2026-02-04,SANTA FE,SAN MARCELO,210
2026-02-04,SANTA FE,SAN MARCOS DE VENADO,7000
2026-02-04,SANTA FE,SAN VICENTE (DPTO. C,2000
2026-02-04,SANTA FE,SANTA FE,9000
2026-02-04,SANTA FE,TEODELINA,100
2026-02-04,SANTA FE,TOTORAS,150
2026-02-04,SANTA FE,VENADO TUERTO,13700
2026-02-04,SANTA FE,VICTOR MANUEL II,62
2026-02-04,SANTA FE,VILLA CAÑAS,1000
2026-02-04,SANTIAGO DEL ESTERO,BANDERA,490
2026-02-04,SANTIAGO DEL ESTERO,POZO DULCE,150
2026-02-04,SANTIAGO DEL ESTERO,QUIMILI,650
2026-02-04,SANTIAGO DEL ESTERO,RAPELLI,3100
2026-02-04,SANTIAGO DEL ESTERO,SANTIAGO DEL ESTERO,1000
2026-02-04,TUCUMÁN,BURRUYACU,500
2026-02-04,TUCUMÁN,LA COCHA,1000
2026-02-04,TUCUMÁN,TACO RALO,200
2026-02-05,BUENOS AIRES,25 DE MAYO,2600
2026-02-05,BUENOS AIRES,9 DE JULIO,16030
2026-02-05,BUENOS AIRES,ADOLFO GONZALES CHAVEZ,1500
2026-02-05,BUENOS AIRES,AMERICA,690
2026-02-05,BUENOS AIRES,ARRECIFES,800
2026-02-05,BUENOS AIRES,ARROYO DULCE,300
2026-02-05,BUENOS AIRES,ASAMBLEA,515
2026-02-05,BUENOS AIRES,BAHIA BLANCA,6000
2026-02-05,BUENOS AIRES,BALCARCE,2000
2026-02-05,BUENOS AIRES,BALNEARIO CLAROMECO,15000
2026-02-05,BUENOS AIRES,BERUTTI,300
2026-02-05,BUENOS AIRES,BOLIVAR,400
2026-02-05,BUENOS AIRES,BRAGADO,12110
2026-02-05,BUENOS AIRES,CARHUE,150
2026-02-05,BUENOS AIRES,CARMEN DE ARECO,690
2026-02-05,BUENOS AIRES,CAÑADA SECA,500
2026-02-05,BUENOS AIRES,CHIVILCOY,3420
2026-02-05,BUENOS AIRES,CORONEL DORREGO,30
2026-02-05,BUENOS AIRES,DARREGUEIRA,5200
2026-02-05,BUENOS AIRES,FORTIN OLAVARRIA,1000
2026-02-05,BUENOS AIRES,GONZALES CHAVES,2500
2026-02-05,BUENOS AIRES,LINCOLN,2560
2026-02-05,BUENOS AIRES,LOS TOLDOS,150
2026-02-05,BUENOS AIRES,MARIANO H. ALFONZO,36
2026-02-05,BUENOS AIRES,OLAVARRIA,180
2026-02-05,BUENOS AIRES,PEHUAJO,300
2026-02-05,BUENOS AIRES,PERGAMINO,120
2026-02-05,BUENOS AIRES,PIGUE,498
2026-02-05,BUENOS AIRES,ROJAS,90
2026-02-05,BUENOS AIRES,SALADILLO,600
2026-02-05,BUENOS AIRES,SALTO,400
2026-02-05,BUENOS AIRES,SAN ANTONIO DE ARECO,60
2026-02-05,BUENOS AIRES,TRENQUE LAUQUEN,2848
2026-02-05,BUENOS AIRES,VEDIA,1624
2026-02-05,CATAMARCA,SANTA ROSA (VALLE VI,200
2026-02-05,CHACO,GANCEDO,210
2026-02-05,CHACO,GENERAL CAPDEVILA,1000
2026-02-05,CHACO,PRESIDENCIA ROCA,113
2026-02-05,CIUDAD AUTÓNOMA DE BUENOS AIRES,CAPITAL FEDERAL,120
2026-02-05,CÓRDOBA,BARRANCA YACO,210
2026-02-05,CÓRDOBA,BELL VILLE,380
2026-02-05,CÓRDOBA,CARRILOBO,360
2026-02-05,CÓRDOBA,CHILIBROSTE,300
2026-02-05,CÓRDOBA,COLONIA EL TRABAJO,1000
2026-02-05,CÓRDOBA,COLONIA ITALIANA,70
2026-02-05,CÓRDOBA,DESPEÑADEROS,35
2026-02-05,CÓRDOBA,EL TIO,200
2026-02-05,CÓRDOBA,ELENA,1000
2026-02-05,CÓRDOBA,GENERAL CABRERA,700
2026-02-05,CÓRDOBA,GENERAL DEHEZA,150
2026-02-05,CÓRDOBA,GENERAL LEVALLE,300
2026-02-05,CÓRDOBA,HERNANDO,70
2026-02-05,CÓRDOBA,HUINCA RENANCO,750
2026-02-05,CÓRDOBA,JESUS MARIA,500
2026-02-05,CÓRDOBA,JUSTINIANO POSSE,200
2026-02-05,CÓRDOBA,LA CARLOTA,270
2026-02-05,CÓRDOBA,LA TORDILLA NORTE,380
2026-02-05,CÓRDOBA,LABOULAYE,1735
2026-02-05,CÓRDOBA,LAS JUNTURAS,180
2026-02-05,CÓRDOBA,LUQUE,120
2026-02-05,CÓRDOBA,MALENA,500
2026-02-05,CÓRDOBA,MARCOS JUAREZ,210
2026-02-05,CÓRDOBA,MONTE CRISTO,4570
2026-02-05,CÓRDOBA,OLIVA,994
2026-02-05,CÓRDOBA,PILAR,240
2026-02-05,CÓRDOBA,PIQUILLIN,60
2026-02-05,CÓRDOBA,PORTEÑA,280
2026-02-05,CÓRDOBA,POZO DEL MOLLE (DPTO,450
2026-02-05,CÓRDOBA,RIO CUARTO,1076
2026-02-05,CÓRDOBA,RIO PRIMERO,390
2026-02-05,CÓRDOBA,SACANTA,120
2026-02-05,CÓRDOBA,SAN FRANCISCO (DPTO.,270
2026-02-05,CÓRDOBA,SAN JOSE DE LA DORMI,300
2026-02-05,CÓRDOBA,SANTA ROSA DE RIO PR,320
2026-02-05,CÓRDOBA,SEBASTIAN ELCANO,1000
2026-02-05,CÓRDOBA,SIMBOLAR (DPTO. TOTO,180
2026-02-05,CÓRDOBA,SINSACATE,300
2026-02-05,CÓRDOBA,TRANSITO,90
2026-02-05,CÓRDOBA,VICUÑA MACKENNA,500
2026-02-05,CÓRDOBA,VILLA CONCEPCION DEL,210
2026-02-05,CÓRDOBA,VILLA DEL ROSARIO,250
2026-02-05,CÓRDOBA,VILLA DEL TOTORAL,300
2026-02-05,ENTRE RÍOS,ALCARAZ SEGUNDO,61
2026-02-05,ENTRE RÍOS,CONCEPCION DEL URUGU,300
2026-02-05,ENTRE RÍOS,ESTACION SOLA,1120
2026-02-05,ENTRE RÍOS,GALARZA,716
2026-02-05,ENTRE RÍOS,GENERAL CAMPOS,500
2026-02-05,ENTRE RÍOS,GENERAL GALARZA,450
2026-02-05,ENTRE RÍOS,GUALEGUAY,150
2026-02-05,ENTRE RÍOS,GUALEGUAYCITO,30
2026-02-05,ENTRE RÍOS,LA PAZ,710
2026-02-05,ENTRE RÍOS,LARROQUE,270
2026-02-05,ENTRE RÍOS,LUCAS SUD,60
2026-02-05,ENTRE RÍOS,NOGOYA,180
2026-02-05,ENTRE RÍOS,SANTA ELENA (ARROYO,2000
2026-02-05,ENTRE RÍOS,VIALE,34
2026-02-05,ENTRE RÍOS,VICTORIA,360
2026-02-05,ENTRE RÍOS,VILLA DEL ROSARIO,360
2026-02-05,ENTRE RÍOS,VILLAGUAY,500
2026-02-05,LA PAMPA,CEBALLOS,200
2026-02-05,LA PAMPA,GENERAL PICO,1000
2026-02-05,LA PAMPA,INGENIERO LUIGGI,1000
2026-02-05,LA PAMPA,INTENDENTE ALVEAR,1090
2026-02-05,LA PAMPA,SPELUZZI,400
2026-02-05,LA PAMPA,TRILI,300
2026-02-05,SALTA,ANTA,2000
2026-02-05,SALTA,ANTILLA,6000
2026-02-05,SALTA,APOLINARIO SARAVIA,500
2026-02-05,SALTA,GENERAL PIZARRO,240
2026-02-05,SALTA,JOAQUIN V. GONZALEZ,1210
2026-02-05,SALTA,LAS LAJITAS,1940
2026-02-05,SALTA,PIZARRO,200
2026-02-05,SAN LUIS,ALFALAND,1011
2026-02-05,SAN LUIS,JUSTO DARACT,210
2026-02-05,SAN LUIS,VILLA MERCEDES,500
2026-02-05,SANTA FE,AMENABAR,200
2026-02-05,SANTA FE,ARMSTRONG,1190
2026-02-05,SANTA FE,BIGAND,3000
2026-02-05,SANTA FE,CARCARAÑA,300
2026-02-05,SANTA FE,CARLOS PELLEGRINI,208
2026-02-05,SANTA FE,CASILDA,300
2026-02-05,SANTA FE,CAÑADA DE GOMEZ,20000
2026-02-05,SANTA FE,CHAPUY,1000
2026-02-05,SANTA FE,INGENIERO CHANOURDIE,35
2026-02-05,SANTA FE,LA PELADA,95
2026-02-05,SANTA FE,LAS PAREJAS,500
2026-02-05,SANTA FE,LAS ROSAS,7500
2026-02-05,SANTA FE,LEHMANN,300
2026-02-05,SANTA FE,LUIS PALACIOS,630
2026-02-05,SANTA FE,MAGGIOLO,300
2026-02-05,SANTA FE,MARIA JUANA,11000
2026-02-05,SANTA FE,MARIA LUISA,90
2026-02-05,SANTA FE,MARIA SUSANA,30
2026-02-05,SANTA FE,PILAR,30
2026-02-05,SANTA FE,PUJATO,60
2026-02-05,SANTA FE,RAFAELA,10300
2026-02-05,SANTA FE,ROSARIO,14500
2026-02-05,SANTA FE,RUFINO,2533
2026-02-05,SANTA FE,SAN EDUARDO,90
2026-02-05,SANTA FE,SAN JORGE,90
2026-02-05,SANTA FE,SAN JUSTO,198
2026-02-05,SANTA FE,SAN MARCOS DE VENADO,6500
2026-02-05,SANTA FE,SANCTI SPIRITU,180
2026-02-05,SANTA FE,SANTA FE,2000
2026-02-05,SANTA FE,SANTA ISABEL,400
2026-02-05,SANTA FE,TEODELINA,320
2026-02-05,SANTA FE,TOSTADO,600
2026-02-05,SANTA FE,URANGA,500
2026-02-05,SANTA FE,VENADO TUERTO,9600
2026-02-05,SANTA FE,VILLA MINETTI,1000
2026-02-05,SANTA FE,WHEELWRIGHT,200
2026-02-05,SANTA FE,ZENON PEREYRA,90
2026-02-05,SANTIAGO DEL ESTERO,ARBOL BLANCO,800
2026-02-05,SANTIAGO DEL ESTERO,AVERIAS,600
2026-02-05,SANTIAGO DEL ESTERO,BANDERA,200
2026-02-05,SANTIAGO DEL ESTERO,BOBADAL,400
2026-02-05,SANTIAGO DEL ESTERO,LA ROSILLA,90
2026-02-05,SANTIAGO DEL ESTERO,LOS JURIES,950
2026-02-05,SANTIAGO DEL ESTERO,OTUMPA,750
2026-02-05,SANTIAGO DEL ESTERO,POZO HONDO,2000
2026-02-05,SANTIAGO DEL ESTERO,QUIMILI,3300
2026-02-05,SANTIAGO DEL ESTERO,RAPELLI,3300
2026-02-05,SANTIAGO DEL ESTERO,ROVERSI,62
2026-02-05,TUCUMÁN,BURRUYACU,1500
2026-02-06,BUENOS AIRES,ALBERTI,1710
2026-02-06,BUENOS AIRES,AMERICA,90
2026-02-06,BUENOS AIRES,ARRECIFES,300
2026-02-06,BUENOS AIRES,ARRIBEÑOS,350
2026-02-06,BUENOS AIRES,ASAMBLEA,747
2026-02-06,BUENOS AIRES,BARRIO ACEVEDO,2000
2026-02-06,BUENOS AIRES,BOLIVAR,3200
2026-02-06,BUENOS AIRES,BRAGADO,4020
2026-02-06,BUENOS AIRES,CAPITAN SARMIENTO,30
2026-02-06,BUENOS AIRES,CARLOS CASARES,2500
2026-02-06,BUENOS AIRES,CARMEN DE ARECO,0
2026-02-06,BUENOS AIRES,CHIVILCOY,210
2026-02-06,BUENOS AIRES,FORTIN OLAVARRIA,240
2026-02-06,BUENOS AIRES,GENERAL VILLEGAS,1000
2026-02-06,BUENOS AIRES,HENDERSON,390
2026-02-06,BUENOS AIRES,LINCOLN,3500
2026-02-06,BUENOS AIRES,OLAVARRIA,150
2026-02-06,BUENOS AIRES,PERGAMINO,400
2026-02-06,BUENOS AIRES,PIEDRITAS,500
2026-02-06,BUENOS AIRES,PILAR,811
2026-02-06,BUENOS AIRES,SALTO,3615
2026-02-06,BUENOS AIRES,TRENQUE LAUQUEN,29
2026-02-06,BUENOS AIRES,VEDIA,4380
2026-02-06,CHACO,BASAIL,10
2026-02-06,CHACO,CAMPO LARGO,120
2026-02-06,CHACO,CHARATA,198
2026-02-06,CHACO,COLONIA NECOCHEA SUD,119
2026-02-06,CHACO,GANCEDO,200
2026-02-06,CHACO,GENERAL CAPDEVILA,120
2026-02-06,CÓRDOBA,ARIAS,60
2026-02-06,CÓRDOBA,BELL VILLE,150
2026-02-06,CÓRDOBA,CALCHIN,111
2026-02-06,CÓRDOBA,CAMILO ALDAO,120
2026-02-06,CÓRDOBA,CANALS,3721
2026-02-06,CÓRDOBA,CHARRAS,90
2026-02-06,CÓRDOBA,COLONIA ALMADA,200
2026-02-06,CÓRDOBA,DEL CAMPILLO,260
2026-02-06,CÓRDOBA,EL ALCALDE,90
2026-02-06,CÓRDOBA,EL TIO,1500
2026-02-06,CÓRDOBA,GENERAL LEVALLE,119
2026-02-06,CÓRDOBA,HERNANDO,30
2026-02-06,CÓRDOBA,IDIAZABAL,500
2026-02-06,CÓRDOBA,ITALO,536
2026-02-06,CÓRDOBA,JESUS MARIA,1700
2026-02-06,CÓRDOBA,LA CAUTIVA,180
2026-02-06,CÓRDOBA,LAGUNA LARGA,300
2026-02-06,CÓRDOBA,LOS COMETIERRA,1000
2026-02-06,CÓRDOBA,MARCOS JUAREZ,100
2026-02-06,CÓRDOBA,OLIVA,1799
2026-02-06,CÓRDOBA,PILAR,1140
2026-02-06,CÓRDOBA,PINCEN,1250
2026-02-06,CÓRDOBA,RIO CUARTO,7355
2026-02-06,CÓRDOBA,SAMPACHO,35
2026-02-06,CÓRDOBA,TRANSITO,600
2026-02-06,CÓRDOBA,VILLA ASCASUBI,8
2026-02-06,CÓRDOBA,VILLA DEL ROSARIO,210
2026-02-06,CÓRDOBA,VILLA DEL TOTORAL,240
2026-02-06,CÓRDOBA,VILLA HUIDOBRO,500
2026-02-06,CÓRDOBA,WENCESLAO ESCALANTE,150
2026-02-06,ENTRE RÍOS,ALDEA VALLE MARIA,234
2026-02-06,ENTRE RÍOS,DIAMANTE,90
2026-02-06,ENTRE RÍOS,GUALEGUAY,4484
2026-02-06,ENTRE RÍOS,GUALEGUAYCHU,2568
2026-02-06,ENTRE RÍOS,MOJONES SUD,88
2026-02-06,ENTRE RÍOS,ROSARIO DEL TALA,167
2026-02-06,ENTRE RÍOS,TABOSSI,208
2026-02-06,ENTRE RÍOS,TALITAS-GUALEGUAYCHU,566
2026-02-06,ENTRE RÍOS,URDINARRAIN,1000
2026-02-06,ENTRE RÍOS,VIALE,69
2026-02-06,ENTRE RÍOS,VICTORIA,802
2026-02-06,ENTRE RÍOS,VILLA DEL ROSARIO,90
2026-02-06,ENTRE RÍOS,VILLA MANTERO,138
2026-02-06,ENTRE RÍOS,VILLAGUAY,60
2026-02-06,LA PAMPA,EDUARDO CASTEX,90
2026-02-06,LA PAMPA,EMBAJADOR MARTINI,180
2026-02-06,LA PAMPA,QUEMU-QUEMU,600
2026-02-06,LA PAMPA,REALICO,108
2026-02-06,SALTA,EL GALPON,3000
2026-02-06,SALTA,PIQUETE CABADO,1000
2026-02-06,SAN LUIS,VILLA MERCEDES,2089
2026-02-06,SANTA FE,AROCENA,170
2026-02-06,SANTA FE,BIGAND,35000
2026-02-06,SANTA FE,BUSTINZA,2490
2026-02-06,SANTA FE,CAMPO CRENNA,35
2026-02-06,SANTA FE,CARRERAS,300
2026-02-06,SANTA FE,CAÑADA DE GOMEZ,6000
2026-02-06,SANTA FE,CAÑADA RICA,500
2026-02-06,SANTA FE,CENTENO,360
2026-02-06,SANTA FE,HUGHES,60
2026-02-06,SANTA FE,INGENIERO CHANOURDIE,60
2026-02-06,SANTA FE,ISLA TIGRE,197
2026-02-06,SANTA FE,LA PELADA,97
2026-02-06,SANTA FE,LAS PAREJAS,500
2026-02-06,SANTA FE,LAS ROSAS,60
2026-02-06,SANTA FE,MARIA JUANA,240
2026-02-06,SANTA FE,MARIA SUSANA,160
2026-02-06,SANTA FE,PROVIDENCIA,84
2026-02-06,SANTA FE,RAMAYON,30
2026-02-06,SANTA FE,ROSARIO,601
2026-02-06,SANTA FE,RUFINO,400
2026-02-06,SANTA FE,SAN JUSTO,500
2026-02-06,SANTA FE,SAN LORENZO,11300
2026-02-06,SANTA FE,SAN MARCOS DE VENADO,2000
2026-02-06,SANTA FE,SANTA FE,12000
2026-02-06,SANTA FE,SANTA ISABEL,450
2026-02-06,SANTA FE,VENADO TUERTO,4500
2026-02-06,SANTA FE,VICTOR MANUEL II,150
2026-02-06,SANTA FE,VILLA CAÑAS,30
2026-02-06,SANTIAGO DEL ESTERO,FORTIN INCA,150
2026-02-06,SANTIAGO DEL ESTERO,ISCA YACU,1000
2026-02-06,SANTIAGO DEL ESTERO,LOS JURIES,200
2026-02-06,SANTIAGO DEL ESTERO,QUIMILI,1094
2026-02-06,SANTIAGO DEL ESTERO,ROVERSI,1000
2026-02-07,BUENOS AIRES,ARRECIFES,477
2026-02-07,CHACO,GENERAL PINEDO,120
2026-02-07,ENTRE RÍOS,LARROQUE,123
2026-02-07,ENTRE RÍOS,LAS MOSCAS,723
2026-02-07,ENTRE RÍOS,PASO DE LAS PIEDRAS,77
2026-02-07,ENTRE RÍOS,SAN SALVADOR,510
2026-02-07,SANTA FE,SANTA TERESA (DPTO.,120
2026-02-09,BUENOS AIRES,ABEL,5000
2026-02-09,BUENOS AIRES,ALBERTI,30
2026-02-09,BUENOS AIRES,ARRIBEÑOS,102
2026-02-09,BUENOS AIRES,BAHIA BLANCA,5000
2026-02-09,BUENOS AIRES,BALNEARIO CLAROMECO,3000
2026-02-09,BUENOS AIRES,BARADERO,300
2026-02-09,BUENOS AIRES,CARLOS CASARES,4000
2026-02-09,BUENOS AIRES,CHACABUCO,3000
2026-02-09,BUENOS AIRES,FORTIN OLAVARRIA,599
2026-02-09,BUENOS AIRES,GENERAL VILLEGAS,500
2026-02-09,BUENOS AIRES,LINCOLN,1000
2026-02-09,BUENOS AIRES,LUJAN,2000
2026-02-09,BUENOS AIRES,NAVARRO,300
2026-02-09,BUENOS AIRES,OLAVARRIA,600
2026-02-09,BUENOS AIRES,PILAR,5
2026-02-09,BUENOS AIRES,SALTO,2000
2026-02-09,BUENOS AIRES,SAN ANDRES DE GILES,5000
2026-02-09,BUENOS AIRES,TRENQUE LAUQUEN,5140
2026-02-09,BUENOS AIRES,TRES ARROYOS,1240
2026-02-09,BUENOS AIRES,VEDIA,1000
2026-02-09,CATAMARCA,ENTRE RIOS,26
2026-02-09,CHACO,COLONIA ABATE,205
2026-02-09,CHACO,TRES ISLETAS,29
2026-02-09,CÓRDOBA,ALEJO LEDESMA,500
2026-02-09,CÓRDOBA,ALMAFUERTE,360
2026-02-09,CÓRDOBA,CRUZ ALTA,30
2026-02-09,CÓRDOBA,DEL CAMPILLO,506
2026-02-09,CÓRDOBA,GENERAL LEVALLE,300
2026-02-09,CÓRDOBA,INRIVILLE,150
2026-02-09,CÓRDOBA,MATTALDI,500
2026-02-09,CÓRDOBA,RIO CUARTO,1500
2026-02-09,CÓRDOBA,SANTA ROSA DE RIO PR,150
2026-02-09,CÓRDOBA,SARMIENTO,690
2026-02-09,CÓRDOBA,TRANSITO,750
2026-02-09,CÓRDOBA,WENCESLAO ESCALANTE,1000
2026-02-09,ENTRE RÍOS,BASAVILBASO,90
2026-02-09,ENTRE RÍOS,CRESPO,31
2026-02-09,ENTRE RÍOS,FEDERAL,500
2026-02-09,ENTRE RÍOS,HASENKAMP,30
2026-02-09,ENTRE RÍOS,LA PAZ,2000
2026-02-09,ENTRE RÍOS,LARROQUE,300
2026-02-09,ENTRE RÍOS,PAJONAL,23
2026-02-09,ENTRE RÍOS,SANTA ANITA,1765
2026-02-09,ENTRE RÍOS,URDINARRAIN,1680
2026-02-09,ENTRE RÍOS,VALLE MARIA,10
2026-02-09,ENTRE RÍOS,VILLAGUAY,304
2026-02-09,JUJUY,SAN LUCAS (SAN PEDRO,500
2026-02-09,LA PAMPA,CATRILO,1000
2026-02-09,LA PAMPA,INGENIERO LUIGGI,300
2026-02-09,SAN LUIS,JUSTO DARACT,3000
2026-02-09,SANTA FE,AMENABAR,600
2026-02-09,SANTA FE,CARCARAÑA,60
2026-02-09,SANTA FE,CAÑADA ROSQUIN,890
2026-02-09,SANTA FE,ELORTONDO,390
2026-02-09,SANTA FE,INGENIERO CHANOURDIE,10
2026-02-09,SANTA FE,LA SARITA,32
2026-02-09,SANTA FE,LOGROÑO,42
2026-02-09,SANTA FE,LUIS PALACIOS,1000
2026-02-09,SANTA FE,MARIA JUANA,1180
2026-02-09,SANTA FE,MOUSSY,300
2026-02-09,SANTA FE,PUERTO GRAL SAN MARTIN,4000
2026-02-09,SANTA FE,ROLDAN,180
2026-02-09,SANTA FE,ROSARIO,11500
2026-02-09,SANTA FE,SAN JERONIMO SUD,90
2026-02-09,SANTA FE,SAN JUSTO,1200
2026-02-09,SANTA FE,SAN MARCOS DE VENADO,1000
2026-02-09,SANTA FE,SANTA FE,5033
2026-02-09,SANTA FE,VENADO TUERTO,2000
2026-02-09,SANTA FE,VILLA CAÑAS,500
2026-02-09,SANTIAGO DEL ESTERO,AÑATUYA,360
2026-02-09,SANTIAGO DEL ESTERO,BANDERA,16
2026-02-09,SANTIAGO DEL ESTERO,LOS LINARES,21
2026-02-09,SANTIAGO DEL ESTERO,QUIMILI,4000
2026-02-10,BUENOS AIRES,ALBERTI,90
2026-02-10,BUENOS AIRES,AMERICA,700
2026-02-10,BUENOS AIRES,BALCARCE,1000
2026-02-10,BUENOS AIRES,BARRIO ACEVEDO,1000
2026-02-10,BUENOS AIRES,BOLIVAR,546
2026-02-10,BUENOS AIRES,BRAGADO,1161
2026-02-10,BUENOS AIRES,CAPITAN SARMIENTO,120
2026-02-10,BUENOS AIRES,CARHUE,590
2026-02-10,BUENOS AIRES,CARLOS CASARES,2000
2026-02-10,BUENOS AIRES,CARMEN DE ARECO,60
2026-02-10,BUENOS AIRES,CAZON,4000
2026-02-10,BUENOS AIRES,CLAUDIO C. MOLINA,300
2026-02-10,BUENOS AIRES,COLONIA VELAZ,17000
2026-02-10,BUENOS AIRES,ESPARTILLAR (GRAL. P,1000
2026-02-10,BUENOS AIRES,GENERAL VILLEGAS,500
2026-02-10,BUENOS AIRES,HENDERSON,90
2026-02-10,BUENOS AIRES,JUNIN,2670
2026-02-10,BUENOS AIRES,LA DULCE,700
2026-02-10,BUENOS AIRES,NECOCHEA,1270
2026-02-10,BUENOS AIRES,PERGAMINO,100
2026-02-10,BUENOS AIRES,PIEDRITAS,300
2026-02-10,BUENOS AIRES,RAUCH,400
2026-02-10,BUENOS AIRES,SALTO,3000
2026-02-10,BUENOS AIRES,TRENQUE LAUQUEN,3866
2026-02-10,CHACO,GANCEDO,36
2026-02-10,CHACO,HERMOSO CAMPO,150
2026-02-10,CÓRDOBA,ARIAS,6
2026-02-10,CÓRDOBA,CANALS,200
2026-02-10,CÓRDOBA,COLONIA HAMBURGO,105
2026-02-10,CÓRDOBA,COLONIA MILESSI,64
2026-02-10,CÓRDOBA,DEL CAMPILLO,200
2026-02-10,CÓRDOBA,GENERAL CABRERA,60
2026-02-10,CÓRDOBA,GENERAL LEVALLE,500
2026-02-10,CÓRDOBA,GENERAL ROCA,90
2026-02-10,CÓRDOBA,HUINCA RENANCO,1000
2026-02-10,CÓRDOBA,IDIAZABAL,500
2026-02-10,CÓRDOBA,INRIVILLE,100
2026-02-10,CÓRDOBA,JUSTINIANO POSSE,60
2026-02-10,CÓRDOBA,LA INVERNADA,150
2026-02-10,CÓRDOBA,LA PARA,500
2026-02-10,CÓRDOBA,MARCOS JUAREZ,120
2026-02-10,CÓRDOBA,MONTE CRISTO,240
2026-02-10,CÓRDOBA,MONTE MAIZ,200
2026-02-10,CÓRDOBA,OLIVA,1140
2026-02-10,CÓRDOBA,ORDOÑEZ,8
2026-02-10,CÓRDOBA,PILAR,485
2026-02-10,CÓRDOBA,RIO CUARTO,440
2026-02-10,CÓRDOBA,SEBASTIAN ELCANO,180
2026-02-10,CÓRDOBA,TRANSITO,60
2026-02-10,CÓRDOBA,UCACHA,200
2026-02-10,CÓRDOBA,VICUÑA MACKENNA,60
2026-02-10,CÓRDOBA,WENCESLAO ESCALANTE,3000
2026-02-10,ENTRE RÍOS,DIAMANTE,70
2026-02-10,ENTRE RÍOS,DON CRISTOBAL SEGUND,18
2026-02-10,ENTRE RÍOS,EL REDOMON,62
2026-02-10,ENTRE RÍOS,GALARZA,403
2026-02-10,ENTRE RÍOS,GENERAL CAMPOS,1000
2026-02-10,ENTRE RÍOS,GENERAL GALARZA,90
2026-02-10,ENTRE RÍOS,GUALEGUAY,200
2026-02-10,ENTRE RÍOS,GUALEGUAYCHU,840
2026-02-10,ENTRE RÍOS,LA PAZ,3000
2026-02-10,ENTRE RÍOS,LUCAS NORTE,182
2026-02-10,ENTRE RÍOS,MOJONES SUD,89
2026-02-10,ENTRE RÍOS,NOGOYA,102
2026-02-10,ENTRE RÍOS,QUEBRACHO (DPTO. PAR,100
2026-02-10,ENTRE RÍOS,RINCON DEL DOLL,142
2026-02-10,ENTRE RÍOS,TALITAS-GUALEGUAYCHU,5
2026-02-10,ENTRE RÍOS,URDINARRAIN,2000
2026-02-10,ENTRE RÍOS,VIALE,181
2026-02-10,ENTRE RÍOS,VICTORIA,950
2026-02-10,LA PAMPA,CATRILO,9000
2026-02-10,LA PAMPA,EDUARDO CASTEX,220
2026-02-10,LA PAMPA,GENERAL PICO,180
2026-02-10,LA PAMPA,INGENIERO LUIGGI,400
2026-02-10,LA PAMPA,INTENDENTE ALVEAR,300
2026-02-10,SALTA,LAS LAJITAS,500
2026-02-10,SANTA FE,ACEBAL,60
2026-02-10,SANTA FE,ARROYO SECO,500
2026-02-10,SANTA FE,BUSTINZA,319
2026-02-10,SANTA FE,ELORTONDO,200
2026-02-10,SANTA FE,EMILIA,119
2026-02-10,SANTA FE,HUMBOLDT,60
2026-02-10,SANTA FE,LA SARITA,124
2026-02-10,SANTA FE,LAS PAREJAS,60
2026-02-10,SANTA FE,LLAMBI CAMPBELL,122
2026-02-10,SANTA FE,LUIS PALACIOS,300
2026-02-10,SANTA FE,MARGARITA,520
2026-02-10,SANTA FE,MARIA JUANA,1750
2026-02-10,SANTA FE,PUERTO GRAL SAN MARTIN,120
2026-02-10,SANTA FE,RAFAELA,500
2026-02-10,SANTA FE,ROSARIO,17380
2026-02-10,SANTA FE,RUFINO,400
2026-02-10,SANTA FE,SAN JOSE DE LA ESQUI,90
2026-02-10,SANTA FE,SAN LORENZO,2513
2026-02-10,SANTA FE,SAN MARCOS DE VENADO,1000
2026-02-10,SANTA FE,SAN VICENTE (DPTO. C,3000
2026-02-10,SANTA FE,SANTA FE,3000
2026-02-10,SANTA FE,SANTA ISABEL,300
2026-02-10,SANTA FE,SARGENTO CABRAL,500
2026-02-10,SANTA FE,TEODELINA,300
2026-02-10,SANTA FE,VENADO TUERTO,5378
2026-02-10,SANTA FE,VILLA CAÑAS,560
2026-02-10,SANTA FE,VILLA TRINIDAD,700
2026-02-10,SANTIAGO DEL ESTERO,QUIMILI,1000
2026-02-10,TUCUMÁN,GRANEROS,100
2026-02-11,BUENOS AIRES,25 DE MAYO,300
2026-02-11,BUENOS AIRES,AMERICA,4310
2026-02-11,BUENOS AIRES,ARRIBEÑOS,207
2026-02-11,BUENOS AIRES,BALCARCE,1526
2026-02-11,BUENOS AIRES,BALNEARIO CLAROMECO,8000
2026-02-11,BUENOS AIRES,BRAGADO,9250
2026-02-11,BUENOS AIRES,CAPITAN SARMIENTO,400
2026-02-11,BUENOS AIRES,CARLOS CASARES,2550
2026-02-11,BUENOS AIRES,CARMEN DE ARECO,395
2026-02-11,BUENOS AIRES,CAZON,1000
2026-02-11,BUENOS AIRES,CHACABUCO,1020
2026-02-11,BUENOS AIRES,CHIVILCOY,530
2026-02-11,BUENOS AIRES,ESPARTILLAR (PDO. SAAVEDRA),2000
2026-02-11,BUENOS AIRES,GENERAL VILLEGAS,800
2026-02-11,BUENOS AIRES,GONZALES CHAVES,2000
2026-02-11,BUENOS AIRES,JUAN JOSE PASO,630
2026-02-11,BUENOS AIRES,JUNIN,2000
2026-02-11,BUENOS AIRES,LIMA,120
2026-02-11,BUENOS AIRES,LINCOLN,190
2026-02-11,BUENOS AIRES,LOBERIA,330
2026-02-11,BUENOS AIRES,MAIPU,60
2026-02-11,BUENOS AIRES,MICAELA CASCALLARES,700
2026-02-11,BUENOS AIRES,NECOCHEA,2000
2026-02-11,BUENOS AIRES,PEHUAJO,210
2026-02-11,BUENOS AIRES,PIEDRITAS,600
2026-02-11,BUENOS AIRES,PILAR,62
2026-02-11,BUENOS AIRES,QUEQUEN,400
2026-02-11,BUENOS AIRES,TRENQUE LAUQUEN,1150
2026-02-11,BUENOS AIRES,TRES ARROYOS,332
2026-02-11,BUENOS AIRES,TRES LOMAS,500
2026-02-11,BUENOS AIRES,VEDIA,690
2026-02-11,CHACO,CERRITO,2000
2026-02-11,CHACO,GENERAL PINEDO,500
2026-02-11,CHACO,HERMOSO CAMPO,27
2026-02-11,CHACO,PAMPA DEL INFIERNO,1000
2026-02-11,CÓRDOBA,ABBURRA,100
2026-02-11,CÓRDOBA,BALLESTEROS,37
2026-02-11,CÓRDOBA,COLONIA ARROYO DE AL,700
2026-02-11,CÓRDOBA,EL TIO,1800
2026-02-11,CÓRDOBA,GENERAL LEVALLE,396
2026-02-11,CÓRDOBA,HERNANDO,900
2026-02-11,CÓRDOBA,HIPOLITO BOUCHARD,1200
2026-02-11,CÓRDOBA,HOLMBERG,498
2026-02-11,CÓRDOBA,IDIAZABAL,500
2026-02-11,CÓRDOBA,JESUS MARIA,120
2026-02-11,CÓRDOBA,LABOULAYE,1000
2026-02-11,CÓRDOBA,LEONES,600
2026-02-11,CÓRDOBA,MARCOS JUAREZ,1600
2026-02-11,CÓRDOBA,MONTE MAIZ,300
2026-02-11,CÓRDOBA,NOETINGER,700
2026-02-11,CÓRDOBA,OLIVA,210
2026-02-11,CÓRDOBA,PILAR,110
2026-02-11,CÓRDOBA,PORTEÑA,240
2026-02-11,CÓRDOBA,RIO CUARTO,300
2026-02-11,CÓRDOBA,RIO PRIMERO,60
2026-02-11,CÓRDOBA,RIO TERCERO,180
2026-02-11,CÓRDOBA,SERRANO,300
2026-02-11,CÓRDOBA,SINSACATE,3000
2026-02-11,CÓRDOBA,TICINO,2000
2026-02-11,CÓRDOBA,UCACHA,300
2026-02-11,CÓRDOBA,VICUÑA MACKENNA,600
2026-02-11,CÓRDOBA,VILLA DEL ROSARIO,231
2026-02-11,CÓRDOBA,VILLA DEL TOTORAL,1000
2026-02-11,CÓRDOBA,VILLA MARIA (DPTO. G,10000
2026-02-11,ENTRE RÍOS,ALDEA PROTESTANTE,30
2026-02-11,ENTRE RÍOS,ALDEA VALLE MARIA,60
2026-02-11,ENTRE RÍOS,COLONIA ELIA,1941
2026-02-11,ENTRE RÍOS,CRUCESITAS 8A. SECCI,99
2026-02-11,ENTRE RÍOS,GENACITO,68
2026-02-11,ENTRE RÍOS,GUALEGUAY,2400
2026-02-11,ENTRE RÍOS,GUALEGUAYCHU,280
2026-02-11,ENTRE RÍOS,HASENKAMP,131
2026-02-11,ENTRE RÍOS,HERNANDEZ,34
2026-02-11,ENTRE RÍOS,INGENIERO MIGUEL SAJ,267
2026-02-11,ENTRE RÍOS,LA PAZ,2000
2026-02-11,ENTRE RÍOS,LUCAS SUD,151
2026-02-11,ENTRE RÍOS,MARIA GRANDE,30
2026-02-11,ENTRE RÍOS,ROSARIO DEL TALA,61
2026-02-11,ENTRE RÍOS,SANTA ANITA,181
2026-02-11,ENTRE RÍOS,URDINARRAIN,1980
2026-02-11,ENTRE RÍOS,VIALE,251
2026-02-11,ENTRE RÍOS,VICTORIA,270
2026-02-11,ENTRE RÍOS,VILLA DEL ROSARIO,2119
2026-02-11,ENTRE RÍOS,VILLAGUAY,159
2026-02-11,LA PAMPA,COLONIA BARON,513
2026-02-11,LA PAMPA,EDUARDO CASTEX,2109
2026-02-11,LA PAMPA,INTENDENTE ALVEAR,65
2026-02-11,LA PAMPA,PARERA,90
2026-02-11,SAN LUIS,LUJAN,450
2026-02-11,SANTA FE,BIGAND,7000
2026-02-11,SANTA FE,BOUQUET,90
2026-02-11,SANTA FE,CARRERAS,60
2026-02-11,SANTA FE,CAÑADA ROSQUIN,180
2026-02-11,SANTA FE,CHAPUY,2000
2026-02-11,SANTA FE,COLONIA TACURALES,72
2026-02-11,SANTA FE,EL TREBOL,90
2026-02-11,SANTA FE,HUGHES,60
2026-02-11,SANTA FE,HUMBOLDT,120
2026-02-11,SANTA FE,INGENIERO CHANOURDIE,200
2026-02-11,SANTA FE,LAS ROSAS,2000
2026-02-11,SANTA FE,LUIS PALACIOS,5000
2026-02-11,SANTA FE,MARIA JUANA,400
2026-02-11,SANTA FE,PILAR,300
2026-02-11,SANTA FE,PUEBLO RAMONA,600
2026-02-11,SANTA FE,PUERTO GRAL SAN MARTIN,2000
2026-02-11,SANTA FE,ROSARIO,1800
2026-02-11,SANTA FE,SAN GENARO,183
2026-02-11,SANTA FE,SAN JORGE,500
2026-02-11,SANTA FE,SAN JOSE DE LA ESQUI,60
2026-02-11,SANTA FE,SAN LORENZO,35599
2026-02-11,SANTA FE,SAN MARCOS DE VENADO,1000
2026-02-11,SANTA FE,SANCTI SPIRITU,150
2026-02-11,SANTA FE,SANTA ISABEL,300
2026-02-11,SANTA FE,SARGENTO CABRAL,1000
2026-02-11,SANTA FE,TOTORAS,300
2026-02-11,SANTA FE,VENADO TUERTO,2500
2026-02-11,SANTA FE,VERA Y PINTADO,35
2026-02-11,SANTA FE,VILLA CAÑAS,10500
2026-02-11,SANTA FE,VILLA MINETTI,300
2026-02-11,SANTA FE,VILLA TRINIDAD,150
2026-02-11,SANTIAGO DEL ESTERO,PAMPA POZO (RAPELLI-,62
2026-02-11,SANTIAGO DEL ESTERO,QUIMILI,300
2026-02-12,BUENOS AIRES,9 DE JULIO,2000
2026-02-12,BUENOS AIRES,ALBERTI,1140
2026-02-12,BUENOS AIRES,ARRECIFES,1509
2026-02-12,BUENOS AIRES,ARRIBEÑOS,1000
2026-02-12,BUENOS AIRES,ASCENSION,2000
2026-02-12,BUENOS AIRES,BAHIA BLANCA,3000
2026-02-12,BUENOS AIRES,BALCARCE,500
2026-02-12,BUENOS AIRES,BALNEARIO CLAROMECO,13000
2026-02-12,BUENOS AIRES,BELLOCQ,2000
2026-02-12,BUENOS AIRES,BOLIVAR,30
2026-02-12,BUENOS AIRES,BRAGADO,3121
2026-02-12,BUENOS AIRES,CAPITAN SARMIENTO,147
2026-02-12,BUENOS AIRES,CARLOS CASARES,1500
2026-02-12,BUENOS AIRES,CHACABUCO,3000
2026-02-12,BUENOS AIRES,CHILLAR,90
2026-02-12,BUENOS AIRES,COLONIA VELAZ,2200
2026-02-12,BUENOS AIRES,CORONEL DORREGO,465
2026-02-12,BUENOS AIRES,FONTEZUELA,1000
2026-02-12,BUENOS AIRES,GENERAL VILLEGAS,1940
2026-02-12,BUENOS AIRES,GONZALES CHAVES,2000
2026-02-12,BUENOS AIRES,HENDERSON,27
2026-02-12,BUENOS AIRES,LINCOLN,3344
2026-02-12,BUENOS AIRES,PEHUAJO,2130
2026-02-12,BUENOS AIRES,PIGUE,970
2026-02-12,BUENOS AIRES,PILAR,92
2026-02-12,BUENOS AIRES,ROJAS,348
2026-02-12,BUENOS AIRES,SALTO,600
2026-02-12,BUENOS AIRES,SAN ANTONIO DE ARECO,60
2026-02-12,BUENOS AIRES,SAN NICOLAS,1000
2026-02-12,BUENOS AIRES,SAN PEDRO,120
2026-02-12,BUENOS AIRES,SUIPACHA,300
2026-02-12,BUENOS AIRES,TANDIL,6000
2026-02-12,BUENOS AIRES,TRENQUE LAUQUEN,400
2026-02-12,BUENOS AIRES,TRES ARROYOS,300
2026-02-12,BUENOS AIRES,VEDIA,1200
2026-02-12,BUENOS AIRES,VILLA MAZA,315
2026-02-12,BUENOS AIRES,ZARATE,60
2026-02-12,CHACO,AVIA TERAI,60
2026-02-12,CHACO,CAMPO LARGO,90
2026-02-12,CHACO,GANCEDO,367
2026-02-12,CÓRDOBA,ABBURRA,740
2026-02-12,CÓRDOBA,ADELIA MARIA,3500
2026-02-12,CÓRDOBA,ANTONIO CATALANO,300
2026-02-12,CÓRDOBA,CARRILOBO,400
2026-02-12,CÓRDOBA,COLONIA ARROYO DE AL,360
2026-02-12,CÓRDOBA,CORONEL MOLDES,700
2026-02-12,CÓRDOBA,ELENA,500
2026-02-12,CÓRDOBA,GENERAL LEVALLE,1237
2026-02-12,CÓRDOBA,HERNANDO,500
2026-02-12,CÓRDOBA,LA CESIRA,400
2026-02-12,CÓRDOBA,LABOULAYE,750
2026-02-12,CÓRDOBA,LAS PEÑAS SUD,300
2026-02-12,CÓRDOBA,MARCOS JUAREZ,552
2026-02-12,CÓRDOBA,MONTE CRISTO,1000
2026-02-12,CÓRDOBA,NOETINGER,180
2026-02-12,CÓRDOBA,OLIVA,30
2026-02-12,CÓRDOBA,ONCATIVO,150
2026-02-12,CÓRDOBA,ORDOÑEZ,1000
2026-02-12,CÓRDOBA,PINCEN,3000
2026-02-12,CÓRDOBA,RIO CUARTO,560
2026-02-12,CÓRDOBA,RIO TERCERO,513
2026-02-12,CÓRDOBA,SAN BASILIO,90
2026-02-12,CÓRDOBA,SEBASTIAN ELCANO,170
2026-02-12,CÓRDOBA,SINSACATE,1000
2026-02-12,CÓRDOBA,TICINO,500
2026-02-12,CÓRDOBA,TRANSITO,60
2026-02-12,CÓRDOBA,VICUÑA MACKENNA,1000
2026-02-12,CÓRDOBA,VILLA DEL TOTORAL,1000
2026-02-12,CÓRDOBA,VILLA MARIA (JESUS M,1000
2026-02-12,ENTRE RÍOS,ALDEA PROTESTANTE,30
2026-02-12,ENTRE RÍOS,COLONIA CRESPO,1500
2026-02-12,ENTRE RÍOS,EL PALENQUE,32
2026-02-12,ENTRE RÍOS,GALARZA,100
2026-02-12,ENTRE RÍOS,GUALEGUAY,404
2026-02-12,ENTRE RÍOS,GUALEGUAYCHU,720
2026-02-12,ENTRE RÍOS,LA PAZ,300
2026-02-12,ENTRE RÍOS,LARROQUE,33
2026-02-12,ENTRE RÍOS,LOS CONQUISTADORES,153
2026-02-12,ENTRE RÍOS,LUCAS SUD,30
2026-02-12,ENTRE RÍOS,MARIA GRANDE,63
2026-02-12,ENTRE RÍOS,MARIA GRANDE PRIMERA,150
2026-02-12,ENTRE RÍOS,NOGOYA,330
2026-02-12,ENTRE RÍOS,PARANA,33
2026-02-12,ENTRE RÍOS,QUEBRACHO (DPTO. PAR,155
2026-02-12,ENTRE RÍOS,SAN SALVADOR,341
2026-02-12,ENTRE RÍOS,TABOSSI,193
2026-02-12,ENTRE RÍOS,TALITA,474
2026-02-12,ENTRE RÍOS,URDINARRAIN,1000
2026-02-12,ENTRE RÍOS,VALLE MARIA,37
2026-02-12,ENTRE RÍOS,VIALE,68
2026-02-12,ENTRE RÍOS,VICTORIA,850
2026-02-12,ENTRE RÍOS,VILLAGUAY,179
2026-02-12,FORMOSA,COLONIA PERIN,750
2026-02-12,LA PAMPA,CATRILO,2000
2026-02-12,LA PAMPA,EDUARDO CASTEX,4000
2026-02-12,LA PAMPA,QUEMU-QUEMU,220
2026-02-12,SANTA FE,AARON CASTELLANOS,2000
2026-02-12,SANTA FE,ARMSTRONG,140
2026-02-12,SANTA FE,ARROYO CEIBAL,15
2026-02-12,SANTA FE,BIGAND,20000
2026-02-12,SANTA FE,CARLOS PELLEGRINI,1200
2026-02-12,SANTA FE,CAÑADA DE GOMEZ,600
2026-02-12,SANTA FE,CERES,90
2026-02-12,SANTA FE,COLONIA BICHA,30
2026-02-12,SANTA FE,ELORTONDO,1600
2026-02-12,SANTA FE,FIGHIERA,600
2026-02-12,SANTA FE,GOBERNADOR CRESPO,80
2026-02-12,SANTA FE,HUMBOLDT,90
2026-02-12,SANTA FE,INGENIERO CHANOURDIE,20
2026-02-12,SANTA FE,ITUZAINGO,88
2026-02-12,SANTA FE,LA PELADA,172
2026-02-12,SANTA FE,LAS ROSAS,141
2026-02-12,SANTA FE,LUIS PALACIOS,7590
2026-02-12,SANTA FE,MAGGIOLO,120
2026-02-12,SANTA FE,MARGARITA,17
2026-02-12,SANTA FE,MONTES DE OCA,619
2026-02-12,SANTA FE,PUEBLO RAMONA,600
2026-02-12,SANTA FE,ROSARIO,15538
2026-02-12,SANTA FE,RUFINO,2384
2026-02-12,SANTA FE,SAN JERONIMO SUD,300
2026-02-12,SANTA FE,SAN JOSE DE LA ESQUI,70
2026-02-12,SANTA FE,SAN JUSTO,1000
2026-02-12,SANTA FE,SAN LORENZO,12000
2026-02-12,SANTA FE,SAN MARCELO,210
2026-02-12,SANTA FE,SAN MARCOS DE VENADO,450
2026-02-12,SANTA FE,SAN VICENTE (DPTO. C,9500
2026-02-12,SANTA FE,SANCTI SPIRITU,2000
2026-02-12,SANTA FE,SANTA CLARA,150
2026-02-12,SANTA FE,SARGENTO CABRAL,500
2026-02-12,SANTA FE,TEODELINA,300
2026-02-12,SANTA FE,VENADO TUERTO,4700
2026-02-12,SANTA FE,VILLA CAÑAS,5000
2026-02-12,SANTA FE,VILLA TRINIDAD,1000
2026-02-12,SANTIAGO DEL ESTERO,AGUAS COLORADAS,97
2026-02-12,SANTIAGO DEL ESTERO,AVERIAS,1000
2026-02-12,SANTIAGO DEL ESTERO,OTUMPA,2144
2026-02-12,SANTIAGO DEL ESTERO,QUIMILI,1000
2026-02-12,TUCUMÁN,LAS CEJAS (DPTO. CRU,300
2026-02-13,BUENOS AIRES,ALBERTI,30
2026-02-13,BUENOS AIRES,AMERICA,550
2026-02-13,BUENOS AIRES,ARRECIFES,90
2026-02-13,BUENOS AIRES,ARRIBEÑOS,758
2026-02-13,BUENOS AIRES,ASAMBLEA,1409
2026-02-13,BUENOS AIRES,BALCARCE,480
2026-02-13,BUENOS AIRES,BALNEARIO CLAROMECO,500
2026-02-13,BUENOS AIRES,BARADERO,300
2026-02-13,BUENOS AIRES,BARRIO OESTE,300
2026-02-13,BUENOS AIRES,CARLOS CASARES,500
2026-02-13,BUENOS AIRES,CARMEN DE ARECO,450
2026-02-13,BUENOS AIRES,CHIVILCOY,400
2026-02-13,BUENOS AIRES,COLON,100
2026-02-13,BUENOS AIRES,CORONEL DORREGO,30
2026-02-13,BUENOS AIRES,GENERAL VILLEGAS,39
2026-02-13,BUENOS AIRES,GOBERNADOR CASTRO,30
2026-02-13,BUENOS AIRES,JUNIN,90
2026-02-13,BUENOS AIRES,NECOCHEA,120
2026-02-13,BUENOS AIRES,PIEDRITAS,500
2026-02-13,BUENOS AIRES,PILAR,30
2026-02-13,BUENOS AIRES,QUEQUEN,500
2026-02-13,BUENOS AIRES,ROJAS,400
2026-02-13,BUENOS AIRES,SAN ANDRES DE GILES,1000
2026-02-13,BUENOS AIRES,SAN ANTONIO DE ARECO,1000
2026-02-13,BUENOS AIRES,SAN PEDRO,90
2026-02-13,BUENOS AIRES,SOLIS,1000
2026-02-13,BUENOS AIRES,TRES ARROYOS,1200
2026-02-13,BUENOS AIRES,VEDIA,600
2026-02-13,BUENOS AIRES,VILLA MOQUEHUA,3000
2026-02-13,CHACO,CAMPO LARGO,1000
2026-02-13,CHACO,MESON DE FIERRO,55
2026-02-13,CHACO,PRESIDENCIA ROCA,500
2026-02-13,CÓRDOBA,ABBURRA,90
2026-02-13,CÓRDOBA,ALEJO LEDESMA,1000
2026-02-13,CÓRDOBA,ARIAS,400
2026-02-13,CÓRDOBA,ARROYITO,200
2026-02-13,CÓRDOBA,BELL VILLE,300
2026-02-13,CÓRDOBA,CANALS,720
2026-02-13,CÓRDOBA,CHARRAS,60
2026-02-13,CÓRDOBA,CRUZ ALTA,400
2026-02-13,CÓRDOBA,GENERAL CABRERA,150
2026-02-13,CÓRDOBA,HUANCHILLA,100
2026-02-13,CÓRDOBA,INRIVILLE,700
2026-02-13,CÓRDOBA,LABOULAYE,1000
2026-02-13,CÓRDOBA,LAS VARILLAS,360
2026-02-13,CÓRDOBA,LOS CERRILLOS (DPTO.,300
2026-02-13,CÓRDOBA,MARCOS JUAREZ,1624
2026-02-13,CÓRDOBA,MATORRALES,90
2026-02-13,CÓRDOBA,MONTE CRISTO,450
2026-02-13,CÓRDOBA,OLIVA,6518
2026-02-13,CÓRDOBA,PASCANAS,130
2026-02-13,CÓRDOBA,PLAZA SAN FRANCISCO,500
2026-02-13,CÓRDOBA,RIO CUARTO,150
2026-02-13,CÓRDOBA,RIO PRIMERO,800
2026-02-13,CÓRDOBA,RIO TERCERO,2270
2026-02-13,CÓRDOBA,SANTA ROSA DE RIO PR,107
2026-02-13,CÓRDOBA,SINSACATE,60
2026-02-13,CÓRDOBA,TRANSITO,150
2026-02-13,CÓRDOBA,VIAMONTE,120
2026-02-13,CÓRDOBA,VILLA ALLENDE,500
2026-02-13,ENTRE RÍOS,CERRITO,149
2026-02-13,ENTRE RÍOS,COLON,249
2026-02-13,ENTRE RÍOS,COLONIA CRESPO,1000
2026-02-13,ENTRE RÍOS,DON CRISTOBAL SEGUND,30
2026-02-13,ENTRE RÍOS,ESTACAS,220
2026-02-13,ENTRE RÍOS,GUALEGUAY,1070
2026-02-13,ENTRE RÍOS,HASENKAMP,62
2026-02-13,ENTRE RÍOS,LA PAZ,2590
2026-02-13,ENTRE RÍOS,LARROQUE,300
2026-02-13,ENTRE RÍOS,NOGOYA,1000
2026-02-13,ENTRE RÍOS,PRONUNCIAMIENTO,124
2026-02-13,ENTRE RÍOS,URDINARRAIN,750
2026-02-13,ENTRE RÍOS,VIALE,350
2026-02-13,ENTRE RÍOS,VILLA DEL ROSARIO,137
2026-02-13,ENTRE RÍOS,VILLAGUAY,252
2026-02-13,LA PAMPA,EDUARDO CASTEX,20443
2026-02-13,SALTA,LAS LAJITAS,300
2026-02-13,SALTA,METAN,200
2026-02-13,SALTA,RIO DEL VALLE,2000
2026-02-13,SANTA FE,AMENABAR,326
2026-02-13,SANTA FE,AREQUITO,300
2026-02-13,SANTA FE,BERNARDO DE IRIGOYEN,120
2026-02-13,SANTA FE,BIGAND,30000
2026-02-13,SANTA FE,CARAGUATAY,35
2026-02-13,SANTA FE,CARMEN DEL SAUCE,30
2026-02-13,SANTA FE,CAÑADA DE GOMEZ,95
2026-02-13,SANTA FE,CAÑADA ROSQUIN,300
2026-02-13,SANTA FE,CHAÑAR LADEADO,200
2026-02-13,SANTA FE,EL ARAZA,30
2026-02-13,SANTA FE,EL TROPEZON,60
2026-02-13,SANTA FE,FIGHIERA,1300
2026-02-13,SANTA FE,"HUMBERTO I""",360
2026-02-13,SANTA FE,INGENIERO CHANOURDIE,30
2026-02-13,SANTA FE,LAS PAREJAS,60
2026-02-13,SANTA FE,LAS ROSAS,1865
2026-02-13,SANTA FE,LUIS PALACIOS,3000
2026-02-13,SANTA FE,MARIA JUANA,6000
2026-02-13,SANTA FE,PUERTO GRAL SAN MARTIN,200
2026-02-13,SANTA FE,RAFAELA,500
2026-02-13,SANTA FE,ROSARIO,4350
2026-02-13,SANTA FE,RUFINO,660
2026-02-13,SANTA FE,SAN JAVIER,800
2026-02-13,SANTA FE,SAN JOSE DE LA ESQUI,90
2026-02-13,SANTA FE,SAN JUSTO,173
2026-02-13,SANTA FE,SAN MARCELO,70
2026-02-13,SANTA FE,SAN MARCOS DE VENADO,4200
2026-02-13,SANTA FE,SANCTI SPIRITU,1200
2026-02-13,SANTA FE,SANTA FE,1500
2026-02-13,SANTA FE,TEODELINA,300
2026-02-13,SANTA FE,TOTORAS,400
2026-02-13,SANTA FE,VENADO TUERTO,4760
2026-02-13,SANTA FE,VILLA CAÑAS,320
2026-02-13,SANTA FE,VILLA MINETTI,32
2026-02-13,SANTA FE,VILLA TRINIDAD,500
2026-02-13,SANTIAGO DEL ESTERO,AÑATUYA,60
2026-02-13,SANTIAGO DEL ESTERO,JIMENEZ,1000
2026-02-13,SANTIAGO DEL ESTERO,OTUMPA,2000
2026-02-13,SANTIAGO DEL ESTERO,QUIMILI,825
2026-02-13,SANTIAGO DEL ESTERO,SACHAYOJ,500
2026-02-13,SANTIAGO DEL ESTERO,TINTINA,16000
2026-02-13,TUCUMÁN,GRANEROS,100
2026-02-13,TUCUMÁN,LAS CEJAS (DPTO. CRU,600
2026-02-14,CÓRDOBA,CHUÑA,29
2026-02-14,ENTRE RÍOS,VILLA DEL ROSARIO,150
2026-02-14,SANTA FE,ARROYO AGUIAR,35
2026-02-14,SANTA FE,SAN JUSTO,1000
2026-02-16,CÓRDOBA,PILAR,600
2026-02-18,BUENOS AIRES,AMERICA,30
2026-02-18,BUENOS AIRES,ARRIBEÑOS,479
2026-02-18,BUENOS AIRES,BARRIO OESTE,600
2026-02-18,BUENOS AIRES,BAYAUCA,2000
2026-02-18,BUENOS AIRES,BRAGADO,90
2026-02-18,BUENOS AIRES,CHACABUCO,210
2026-02-18,BUENOS AIRES,CHIVILCOY,120
2026-02-18,BUENOS AIRES,CORONEL DORREGO,1000
2026-02-18,BUENOS AIRES,CORONEL SUAREZ,100
2026-02-18,BUENOS AIRES,DAIREAUX,30
2026-02-18,BUENOS AIRES,EDMUNDO B. PERKINS,2000
2026-02-18,BUENOS AIRES,GENERAL VILLEGAS,2042
2026-02-18,BUENOS AIRES,IRENEO PORTELA,90
2026-02-18,BUENOS AIRES,IRIARTE,410
2026-02-18,BUENOS AIRES,LOBERIA,180
2026-02-18,BUENOS AIRES,ORIENTE,1000
2026-02-18,BUENOS AIRES,PEHUAJO,260
2026-02-18,BUENOS AIRES,SALTO,6000
2026-02-18,BUENOS AIRES,SAN PEDRO,120
2026-02-18,BUENOS AIRES,TRENQUE LAUQUEN,810
2026-02-18,BUENOS AIRES,VEDIA,688
2026-02-18,BUENOS AIRES,ZARATE,30
2026-02-18,CHACO,CHARATA,329
2026-02-18,CHACO,PAMPA DEL INFIERNO,5
2026-02-18,CÓRDOBA,ALEJO LEDESMA,28
2026-02-18,CÓRDOBA,ARIAS,1000
2026-02-18,CÓRDOBA,BLAS DE ROSALES,60
2026-02-18,CÓRDOBA,CAÑADA DE JUME,248
2026-02-18,CÓRDOBA,CORONEL MOLDES,500
2026-02-18,CÓRDOBA,ESTACION GENERAL PAZ,300
2026-02-18,CÓRDOBA,GENERAL BALDISSERA,90
2026-02-18,CÓRDOBA,HERNANDO,400
2026-02-18,CÓRDOBA,HUINCA RENANCO,90
2026-02-18,CÓRDOBA,IDIAZABAL,440
2026-02-18,CÓRDOBA,JESUS MARIA,250
2026-02-18,CÓRDOBA,JUSTINIANO POSSE,1200
2026-02-18,CÓRDOBA,LABOULAYE,150
2026-02-18,CÓRDOBA,LAS FLORES,32
2026-02-18,CÓRDOBA,LEONES,920
2026-02-18,CÓRDOBA,LOS CERRILLOS (VILLA,810
2026-02-18,CÓRDOBA,LUQUE,300
2026-02-18,CÓRDOBA,MARCOS JUAREZ,2030
2026-02-18,CÓRDOBA,MONTE CRISTO,30
2026-02-18,CÓRDOBA,OBISPO TREJO,1500
2026-02-18,CÓRDOBA,OLIVA,2200
2026-02-18,CÓRDOBA,ORDOÑEZ,500
2026-02-18,CÓRDOBA,PILAR,150
2026-02-18,CÓRDOBA,RIO CUARTO,1030
2026-02-18,CÓRDOBA,RIO PRIMERO,335
2026-02-18,CÓRDOBA,TICINO,2000
2026-02-18,ENTRE RÍOS,ALDEA SAN ANTONIO,60
2026-02-18,ENTRE RÍOS,CRUCESITAS 7A. SECCI,188
2026-02-18,ENTRE RÍOS,CRUCESITAS 8A. SECCI,19
2026-02-18,ENTRE RÍOS,GUALEGUAY,834
2026-02-18,ENTRE RÍOS,GUALEGUAYCHU,480
2026-02-18,ENTRE RÍOS,HASENKAMP,61
2026-02-18,ENTRE RÍOS,RAICES OESTE,404
2026-02-18,ENTRE RÍOS,TALITA,60
2026-02-18,ENTRE RÍOS,URDINARRAIN,3060
2026-02-18,ENTRE RÍOS,VIALE,300
2026-02-18,ENTRE RÍOS,VICTORIA,60
2026-02-18,ENTRE RÍOS,VILLA DEL ROSARIO,60
2026-02-18,ENTRE RÍOS,VILLAGUAY,665
2026-02-18,FORMOSA,PALO SANTO,4
2026-02-18,JUJUY,SAN SALVADOR DE JUJU,500
2026-02-18,LA PAMPA,CATRILO,1000
2026-02-18,LA PAMPA,EDUARDO CASTEX,34
2026-02-18,LA PAMPA,GENERAL PICO,200
2026-02-18,SANTA FE,ARMSTRONG,2140
2026-02-18,SANTA FE,AROCENA,102
2026-02-18,SANTA FE,CAÑADA DE GOMEZ,8000
2026-02-18,SANTA FE,DIAZ,500
2026-02-18,SANTA FE,GOBERNADOR CRESPO,1116
2026-02-18,SANTA FE,INGENIERO CHANOURDIE,128
2026-02-18,SANTA FE,IRIGOYEN,210
2026-02-18,SANTA FE,ISLA TIGRE,56
2026-02-18,SANTA FE,LA SARITA,50
2026-02-18,SANTA FE,LAS ROSAS,270
2026-02-18,SANTA FE,LLAMBI CAMPBELL,165
2026-02-18,SANTA FE,LOPEZ,60
2026-02-18,SANTA FE,LOS MOLINOS,150
2026-02-18,SANTA FE,LUIS PALACIOS,3000
2026-02-18,SANTA FE,MARGARITA,30
2026-02-18,SANTA FE,MARIA SUSANA,220
2026-02-18,SANTA FE,NELSON,90
2026-02-18,SANTA FE,PILAR,90
2026-02-18,SANTA FE,PUEBLO RAMONA,500
2026-02-18,SANTA FE,PUERTO GRAL SAN MARTIN,1000
2026-02-18,SANTA FE,SAN FRANCISCO DE VEN,500
2026-02-18,SANTA FE,SAN JERONIMO SUD,60
2026-02-18,SANTA FE,SAN JOSE DE LA ESQUI,60
2026-02-18,SANTA FE,SAN JUSTO,60
2026-02-18,SANTA FE,SAN MARCOS DE VENADO,1000
2026-02-18,SANTA FE,SANCTI SPIRITU,360
2026-02-18,SANTA FE,SANTA CLARA,27
2026-02-18,SANTA FE,SANTA FE,200
2026-02-18,SANTA FE,SANTA ISABEL,100
2026-02-18,SANTA FE,SANTA MARGARITA,140
2026-02-18,SANTA FE,VENADO TUERTO,4500
2026-02-18,SANTA FE,VILLA CAÑAS,260
2026-02-18,SANTA FE,VILLA TRINIDAD,500
2026-02-18,SANTIAGO DEL ESTERO,OTUMPA,400
2026-02-18,SANTIAGO DEL ESTERO,QUIMILI,500
2026-02-18,SANTIAGO DEL ESTERO,RAPELLI,600
2026-02-18,SANTIAGO DEL ESTERO,TINTINA,3000
2026-02-19,BUENOS AIRES,ADOLFO GONZALES CHAVEZ,1500
2026-02-19,BUENOS AIRES,AMERICA,160
2026-02-19,BUENOS AIRES,ARRECIFES,600
2026-02-19,BUENOS AIRES,ARRIBEÑOS,69
2026-02-19,BUENOS AIRES,BARADERO,1600
2026-02-19,BUENOS AIRES,BARRIO VILLA GAUCHO,1000
2026-02-19,BUENOS AIRES,CARHUE,200
2026-02-19,BUENOS AIRES,CARLOS MARIA NAON,274
2026-02-19,BUENOS AIRES,CHACABUCO,1590
2026-02-19,BUENOS AIRES,CLAUDIO C. MOLINA,200
2026-02-19,BUENOS AIRES,DUGGAN,200
2026-02-19,BUENOS AIRES,GONZALES CHAVES,400
2026-02-19,BUENOS AIRES,IRIARTE,2000
2026-02-19,BUENOS AIRES,LOBERIA,300
2026-02-19,BUENOS AIRES,PEHUAJO,1500
2026-02-19,BUENOS AIRES,PIGUE,90
2026-02-19,BUENOS AIRES,SALTO,150
2026-02-19,BUENOS AIRES,SAN PEDRO,390
2026-02-19,BUENOS AIRES,TRENQUE LAUQUEN,1800
2026-02-19,BUENOS AIRES,VILLA MOQUEHUA,330
2026-02-19,CHACO,AVIA TERAI,14
2026-02-19,CHACO,BASAIL,66
2026-02-19,CHACO,CHARATA,166
2026-02-19,CHACO,GENERAL PINEDO,106
2026-02-19,CHACO,HERMOSO CAMPO,96
2026-02-19,CHACO,LAS BREÑAS,29
2026-02-19,CHACO,LOS FRENTONES,200
2026-02-19,CHACO,SAN BERNARDO,199
2026-02-19,CÓRDOBA,CARRILOBO,190
2026-02-19,CÓRDOBA,CRUZ ALTA,400
2026-02-19,CÓRDOBA,ESTACION GENERAL PAZ,420
2026-02-19,CÓRDOBA,GENERAL LEVALLE,200
2026-02-19,CÓRDOBA,GIGENA,150
2026-02-19,CÓRDOBA,HUINCA RENANCO,3850
2026-02-19,CÓRDOBA,IDIAZABAL,535
2026-02-19,CÓRDOBA,JUSTINIANO POSSE,2800
2026-02-19,CÓRDOBA,LA AGUADA (DPTO. RIO,60
2026-02-19,CÓRDOBA,MARCOS JUAREZ,310
2026-02-19,CÓRDOBA,MATORRALES,259
2026-02-19,CÓRDOBA,MORRISON,149
2026-02-19,CÓRDOBA,OBISPO TREJO,360
2026-02-19,CÓRDOBA,OLIVA,389
2026-02-19,CÓRDOBA,ONAGOITY,500
2026-02-19,CÓRDOBA,ONCATIVO,600
2026-02-19,CÓRDOBA,PASCANAS,229
2026-02-19,CÓRDOBA,PILAR,590
2026-02-19,CÓRDOBA,PORTEÑA,200
2026-02-19,CÓRDOBA,RIO CUARTO,1360
2026-02-19,CÓRDOBA,SEBASTIAN ELCANO,360
2026-02-19,CÓRDOBA,VICUÑA MACKENNA,35
2026-02-19,CÓRDOBA,VILLA HUIDOBRO,287
2026-02-19,CÓRDOBA,VILLA VALERIA,920
2026-02-19,CÓRDOBA,WENCESLAO ESCALANTE,3500
2026-02-19,ENTRE RÍOS,ALCARAZ 1RO.,2
2026-02-19,ENTRE RÍOS,ALCARAZ SEGUNDO,76
2026-02-19,ENTRE RÍOS,ALDEA PROTESTANTE,15
2026-02-19,ENTRE RÍOS,CONCEPCION DEL URUGU,62
2026-02-19,ENTRE RÍOS,DISTRITO TALA,1000
2026-02-19,ENTRE RÍOS,DON CRISTOBAL SEGUND,12
2026-02-19,ENTRE RÍOS,GOBERNADOR MANSILLA,130
2026-02-19,ENTRE RÍOS,GUALEGUAY,522
2026-02-19,ENTRE RÍOS,LA PAZ,620
2026-02-19,ENTRE RÍOS,PASO DE LA ARENA,17
2026-02-19,ENTRE RÍOS,SAN ANTONIO (URDINAR,600
2026-02-19,ENTRE RÍOS,SANTA ANITA,172
2026-02-19,ENTRE RÍOS,URDINARRAIN,1700
2026-02-19,ENTRE RÍOS,VICTORIA,600
2026-02-19,ENTRE RÍOS,VILLA DEL ROSARIO,64
2026-02-19,ENTRE RÍOS,VILLA FONTANA,129
2026-02-19,ENTRE RÍOS,VILLAGUAY,30
2026-02-19,LA PAMPA,EDUARDO CASTEX,18574
2026-02-19,SANTA FE,ALVAREZ,600
2026-02-19,SANTA FE,ARROYO CEIBAL,97
2026-02-19,SANTA FE,ARROYO SECO,1000
2026-02-19,SANTA FE,BUSTINZA,151
2026-02-19,SANTA FE,CARCARAÑA,400
2026-02-19,SANTA FE,CHAPUY,450
2026-02-19,SANTA FE,EGUSQUIZA,1000
2026-02-19,SANTA FE,EL TREBOL,30
2026-02-19,SANTA FE,GALVEZ,180
2026-02-19,SANTA FE,INGENIERO CHANOURDIE,20
2026-02-19,SANTA FE,IRIGOYEN,30
2026-02-19,SANTA FE,LAS ROSAS,30
2026-02-19,SANTA FE,LUIS PALACIOS,4500
2026-02-19,SANTA FE,MAXIMO PAZ,211
2026-02-19,SANTA FE,PAZ,30
2026-02-19,SANTA FE,PUERTO GRAL SAN MARTIN,150
2026-02-19,SANTA FE,RECREO,4
2026-02-19,SANTA FE,ROSARIO,820
2026-02-19,SANTA FE,RUFINO,350
2026-02-19,SANTA FE,SAN LORENZO,90
2026-02-19,SANTA FE,SAN MARCELO,105
2026-02-19,SANTA FE,SAN MARCOS DE VENADO,1600
2026-02-19,SANTA FE,SANCTI SPIRITU,600
2026-02-19,SANTA FE,SANTA FE,800
2026-02-19,SANTA FE,TIMBUES,480
2026-02-19,SANTA FE,TOTORAS,92
2026-02-19,SANTA FE,VENADO TUERTO,1984
2026-02-19,SANTA FE,VILLA CAÑAS,1180
2026-02-19,SANTIAGO DEL ESTERO,LOS JURIES,2000
2026-02-19,SANTIAGO DEL ESTERO,QUIMILI,1340
2026-02-19,SANTIAGO DEL ESTERO,SANTIAGO DEL ESTERO,90
2026-02-19,TUCUMÁN,LAS CEJAS (DPTO. CRU,500
2026-02-19,TUCUMÁN,SIETE DE ABRIL,100
2026-02-20,BUENOS AIRES,25 DE MAYO,300
2026-02-20,BUENOS AIRES,AMERICA,930
2026-02-20,BUENOS AIRES,ASAMBLEA,60
2026-02-20,BUENOS AIRES,AZUL,700
2026-02-20,BUENOS AIRES,BALNEARIO CLAROMECO,21000
2026-02-20,BUENOS AIRES,BARADERO,468
2026-02-20,BUENOS AIRES,BARRIO ACEVEDO,210
2026-02-20,BUENOS AIRES,BELLOCQ,4000
2026-02-20,BUENOS AIRES,BOLIVAR,299
2026-02-20,BUENOS AIRES,BRAGADO,1908
2026-02-20,BUENOS AIRES,CAPITAN SARMIENTO,120
2026-02-20,BUENOS AIRES,CARLOS CASARES,1000
2026-02-20,BUENOS AIRES,CARLOS MARIA NAON,62
2026-02-20,BUENOS AIRES,CHACABUCO,2000
2026-02-20,BUENOS AIRES,CHIVILCOY,30
2026-02-20,BUENOS AIRES,CORONEL PRINGLES,600
2026-02-20,BUENOS AIRES,GENERAL PINTO,1000
2026-02-20,BUENOS AIRES,GENERAL VILLEGAS,1830
2026-02-20,BUENOS AIRES,IRENEO PORTELA,90
2026-02-20,BUENOS AIRES,IRIARTE,200
2026-02-20,BUENOS AIRES,LA VIOLETA,60
2026-02-20,BUENOS AIRES,LINCOLN,8511
2026-02-20,BUENOS AIRES,LOBERIA,710
2026-02-20,BUENOS AIRES,LOS TOLDOS,90
2026-02-20,BUENOS AIRES,NECOCHEA,300
2026-02-20,BUENOS AIRES,PEHUAJO,1300
2026-02-20,BUENOS AIRES,PERGAMINO,1590
2026-02-20,BUENOS AIRES,PIEDRITAS,200
2026-02-20,BUENOS AIRES,ROJAS,180
2026-02-20,BUENOS AIRES,SAN PEDRO,180
2026-02-20,BUENOS AIRES,TRENQUE LAUQUEN,700
2026-02-20,BUENOS AIRES,TRES ARROYOS,630
2026-02-20,BUENOS AIRES,TRES LOMAS,166
2026-02-20,BUENOS AIRES,VEDIA,2118
2026-02-20,BUENOS AIRES,VICTORIA,494
2026-02-20,CHACO,BASAIL,35
2026-02-20,CHACO,CERRITO,1000
2026-02-20,CÓRDOBA,ABBURRA,300
2026-02-20,CÓRDOBA,ALTOS DE CHIPION,160
2026-02-20,CÓRDOBA,ARROYITO,2000
2026-02-20,CÓRDOBA,BARRIO BELGRANO (LAB,1000
2026-02-20,CÓRDOBA,CANALS,713
2026-02-20,CÓRDOBA,COLONIA ARROYO DE AL,260
2026-02-20,CÓRDOBA,CORONEL MOLDES,400
2026-02-20,CÓRDOBA,DIEGO DE ROJAS,210
2026-02-20,CÓRDOBA,FREYRE,210
2026-02-20,CÓRDOBA,GUATIMOZIN,590
2026-02-20,CÓRDOBA,HUANCHILLA,300
2026-02-20,CÓRDOBA,HUINCA RENANCO,594
2026-02-20,CÓRDOBA,IDIAZABAL,4000
2026-02-20,CÓRDOBA,INRIVILLE,1000
2026-02-20,CÓRDOBA,LA PARA,1000
2026-02-20,CÓRDOBA,LA POSTA (DPTO. RIO,100
2026-02-20,CÓRDOBA,LA TORDILLA NORTE,300
2026-02-20,CÓRDOBA,LAS PEÑAS SUD,1000
2026-02-20,CÓRDOBA,LAS PICHANAS,210
2026-02-20,CÓRDOBA,LOMAS DEL TROZO,90
2026-02-20,CÓRDOBA,LOS SURGENTES,3000
2026-02-20,CÓRDOBA,MATORRALES,490
2026-02-20,CÓRDOBA,MONTE BUEY,600
2026-02-20,CÓRDOBA,MONTE CRISTO,90
2026-02-20,CÓRDOBA,MONTE MAIZ,90
2026-02-20,CÓRDOBA,OLIVA,1489
2026-02-20,CÓRDOBA,PASCANAS,60
2026-02-20,CÓRDOBA,PINCEN,240
2026-02-20,CÓRDOBA,RIO CUARTO,6880
2026-02-20,CÓRDOBA,RIO PRIMERO,400
2026-02-20,CÓRDOBA,SAN BASILIO,1330
2026-02-20,CÓRDOBA,SINSACATE,300
2026-02-20,CÓRDOBA,UCACHA,510
2026-02-20,CÓRDOBA,VICUÑA MACKENNA,1090
2026-02-20,CÓRDOBA,VILLA DEL TOTORAL,700
2026-02-20,ENTRE RÍOS,ALDEA PROTESTANTE,100
2026-02-20,ENTRE RÍOS,ALDEA SAN ANTONIO,124
2026-02-20,ENTRE RÍOS,CERRITO,121
2026-02-20,ENTRE RÍOS,COLONIA LA PAZ,94
2026-02-20,ENTRE RÍOS,COLONIA SAN CIPRIANO,122
2026-02-20,ENTRE RÍOS,CONCORDIA,60
2026-02-20,ENTRE RÍOS,DIAMANTE,75
2026-02-20,ENTRE RÍOS,GENACITO,109
2026-02-20,ENTRE RÍOS,GOBERNADOR MANSILLA,35
2026-02-20,ENTRE RÍOS,GUALEGUAY,2049
2026-02-20,ENTRE RÍOS,GUALEGUAYCHU,700
2026-02-20,ENTRE RÍOS,HASENKAMP,180
2026-02-20,ENTRE RÍOS,LUCAS GONZALEZ,1300
2026-02-20,ENTRE RÍOS,MARIA GRANDE,32
2026-02-20,ENTRE RÍOS,PARANA,33
2026-02-20,ENTRE RÍOS,RINCON DE NOGOYA,1000
2026-02-20,ENTRE RÍOS,SAGASTUME (CEIBAS-DP,94
2026-02-20,ENTRE RÍOS,SANTA ELENA (ARROYO,240
2026-02-20,ENTRE RÍOS,TALITA,240
2026-02-20,ENTRE RÍOS,URDINARRAIN,2100
2026-02-20,ENTRE RÍOS,VIALE,20
2026-02-20,ENTRE RÍOS,VICTORIA,690
2026-02-20,ENTRE RÍOS,VILLA DEL ROSARIO,60
2026-02-20,ENTRE RÍOS,VILLAGUAY,524
2026-02-20,ENTRE RÍOS,YESO,62
2026-02-20,LA PAMPA,CAMPO LUDUEÑA,1000
2026-02-20,LA PAMPA,CATRILO,12006
2026-02-20,LA PAMPA,CORONEL HILARIO LAGO,200
2026-02-20,LA PAMPA,EDUARDO CASTEX,3300
2026-02-20,LA PAMPA,GENERAL PICO,120
2026-02-20,LA PAMPA,QUEMU-QUEMU,60
2026-02-20,SALTA,ANTA,3000
2026-02-20,SALTA,ANTILLA,4000
2026-02-20,SALTA,LAS LAJITAS,1300
2026-02-20,SALTA,ROSARIO DE LA FRONTE,400
2026-02-20,SANTA FE,ALCORTA DTO CONSTITU,120
2026-02-20,SANTA FE,ANGELICA,150
2026-02-20,SANTA FE,BOUQUET,90
2026-02-20,SANTA FE,CAFFERATA,300
2026-02-20,SANTA FE,CARAGUATAY,85
2026-02-20,SANTA FE,CHAPUY,2060
2026-02-20,SANTA FE,COLONIA SILVA,240
2026-02-20,SANTA FE,ELORTONDO,900
2026-02-20,SANTA FE,GALVEZ,30
2026-02-20,SANTA FE,HUGHES,500
2026-02-20,SANTA FE,INGENIERO CHANOURDIE,6
2026-02-20,SANTA FE,IRIGOYEN,120
2026-02-20,SANTA FE,LA SARITA,148
2026-02-20,SANTA FE,LAS ROSAS,1000
2026-02-20,SANTA FE,LOS CARDOS,30
2026-02-20,SANTA FE,LUIS PALACIOS,3000
2026-02-20,SANTA FE,PUERTO GRAL SAN MARTIN,300
2026-02-20,SANTA FE,RICARDONE,68
2026-02-20,SANTA FE,ROSARIO,300
2026-02-20,SANTA FE,SALADERO M. CABAL,31
2026-02-20,SANTA FE,SAN JORGE,300
2026-02-20,SANTA FE,SAN JOSE DE LA ESQUI,90
2026-02-20,SANTA FE,SAN LORENZO,1550
2026-02-20,SANTA FE,SAN MARCOS DE VENADO,1000
2026-02-20,SANTA FE,SAN VICENTE (DPTO. C,3000
2026-02-20,SANTA FE,SANCTI SPIRITU,600
2026-02-20,SANTA FE,SUARDI,60
2026-02-20,SANTA FE,TEODELINA,475
2026-02-20,SANTA FE,VENADO TUERTO,7840
2026-02-20,SANTA FE,VILLA CAÑAS,180
2026-02-20,SANTA FE,VILLA TRINIDAD,680
2026-02-20,SANTIAGO DEL ESTERO,AGUAS COLORADAS,29
2026-02-20,SANTIAGO DEL ESTERO,AVERIAS,300
2026-02-20,SANTIAGO DEL ESTERO,AÑATUYA,2000
2026-02-20,SANTIAGO DEL ESTERO,BANDERA,5500
2026-02-20,SANTIAGO DEL ESTERO,LOS JURIES,400
2026-02-20,SANTIAGO DEL ESTERO,QUIMILI,300
2026-02-20,SANTIAGO DEL ESTERO,RAPELLI,2000
2026-02-20,SANTIAGO DEL ESTERO,TACAÑITAS,200
2026-02-20,SANTIAGO DEL ESTERO,TINTINA,3000
2026-02-21,BUENOS AIRES,ARRECIFES,30
2026-02-21,BUENOS AIRES,GENERAL VILLEGAS,60
2026-02-21,BUENOS AIRES,TRENQUE LAUQUEN,3100
2026-02-21,ENTRE RÍOS,FAUSTINO M. PARERA,180
2026-02-21,ENTRE RÍOS,TABOSSI,50
2026-02-21,SANTA FE,LAS ROSAS,3000
2026-02-21,SANTA FE,MARCELINO ESCALADA,1500
2026-02-22,BUENOS AIRES,CARLOS CASARES,180
2026-02-23,BUENOS AIRES,ALBERTI,600
2026-02-23,BUENOS AIRES,AMERICA,2010
2026-02-23,BUENOS AIRES,ARRIBEÑOS,150
2026-02-23,BUENOS AIRES,ASAMBLEA,30
2026-02-23,BUENOS AIRES,AZCUENAGA,90
2026-02-23,BUENOS AIRES,BAHIA BLANCA,90
2026-02-23,BUENOS AIRES,BARADERO,390
2026-02-23,BUENOS AIRES,BARRIO ACEVEDO,450
2026-02-23,BUENOS AIRES,BARRIO VILLA SALADIL,1500
2026-02-23,BUENOS AIRES,BELLOCQ,9000
2026-02-23,BUENOS AIRES,BOLIVAR,127
2026-02-23,BUENOS AIRES,CARLOS CASARES,1500
2026-02-23,BUENOS AIRES,CHIVILCOY,1240
2026-02-23,BUENOS AIRES,DAIREAUX,30
2026-02-23,BUENOS AIRES,EL TRIGO,90
2026-02-23,BUENOS AIRES,IRIARTE,300
2026-02-23,BUENOS AIRES,JUAN N. FERNANDEZ,400
2026-02-23,BUENOS AIRES,LAS PALMAS (ESTACION,270
2026-02-23,BUENOS AIRES,LINCOLN,584
2026-02-23,BUENOS AIRES,LOBERIA,210
2026-02-23,BUENOS AIRES,NECOCHEA,1000
2026-02-23,BUENOS AIRES,PEHUAJO,800
2026-02-23,BUENOS AIRES,PILAR,301
2026-02-23,BUENOS AIRES,QUEQUEN,1500
2026-02-23,BUENOS AIRES,TORRES,90
2026-02-23,BUENOS AIRES,TRENQUE LAUQUEN,200
2026-02-23,BUENOS AIRES,VEDIA,95
2026-02-23,BUENOS AIRES,VICENTE LOPEZ,450
2026-02-23,CHACO,COLONIA JOSE MARMOL,30
2026-02-23,CHACO,LOS FRENTONES,22
2026-02-23,CÓRDOBA,ACHIRAS (DPTO. RIO C,30
2026-02-23,CÓRDOBA,ALTA GRACIA,500
2026-02-23,CÓRDOBA,ARIAS,2657
2026-02-23,CÓRDOBA,BERROTARAN,400
2026-02-23,CÓRDOBA,CARNERILLO (DPTO. JU,90
2026-02-23,CÓRDOBA,CARRILOBO,190
2026-02-23,CÓRDOBA,CHARRAS,120
2026-02-23,CÓRDOBA,DIEGO DE ROJAS,300
2026-02-23,CÓRDOBA,EL TIO,1400
2026-02-23,CÓRDOBA,GENERAL LEVALLE,7130
2026-02-23,CÓRDOBA,ISLA VERDE (DPTO. MA,110
2026-02-23,CÓRDOBA,JESUS MARIA,150
2026-02-23,CÓRDOBA,JOVITA,38
2026-02-23,CÓRDOBA,LA CESIRA,1500
2026-02-23,CÓRDOBA,LA FRANCIA,150
2026-02-23,CÓRDOBA,LAS PICHANAS,120
2026-02-23,CÓRDOBA,LOS CISNES,531
2026-02-23,CÓRDOBA,MATORRALES,97
2026-02-23,CÓRDOBA,MONTE BUEY,1600
2026-02-23,CÓRDOBA,MONTE MAIZ,141
2026-02-23,CÓRDOBA,OLIVA,5090
2026-02-23,CÓRDOBA,PASCANAS,190
2026-02-23,CÓRDOBA,QUEBRACHO HERRADO,180
2026-02-23,CÓRDOBA,RIO CUARTO,450
2026-02-23,CÓRDOBA,RIO PRIMERO,130
2026-02-23,CÓRDOBA,RIO SEGUNDO,120
2026-02-23,CÓRDOBA,RIO TERCERO,1498
2026-02-23,CÓRDOBA,SAN AGUSTIN,1233
2026-02-23,CÓRDOBA,VICUÑA MACKENNA,180
2026-02-23,CÓRDOBA,VILLA CONCEPCION DEL,300
2026-02-23,CÓRDOBA,VILLA DEL ROSARIO,330
2026-02-23,ENTRE RÍOS,ALDEA VALLE MARIA,100
2026-02-23,ENTRE RÍOS,COLONIA LAS PEPAS,63
2026-02-23,ENTRE RÍOS,GUALEGUAY,4750
2026-02-23,ENTRE RÍOS,GUALEGUAYCHU,440
2026-02-23,ENTRE RÍOS,LA PAZ,3000
2026-02-23,ENTRE RÍOS,LARROQUE,30
2026-02-23,ENTRE RÍOS,MARIA GRANDE,28
2026-02-23,ENTRE RÍOS,MONTOYA-VICTORIA,90
2026-02-23,ENTRE RÍOS,NOGOYA,116
2026-02-23,ENTRE RÍOS,SANTA ELENA (ARROYO,30
2026-02-23,ENTRE RÍOS,URDINARRAIN,480
2026-02-23,ENTRE RÍOS,VICTORIA,210
2026-02-23,ENTRE RÍOS,VILLA DEL ROSARIO,298
2026-02-23,ENTRE RÍOS,VILLAGUAY,117
2026-02-23,LA PAMPA,AGUSTONI,300
2026-02-23,LA PAMPA,CATRILO,4941
2026-02-23,LA PAMPA,GENERAL PICO,344
2026-02-23,LA PAMPA,TRILI,1000
2026-02-23,SAN LUIS,CIUDAD JARDIN DE SAN,1011
2026-02-23,SANTA FE,ARMINDA,180
2026-02-23,SANTA FE,AROCENA,100
2026-02-23,SANTA FE,ARROYO AGUIAR,120
2026-02-23,SANTA FE,BOMBAL,1000
2026-02-23,SANTA FE,CHAPUY,1160
2026-02-23,SANTA FE,ESPERANZA,450
2026-02-23,SANTA FE,INGENIERO CHANOURDIE,10
2026-02-23,SANTA FE,LAS PETACAS,140
2026-02-23,SANTA FE,LLAMBI CAMPBELL,120
2026-02-23,SANTA FE,LOGROÑO,395
2026-02-23,SANTA FE,LUIS PALACIOS,9300
2026-02-23,SANTA FE,MARIA JUANA,8000
2026-02-23,SANTA FE,MONTES DE OCA,60
2026-02-23,SANTA FE,NELSON,270
2026-02-23,SANTA FE,PILAR,90
2026-02-23,SANTA FE,PUERTO GRAL SAN MARTIN,19500
2026-02-23,SANTA FE,RICARDONE,600
2026-02-23,SANTA FE,ROSARIO,4500
2026-02-23,SANTA FE,RUFINO,270
2026-02-23,SANTA FE,SAN EDUARDO,100
2026-02-23,SANTA FE,SAN JUSTO,240
2026-02-23,SANTA FE,SAN LORENZO,4601
2026-02-23,SANTA FE,SAN MARCOS DE VENADO,4000
2026-02-23,SANTA FE,SANTA FE,2000
2026-02-23,SANTA FE,SANTA ISABEL,2000
2026-02-23,SANTA FE,VENADO TUERTO,5990
2026-02-23,SANTA FE,VILLA CAÑAS,60
2026-02-23,SANTA FE,VILLA TRINIDAD,30
2026-02-23,SANTA FE,WHEELWRIGHT,1320
2026-02-23,SANTIAGO DEL ESTERO,BANDERA,51
2026-02-23,SANTIAGO DEL ESTERO,LOS JURIES,131
2026-02-23,SANTIAGO DEL ESTERO,QUIMILI,1500
2026-02-23,SANTIAGO DEL ESTERO,RAPELLI,400
2026-02-23,TUCUMÁN,LOS PEREYRA,1000
2026-02-24,BUENOS AIRES,ALBERTI,180
2026-02-24,BUENOS AIRES,AMERICA,450
2026-02-24,BUENOS AIRES,BAHIA BLANCA,1650
2026-02-24,BUENOS AIRES,BARADERO,100
2026-02-24,BUENOS AIRES,BELLOCQ,240
2026-02-24,BUENOS AIRES,BRAGADO,4000
2026-02-24,BUENOS AIRES,CARHUE,60
2026-02-24,BUENOS AIRES,CARLOS CASARES,2000
2026-02-24,BUENOS AIRES,CARMEN DE ARECO,150
2026-02-24,BUENOS AIRES,CAÑADA MARIANO (EMBA,180
2026-02-24,BUENOS AIRES,CHACABUCO,600
2026-02-24,BUENOS AIRES,CHIVILCOY,120
2026-02-24,BUENOS AIRES,CONESA,180
2026-02-24,BUENOS AIRES,CORONEL DORREGO,500
2026-02-24,BUENOS AIRES,CORONEL PRINGLES,2860
2026-02-24,BUENOS AIRES,GENERAL VILLEGAS,3820
2026-02-24,BUENOS AIRES,GONZALEZ MORENO,630
2026-02-24,BUENOS AIRES,MICAELA CASCALLARES,2000
2026-02-24,BUENOS AIRES,MIRAMAR (PDO. GRAL.,1000
2026-02-24,BUENOS AIRES,PEHUAJO,1500
2026-02-24,BUENOS AIRES,PILAR,380
2026-02-24,BUENOS AIRES,SAN JUSTO,4000
2026-02-24,BUENOS AIRES,SAN PEDRO,150
2026-02-24,BUENOS AIRES,TRENQUE LAUQUEN,1600
2026-02-24,CHACO,GANCEDO,130
2026-02-24,CHACO,LOS FRENTONES,147
2026-02-24,CHACO,MESON DE FIERRO,52
2026-02-24,CHACO,TRES ISLETAS,27
2026-02-24,CÓRDOBA,ARIAS,9
2026-02-24,CÓRDOBA,CANALS,300
2026-02-24,CÓRDOBA,EL TIO,90
2026-02-24,CÓRDOBA,GENERAL LEVALLE,500
2026-02-24,CÓRDOBA,HERNANDO,300
2026-02-24,CÓRDOBA,ITALO,120
2026-02-24,CÓRDOBA,JESUS MARIA,580
2026-02-24,CÓRDOBA,JUSTINIANO POSSE,180
2026-02-24,CÓRDOBA,LA CESIRA,450
2026-02-24,CÓRDOBA,LA PUERTA (MEDIA NAR,250
2026-02-24,CÓRDOBA,LOS SURGENTES,60
2026-02-24,CÓRDOBA,MARCOS JUAREZ,90
2026-02-24,CÓRDOBA,MARULL,30
2026-02-24,CÓRDOBA,OLIVA,65
2026-02-24,CÓRDOBA,ONCATIVO,5
2026-02-24,CÓRDOBA,PASCANAS,181
2026-02-24,CÓRDOBA,PILAR,120
2026-02-24,CÓRDOBA,PORTEÑA,390
2026-02-24,CÓRDOBA,RIO CUARTO,300
2026-02-24,CÓRDOBA,SACANTA,90
2026-02-24,CÓRDOBA,SAN BASILIO,290
2026-02-24,CÓRDOBA,SAN FRANCISCO (DPTO.,30
2026-02-24,CÓRDOBA,TOSQUITA,105
2026-02-24,CÓRDOBA,TRANSITO,151
2026-02-24,CÓRDOBA,UCACHA,500
2026-02-24,CÓRDOBA,VIAMONTE,360
2026-02-24,CÓRDOBA,VICUÑA MACKENNA,332
2026-02-24,CÓRDOBA,VILLA CONCEPCION DEL,210
2026-02-24,CÓRDOBA,WENCESLAO ESCALANTE,64
2026-02-24,ENTRE RÍOS,ALCARAZ SEGUNDO,499
2026-02-24,ENTRE RÍOS,ALDEA PROTESTANTE,43
2026-02-24,ENTRE RÍOS,ALDEA SAN ANTONIO,740
2026-02-24,ENTRE RÍOS,ALDEA SPATZENKUTTER,30
2026-02-24,ENTRE RÍOS,DIAMANTE,120
2026-02-24,ENTRE RÍOS,EL PALENQUE,31
2026-02-24,ENTRE RÍOS,EL PINGO,101
2026-02-24,ENTRE RÍOS,GALARZA,90
2026-02-24,ENTRE RÍOS,GUALEGUAY,970
2026-02-24,ENTRE RÍOS,GUALEGUAYCHU,159
2026-02-24,ENTRE RÍOS,HASENKAMP,101
2026-02-24,ENTRE RÍOS,LARROQUE,1090
2026-02-24,ENTRE RÍOS,MARIA GRANDE,36
2026-02-24,ENTRE RÍOS,RINCON DE NOGOYA,430
2026-02-24,ENTRE RÍOS,URDINARRAIN,600
2026-02-24,ENTRE RÍOS,VALLE MARIA,250
2026-02-24,ENTRE RÍOS,VIALE,79
2026-02-24,ENTRE RÍOS,VICTORIA,210
2026-02-24,ENTRE RÍOS,VILLA DEL ROSARIO,2000
2026-02-24,ENTRE RÍOS,VILLAGUAY,30
2026-02-24,LA PAMPA,BERNARDO LARROUDE,650
2026-02-24,LA PAMPA,CATRILO,5600
2026-02-24,LA PAMPA,EDUARDO CASTEX,209
2026-02-24,LA PAMPA,GENERAL PICO,794
2026-02-24,LA PAMPA,INTENDENTE ALVEAR,2000
2026-02-24,SAN LUIS,CANDELARIA,1229
2026-02-24,SAN LUIS,JUSTO DARACT,200
2026-02-24,SANTA FE,ARROYO AGUIAR,35
2026-02-24,SANTA FE,ARROYO SECO,1000
2026-02-24,SANTA FE,BOUQUET,200
2026-02-24,SANTA FE,CARCARAÑA,200
2026-02-24,SANTA FE,CAÑADA ROSQUIN,300
2026-02-24,SANTA FE,CHAPUY,670
2026-02-24,SANTA FE,EL SOMBRERITO,63
2026-02-24,SANTA FE,GODOY,150
2026-02-24,SANTA FE,HUGHES,62
2026-02-24,SANTA FE,"HUMBERTO I""",120
2026-02-24,SANTA FE,LA JOSEFINA,300
2026-02-24,SANTA FE,LAS PAREJAS,500
2026-02-24,SANTA FE,LLAMBI CAMPBELL,150
2026-02-24,SANTA FE,LOGROÑO,155
2026-02-24,SANTA FE,LUIS PALACIOS,250
2026-02-24,SANTA FE,MARIA SUSANA,400
2026-02-24,SANTA FE,MONTE VERA,65
2026-02-24,SANTA FE,MURPHY,60
2026-02-24,SANTA FE,PROGRESO,90
2026-02-24,SANTA FE,SAN JERONIMO SUD,70
2026-02-24,SANTA FE,SAN JUSTO,500
2026-02-24,SANTA FE,SAN LORENZO,2500
2026-02-24,SANTA FE,SAN MARCELO,70
2026-02-24,SANTA FE,SAN MARCOS DE VENADO,2000
2026-02-24,SANTA FE,SANTA FE,6120
2026-02-24,SANTA FE,SARGENTO CABRAL,1000
2026-02-24,SANTA FE,SUNCHALES,480
2026-02-24,SANTA FE,VENADO TUERTO,1200
2026-02-24,SANTA FE,VILLA CAÑAS,2000
2026-02-24,SANTIAGO DEL ESTERO,BANDERA,120
2026-02-24,SANTIAGO DEL ESTERO,LOS JURIES,172
2026-02-24,SANTIAGO DEL ESTERO,PAMPA DE LOS GUANACO,1500
2026-02-24,SANTIAGO DEL ESTERO,QUIMILI,1400
2026-02-24,SANTIAGO DEL ESTERO,SOL DE JULIO,130
2026-02-25,BUENOS AIRES,9 DE JULIO,3000
2026-02-25,BUENOS AIRES,AMERICA,100
2026-02-25,BUENOS AIRES,ANDRES VACCAREZZA,60
2026-02-25,BUENOS AIRES,ARRECIFES,2000
2026-02-25,BUENOS AIRES,BAHIA BLANCA,2100
2026-02-25,BUENOS AIRES,BARADERO,510
2026-02-25,BUENOS AIRES,BRAGADO,4060
2026-02-25,BUENOS AIRES,CARLOS CASARES,1350
2026-02-25,BUENOS AIRES,CHACABUCO,150
2026-02-25,BUENOS AIRES,CHIVILCOY,2530
2026-02-25,BUENOS AIRES,CLAUDIO C. MOLINA,800
2026-02-25,BUENOS AIRES,COMODORO PY,90
2026-02-25,BUENOS AIRES,CORONEL PRINGLES,1000
2026-02-25,BUENOS AIRES,GENERAL ALVARADO,30
2026-02-25,BUENOS AIRES,GENERAL VILLEGAS,2480
2026-02-25,BUENOS AIRES,GONZALES CHAVES,273
2026-02-25,BUENOS AIRES,LA VIOLETA,720
2026-02-25,BUENOS AIRES,LAS PALMAS (ESTACION,180
2026-02-25,BUENOS AIRES,LINCOLN,500
2026-02-25,BUENOS AIRES,LOS TOLDOS,60
2026-02-25,BUENOS AIRES,MAR DEL PLATA,2000
2026-02-25,BUENOS AIRES,MICAELA CASCALLARES,300
2026-02-25,BUENOS AIRES,PEHUAJO,600
2026-02-25,BUENOS AIRES,PERGAMINO,819
2026-02-25,BUENOS AIRES,PIEDRITAS,30
2026-02-25,BUENOS AIRES,PILAR,56
2026-02-25,BUENOS AIRES,SALTO,90
2026-02-25,BUENOS AIRES,SAN ANDRES DE GILES,800
2026-02-25,BUENOS AIRES,SAN ANTONIO DE ARECO,800
2026-02-25,BUENOS AIRES,SAN JUSTO,1000
2026-02-25,BUENOS AIRES,SAN MIGUEL ARCANGEL,200
2026-02-25,BUENOS AIRES,SAN PEDRO,120
2026-02-25,BUENOS AIRES,SOLIS,1050
2026-02-25,BUENOS AIRES,TRENQUE LAUQUEN,685
2026-02-25,BUENOS AIRES,TRES ARROYOS,2180
2026-02-25,CHACO,BASAIL,50
2026-02-25,CHACO,MESON DE FIERRO,38
2026-02-25,CHACO,VILLA ANGELA,126
2026-02-25,CÓRDOBA,ADELIA MARIA,2000
2026-02-25,CÓRDOBA,ALCIRA,180
2026-02-25,CÓRDOBA,ALEJANDRO ROCA,719
2026-02-25,CÓRDOBA,ARROYITO,1000
2026-02-25,CÓRDOBA,BELL VILLE,670
2026-02-25,CÓRDOBA,CAMILO ALDAO,60
2026-02-25,CÓRDOBA,CANALS,500
2026-02-25,CÓRDOBA,CAÑADA DE LUQUE,730
2026-02-25,CÓRDOBA,CORDOBA,1000
2026-02-25,CÓRDOBA,CRUZ ALTA,200
2026-02-25,CÓRDOBA,DEL CAMPILLO,330
2026-02-25,CÓRDOBA,EL POTOSI,222
2026-02-25,CÓRDOBA,EL TIO,170
2026-02-25,CÓRDOBA,GENERAL LEVALLE,423
2026-02-25,CÓRDOBA,GUATIMOZIN,60
2026-02-25,CÓRDOBA,HERNANDO,60
2026-02-25,CÓRDOBA,HIPOLITO BOUCHARD,300
2026-02-25,CÓRDOBA,HUANCHILLA,31
2026-02-25,CÓRDOBA,IDIAZABAL,1000
2026-02-25,CÓRDOBA,INRIVILLE,1681
2026-02-25,CÓRDOBA,JESUS MARIA,833
2026-02-25,CÓRDOBA,LA CARLOTA,1060
2026-02-25,CÓRDOBA,LA CAUTIVA,500
2026-02-25,CÓRDOBA,LA TORDILLA NORTE,500
2026-02-25,CÓRDOBA,LABORDE,40
2026-02-25,CÓRDOBA,LABOULAYE,150
2026-02-25,CÓRDOBA,LAS ACEQUIAS,2000
2026-02-25,CÓRDOBA,LAS GRAMILLAS (DPTO.,65
2026-02-25,CÓRDOBA,LOS CISNES,500
2026-02-25,CÓRDOBA,LUQUE,150
2026-02-25,CÓRDOBA,MATORRALES,1503
2026-02-25,CÓRDOBA,MONTE CRISTO,330
2026-02-25,CÓRDOBA,MONTE MAIZ,4000
2026-02-25,CÓRDOBA,OLIVA,1090
2026-02-25,CÓRDOBA,PASCANAS,60
2026-02-25,CÓRDOBA,PILAR,1770
2026-02-25,CÓRDOBA,PORTEÑA,420
2026-02-25,CÓRDOBA,RIO CUARTO,2110
2026-02-25,CÓRDOBA,RIO PRIMERO,2506
2026-02-25,CÓRDOBA,SAN FRANCISCO (DPTO.,30
2026-02-25,CÓRDOBA,SEBASTIAN ELCANO,1500
2026-02-25,CÓRDOBA,SINSACATE,2400
2026-02-25,CÓRDOBA,TICINO,1000
2026-02-25,CÓRDOBA,TRANSITO,90
2026-02-25,CÓRDOBA,VIAMONTE,249
2026-02-25,CÓRDOBA,VILLA ASCASUBI,25
2026-02-25,CÓRDOBA,VILLA MARIA (DPTO. G,1000
2026-02-25,CÓRDOBA,VILLA MARIA (JESUS M,330
2026-02-25,ENTRE RÍOS,ALDEA PROTESTANTE,30
2026-02-25,ENTRE RÍOS,ALDEA VALLE MARIA,100
2026-02-25,ENTRE RÍOS,CERRITO,31
2026-02-25,ENTRE RÍOS,CRESPO,1080
2026-02-25,ENTRE RÍOS,DIAMANTE,35
2026-02-25,ENTRE RÍOS,GUALEGUAY,600
2026-02-25,ENTRE RÍOS,GUALEGUAYCHU,62
2026-02-25,ENTRE RÍOS,LA PAZ,90
2026-02-25,ENTRE RÍOS,LA PICADA,20
2026-02-25,ENTRE RÍOS,LARROQUE,364
2026-02-25,ENTRE RÍOS,LAS TUNAS,65
2026-02-25,ENTRE RÍOS,LUCAS SUD,60
2026-02-25,ENTRE RÍOS,PAJONAL,300
2026-02-25,ENTRE RÍOS,PERDICES,1000
2026-02-25,ENTRE RÍOS,SAN SALVADOR,611
2026-02-25,ENTRE RÍOS,SANTA ELENA (ARROYO,517
2026-02-25,ENTRE RÍOS,TALITA,540
2026-02-25,ENTRE RÍOS,URDINARRAIN,1000
2026-02-25,ENTRE RÍOS,VIALE,573
2026-02-25,ENTRE RÍOS,VICTORIA,1030
2026-02-25,ENTRE RÍOS,VILLA DEL ROSARIO,60
2026-02-25,ENTRE RÍOS,VILLAGUAY,30
2026-02-25,FORMOSA,ALTO ALEGRE,90
2026-02-25,FORMOSA,COLONIA PERIN,214
2026-02-25,LA PAMPA,CATRILO,5500
2026-02-25,LA PAMPA,EDUARDO CASTEX,163
2026-02-25,LA PAMPA,GENERAL PICO,2200
2026-02-25,SANTA FE,ARRASCAETA (APEADERO,100
2026-02-25,SANTA FE,BERNARDO DE IRIGOYEN,90
2026-02-25,SANTA FE,CARCARAÑA,420
2026-02-25,SANTA FE,CARRERAS,30
2026-02-25,SANTA FE,CAÑADA DE GOMEZ,70
2026-02-25,SANTA FE,CAÑADA ROSQUIN,510
2026-02-25,SANTA FE,CHAPUY,540
2026-02-25,SANTA FE,CHRISTOPHERSEN,2000
2026-02-25,SANTA FE,COLONIA LA YERBA,1300
2026-02-25,SANTA FE,COLONIA SILVA,270
2026-02-25,SANTA FE,DIAZ,1000
2026-02-25,SANTA FE,FIGHIERA,32
2026-02-25,SANTA FE,GALVEZ,240
2026-02-25,SANTA FE,GOBERNADOR CRESPO,395
2026-02-25,SANTA FE,GODOY,60
2026-02-25,SANTA FE,INGENIERO CHANOURDIE,40
2026-02-25,SANTA FE,LANTERI,340
2026-02-25,SANTA FE,LAS PALMERAS,60
2026-02-25,SANTA FE,LAS ROSAS,30
2026-02-25,SANTA FE,LOS MOLINOS,500
2026-02-25,SANTA FE,MARIA JUANA,2000
2026-02-25,SANTA FE,MONTE VERA,60
2026-02-25,SANTA FE,PAZ,60
2026-02-25,SANTA FE,POZO BORRADO,210
2026-02-25,SANTA FE,PROGRESO,41
2026-02-25,SANTA FE,RAMAYON,120
2026-02-25,SANTA FE,ROSARIO,6650
2026-02-25,SANTA FE,SAN JERONIMO SUD,175
2026-02-25,SANTA FE,SAN JORGE,150
2026-02-25,SANTA FE,SAN JUSTO,1000
2026-02-25,SANTA FE,SAN LORENZO,1180
2026-02-25,SANTA FE,SAN MARCOS DE VENADO,3500
2026-02-25,SANTA FE,SANCTI SPIRITU,60
2026-02-25,SANTA FE,SANTA FE,2500
2026-02-25,SANTA FE,SARGENTO CABRAL,2500
2026-02-25,SANTA FE,SERODINO,60
2026-02-25,SANTA FE,VENADO TUERTO,7400
2026-02-25,SANTA FE,VIDELA,90
2026-02-25,SANTA FE,VILA,300
2026-02-25,SANTA FE,VILLA CAÑAS,1000
2026-02-25,SANTIAGO DEL ESTERO,PAMPA DE LOS GUANACO,100
2026-02-25,SANTIAGO DEL ESTERO,SAN GREGORIO (LORETO,2800
2026-02-25,SANTIAGO DEL ESTERO,SOL DE JULIO,170
2026-02-25,SANTIAGO DEL ESTERO,TINTINA,200
2026-02-25,SANTIAGO DEL ESTERO,TOMAS YOUNG,1000
2026-02-26,BUENOS AIRES,9 DE JULIO,300
2026-02-26,BUENOS AIRES,AMERICA,1754
2026-02-26,BUENOS AIRES,ANDRES VACCAREZZA,90
2026-02-26,BUENOS AIRES,ARRECIFES,460
2026-02-26,BUENOS AIRES,ARRIBEÑOS,90
2026-02-26,BUENOS AIRES,BAHIA BLANCA,4450
2026-02-26,BUENOS AIRES,BELLOCQ,3000
2026-02-26,BUENOS AIRES,BRAGADO,4300
2026-02-26,BUENOS AIRES,CAPILLA DEL SEÑOR,90
2026-02-26,BUENOS AIRES,CAPITAN SARMIENTO,600
2026-02-26,BUENOS AIRES,CARHUE,360
2026-02-26,BUENOS AIRES,CARLOS CASARES,10200
2026-02-26,BUENOS AIRES,CHACABUCO,2300
2026-02-26,BUENOS AIRES,CHIVILCOY,2220
2026-02-26,BUENOS AIRES,COLON,1060
2026-02-26,BUENOS AIRES,CORONEL DORREGO,500
2026-02-26,BUENOS AIRES,DAIREAUX,1810
2026-02-26,BUENOS AIRES,DARREGUEIRA,200
2026-02-26,BUENOS AIRES,ESTACION ASCENSION,500
2026-02-26,BUENOS AIRES,GENERAL VILLEGAS,3000
2026-02-26,BUENOS AIRES,GONZALES CHAVES,4500
2026-02-26,BUENOS AIRES,JUAN N. FERNANDEZ,60
2026-02-26,BUENOS AIRES,JUNIN,540
2026-02-26,BUENOS AIRES,LINCOLN,4500
2026-02-26,BUENOS AIRES,LOS TOLDOS,500
2026-02-26,BUENOS AIRES,LUJAN,1000
2026-02-26,BUENOS AIRES,MECHONGUE,310
2026-02-26,BUENOS AIRES,NAVARRO,180
2026-02-26,BUENOS AIRES,OLAVARRIA,90
2026-02-26,BUENOS AIRES,PEHUAJO,4760
2026-02-26,BUENOS AIRES,PELLEGRINI,600
2026-02-26,BUENOS AIRES,PERGAMINO,1500
2026-02-26,BUENOS AIRES,PIEDRITAS,900
2026-02-26,BUENOS AIRES,PILAR,820
2026-02-26,BUENOS AIRES,SALTO,150
2026-02-26,BUENOS AIRES,SAN PEDRO,179
2026-02-26,BUENOS AIRES,SANTA LUCIA,300
2026-02-26,BUENOS AIRES,TORNQUIST,30
2026-02-26,BUENOS AIRES,TRENQUE LAUQUEN,18030
2026-02-26,BUENOS AIRES,VILLA RUIZ,120
2026-02-26,CHACO,CHARATA,120
2026-02-26,CHACO,GANCEDO,35
2026-02-26,CHACO,HERMOSO CAMPO,140
2026-02-26,CHACO,PAMPA DEL INFIERNO,1000
2026-02-26,CHACO,TRES ISLETAS,58
2026-02-26,CÓRDOBA,ADELIA MARIA,680
2026-02-26,CÓRDOBA,BELL VILLE,385
2026-02-26,CÓRDOBA,BERROTARAN,700
2026-02-26,CÓRDOBA,BLAS DE ROSALES,150
2026-02-26,CÓRDOBA,CAMILO ALDAO,30
2026-02-26,CÓRDOBA,CANALS,2060
2026-02-26,CÓRDOBA,CARRILOBO,190
2026-02-26,CÓRDOBA,CHAZON,135
2026-02-26,CÓRDOBA,COLONIA ALMADA,100
2026-02-26,CÓRDOBA,COLONIA ARROYO DE AL,150
2026-02-26,CÓRDOBA,COLONIA BISMARCK,420
2026-02-26,CÓRDOBA,COLONIA MARINA,210
2026-02-26,CÓRDOBA,CORDOBA,500
2026-02-26,CÓRDOBA,CORONEL MOLDES,4566
2026-02-26,CÓRDOBA,CORRAL DE BUSTOS,120
2026-02-26,CÓRDOBA,EL POTOSI,225
2026-02-26,CÓRDOBA,EL TIO,74
2026-02-26,CÓRDOBA,GENERAL CABRERA,300
2026-02-26,CÓRDOBA,GENERAL LEVALLE,1150
2026-02-26,CÓRDOBA,GUATIMOZIN,60
2026-02-26,CÓRDOBA,HERNANDO,1900
2026-02-26,CÓRDOBA,HUINCA RENANCO,5560
2026-02-26,CÓRDOBA,INRIVILLE,32
2026-02-26,CÓRDOBA,ITALO,1100
2026-02-26,CÓRDOBA,JESUS MARIA,1767
2026-02-26,CÓRDOBA,JUSTINIANO POSSE,360
2026-02-26,CÓRDOBA,LA CARLOTA,890
2026-02-26,CÓRDOBA,LA CRUZ (DPTO. CALAM,30
2026-02-26,CÓRDOBA,LA TORDILLA NORTE,2100
2026-02-26,CÓRDOBA,LABOULAYE,330
2026-02-26,CÓRDOBA,MARCOS JUAREZ,2010
2026-02-26,CÓRDOBA,MATORRALES,90
2026-02-26,CÓRDOBA,MONTE BUEY,150
2026-02-26,CÓRDOBA,MONTE CRISTO,1000
2026-02-26,CÓRDOBA,MONTE MAIZ,3000
2026-02-26,CÓRDOBA,OLIVA,2670
2026-02-26,CÓRDOBA,PASCANAS,242
2026-02-26,CÓRDOBA,PILAR,2000
2026-02-26,CÓRDOBA,PORTEÑA,90
2026-02-26,CÓRDOBA,RIO CUARTO,1960
2026-02-26,CÓRDOBA,RIO PRIMERO,500
2026-02-26,CÓRDOBA,SAN FRANCISCO (DPTO.,30
2026-02-26,CÓRDOBA,SAN MARCOS,210
2026-02-26,CÓRDOBA,SINSACATE,200
2026-02-26,CÓRDOBA,TRANSITO,450
2026-02-26,CÓRDOBA,VICUÑA MACKENNA,4839
2026-02-26,CÓRDOBA,VILLA HUIDOBRO,3435
2026-02-26,CÓRDOBA,VILLA MARIA (DPTO. G,12000
2026-02-26,CÓRDOBA,VILLA VALERIA,60
2026-02-26,CÓRDOBA,WATT,120
2026-02-26,ENTRE RÍOS,ALCARAZ SEGUNDO,187
2026-02-26,ENTRE RÍOS,ALDEA MARIA LUISA,500
2026-02-26,ENTRE RÍOS,ALDEA SALTO,36
2026-02-26,ENTRE RÍOS,CRUCESITAS 7A. SECCI,203
2026-02-26,ENTRE RÍOS,GUALEGUAY,1110
2026-02-26,ENTRE RÍOS,GUALEGUAYCHU,540
2026-02-26,ENTRE RÍOS,LA PAZ,180
2026-02-26,ENTRE RÍOS,LARROQUE,2130
2026-02-26,ENTRE RÍOS,PRIMERO DE MAYO,27
2026-02-26,ENTRE RÍOS,URDINARRAIN,60
2026-02-26,ENTRE RÍOS,VIALE,89
2026-02-26,ENTRE RÍOS,VILLA DEL ROSARIO,878
2026-02-26,ENTRE RÍOS,VILLAGUAY,300
2026-02-26,LA PAMPA,ANGUIL,100
2026-02-26,LA PAMPA,BERNARDO LARROUDE,7650
2026-02-26,LA PAMPA,CAMPO LUDUEÑA,4500
2026-02-26,LA PAMPA,CATRILO,21940
2026-02-26,LA PAMPA,CORONEL HILARIO LAGO,500
2026-02-26,LA PAMPA,EDUARDO CASTEX,300
2026-02-26,LA PAMPA,GENERAL PICO,3990
2026-02-26,LA PAMPA,INTENDENTE ALVEAR,5900
2026-02-26,LA PAMPA,QUEMU-QUEMU,418
2026-02-26,LA PAMPA,TRENEL,120
2026-02-26,SALTA,ANTILLA,2000
2026-02-26,SALTA,EL GALPON,3000
2026-02-26,SALTA,LA CANDELARIA,500
2026-02-26,SALTA,LAS LAJITAS,500
2026-02-26,SALTA,METAN,300
2026-02-26,SALTA,PIQUETE CABADO,240
2026-02-26,SALTA,RIO DEL VALLE,1000
2026-02-26,SALTA,SAN JOSE DE ORQUERAS,720
2026-02-26,SAN LUIS,BAGUAL,1200
2026-02-26,SAN LUIS,ELEODORO LOBOS,500
2026-02-26,SAN LUIS,FRAGA,900
2026-02-26,SAN LUIS,JUSTO DARACT,120
2026-02-26,SAN LUIS,PUNILLA,1511
2026-02-26,SANTA FE,AREQUITO,210
2026-02-26,SANTA FE,ARMSTRONG,600
2026-02-26,SANTA FE,ARRUFO,30
2026-02-26,SANTA FE,BERNARDO DE IRIGOYEN,150
2026-02-26,SANTA FE,BIGAND,7000
2026-02-26,SANTA FE,BOUQUET,120
2026-02-26,SANTA FE,BUSTINZA,400
2026-02-26,SANTA FE,CABAL,70
2026-02-26,SANTA FE,CARCARAÑA,390
2026-02-26,SANTA FE,CARLOS PELLEGRINI,1000
2026-02-26,SANTA FE,CARRERAS,150
2026-02-26,SANTA FE,CASILDA,20
2026-02-26,SANTA FE,CAÑADA DE GOMEZ,7000
2026-02-26,SANTA FE,CHAPUY,2240
2026-02-26,SANTA FE,DIAZ,60
2026-02-26,SANTA FE,FIGHIERA,1000
2026-02-26,SANTA FE,GALVEZ,300
2026-02-26,SANTA FE,GOBERNADOR CANDIOTI,60
2026-02-26,SANTA FE,GODOY,60
2026-02-26,SANTA FE,IRIGOYEN,130
2026-02-26,SANTA FE,LA JOSEFINA,180
2026-02-26,SANTA FE,LA PELADA,90
2026-02-26,SANTA FE,LAS PAREJAS,59
2026-02-26,SANTA FE,LAS ROSAS,3740
2026-02-26,SANTA FE,LLAMBI CAMPBELL,120
2026-02-26,SANTA FE,LOS MOLINOS,500
2026-02-26,SANTA FE,LUIS PALACIOS,520
2026-02-26,SANTA FE,MANUCHO,360
2026-02-26,SANTA FE,MARIA JUANA,1712
2026-02-26,SANTA FE,MARIA SUSANA,227
2026-02-26,SANTA FE,MONTES DE OCA,95
2026-02-26,SANTA FE,PAZ,300
2026-02-26,SANTA FE,PILAR,700
2026-02-26,SANTA FE,POZO BORRADO,35
2026-02-26,SANTA FE,PUERTO GRAL SAN MARTIN,1000
2026-02-26,SANTA FE,RAFAELA,1000
2026-02-26,SANTA FE,RECONQUISTA,30
2026-02-26,SANTA FE,ROLDAN,1510
2026-02-26,SANTA FE,ROSARIO,3600
2026-02-26,SANTA FE,RUFINO,280
2026-02-26,SANTA FE,SA PEREIRA,120
2026-02-26,SANTA FE,SAN JERONIMO SUD,30
2026-02-26,SANTA FE,SAN JUSTO,1620
2026-02-26,SANTA FE,SAN LORENZO,452
2026-02-26,SANTA FE,SAN MARCOS DE VENADO,12000
2026-02-26,SANTA FE,SAN RICARDO,35
2026-02-26,SANTA FE,SANTA CLARA DE BUENA,1050
2026-02-26,SANTA FE,SANTA FE,3545
2026-02-26,SANTA FE,SUARDI,60
2026-02-26,SANTA FE,TEODELINA,300
2026-02-26,SANTA FE,VENADO TUERTO,29940
2026-02-26,SANTA FE,VIDELA,420
2026-02-26,SANTA FE,VILLA CAÑAS,60
2026-02-26,SANTA FE,VILLA ELOISA,120
2026-02-26,SANTA FE,VILLA TRINIDAD,680
2026-02-26,SANTIAGO DEL ESTERO,AVERIAS,12
2026-02-26,SANTIAGO DEL ESTERO,BANDERA,1067
2026-02-26,SANTIAGO DEL ESTERO,EL BOBADAL,500
2026-02-26,SANTIAGO DEL ESTERO,QUIMILI,5500
2026-02-26,SANTIAGO DEL ESTERO,RAPELLI,1500
2026-02-26,SANTIAGO DEL ESTERO,SANTIAGO DEL ESTERO,1031
2026-02-26,SANTIAGO DEL ESTERO,WEISBURD,500
2026-02-26,TUCUMÁN,GOBERNADOR GARMENDIA,500
2026-02-26,TUCUMÁN,LEALES,150
2026-02-26,TUCUMÁN,TACO RALO,200
2026-02-27,BUENOS AIRES,ACEVEDO,300
2026-02-27,BUENOS AIRES,ALBERTI,90
2026-02-27,BUENOS AIRES,AMERICA,7359
2026-02-27,BUENOS AIRES,ANDRES VACCAREZZA,30
2026-02-27,BUENOS AIRES,ARRECIFES,1150
2026-02-27,BUENOS AIRES,ARROYO AGUAS BLANCAS,90
2026-02-27,BUENOS AIRES,AZUL,180
2026-02-27,BUENOS AIRES,BAHIA BLANCA,1330
2026-02-27,BUENOS AIRES,BALCARCE,120
2026-02-27,BUENOS AIRES,BANDERALO,500
2026-02-27,BUENOS AIRES,BARADERO,300
2026-02-27,BUENOS AIRES,BARRIO OESTE,300
2026-02-27,BUENOS AIRES,BARRIO VILLA GAUCHO,2000
2026-02-27,BUENOS AIRES,BELLOCQ,150
2026-02-27,BUENOS AIRES,BRAGADO,4000
2026-02-27,BUENOS AIRES,CAPILLA DEL SEÑOR,90
2026-02-27,BUENOS AIRES,CARLOS CASARES,6590
2026-02-27,BUENOS AIRES,CAÑADA MARIANO (EMBA,500
2026-02-27,BUENOS AIRES,CHACABUCO,1000
2026-02-27,BUENOS AIRES,CHIVILCOY,133
2026-02-27,BUENOS AIRES,COLON,500
2026-02-27,BUENOS AIRES,CONESA,300
2026-02-27,BUENOS AIRES,CORONEL DORREGO,300
2026-02-27,BUENOS AIRES,CORONEL SEGUI,1000
2026-02-27,BUENOS AIRES,CORONEL SUAREZ,470
2026-02-27,BUENOS AIRES,DAIREAUX,1418
2026-02-27,BUENOS AIRES,DARREGUEIRA,2720
2026-02-27,BUENOS AIRES,DUGGAN,500
2026-02-27,BUENOS AIRES,ESPARTILLAR (GRAL. P,4000
2026-02-27,BUENOS AIRES,GENERAL MADARIAGA,1000
2026-02-27,BUENOS AIRES,GENERAL VILLEGAS,5460
2026-02-27,BUENOS AIRES,GONZALES CHAVES,5000
2026-02-27,BUENOS AIRES,JUNIN,60
2026-02-27,BUENOS AIRES,LINCOLN,3200
2026-02-27,BUENOS AIRES,LOBERIA,590
2026-02-27,BUENOS AIRES,LOBOS,120
2026-02-27,BUENOS AIRES,MICAELA CASCALLARES,3000
2026-02-27,BUENOS AIRES,NAVARRO,180
2026-02-27,BUENOS AIRES,NECOCHEA,500
2026-02-27,BUENOS AIRES,PEHUAJO,5500
2026-02-27,BUENOS AIRES,PIGUE,300
2026-02-27,BUENOS AIRES,ROJAS,230
2026-02-27,BUENOS AIRES,SALLIQUELO,1000
2026-02-27,BUENOS AIRES,SALTO,6000
2026-02-27,BUENOS AIRES,SAN NICOLAS,180
2026-02-27,BUENOS AIRES,SARASA,500
2026-02-27,BUENOS AIRES,TANDIL,2000
2026-02-27,BUENOS AIRES,TRENQUE LAUQUEN,6364
2026-02-27,BUENOS AIRES,TRES ALGARROBOS,500
2026-02-27,BUENOS AIRES,VICENTE LOPEZ,30
2026-02-27,CHACO,BASAIL,12
2026-02-27,CHACO,CONCEPCION DEL BERME,120
2026-02-27,CHACO,GANCEDO,123
2026-02-27,CHACO,GENERAL PINEDO,253
2026-02-27,CHACO,LAS BREÑAS,48
2026-02-27,CHACO,LOS FRENTONES,18
2026-02-27,CHACO,VILLA ANGELA,52
2026-02-27,CIUDAD AUTÓNOMA DE BUENOS AIRES,CAPITAL FEDERAL,20000
2026-02-27,CÓRDOBA,ABBURRA,210
2026-02-27,CÓRDOBA,ALEJANDRO ROCA,245
2026-02-27,CÓRDOBA,ARIAS,180
2026-02-27,CÓRDOBA,ATAHONA,30
2026-02-27,CÓRDOBA,BELL VILLE,150
2026-02-27,CÓRDOBA,CALCHIN,520
2026-02-27,CÓRDOBA,CANALS,2300
2026-02-27,CÓRDOBA,CAPITAN GENERAL BERN,180
2026-02-27,CÓRDOBA,CHAJAN,210
2026-02-27,CÓRDOBA,CHUÑA,452
2026-02-27,CÓRDOBA,COLONIA ALMADA,100
2026-02-27,CÓRDOBA,COLONIA BISMARCK,210
2026-02-27,CÓRDOBA,CORDOBA,120
2026-02-27,CÓRDOBA,CORONEL MOLDES,180
2026-02-27,CÓRDOBA,CRUZ ALTA,301
2026-02-27,CÓRDOBA,GENERAL CABRERA,100
2026-02-27,CÓRDOBA,GENERAL LEVALLE,1891
2026-02-27,CÓRDOBA,GENERAL ROCA,117
2026-02-27,CÓRDOBA,GUATIMOZIN,300
2026-02-27,CÓRDOBA,HERNANDO,1200
2026-02-27,CÓRDOBA,HIPOLITO BOUCHARD,1570
2026-02-27,CÓRDOBA,HUINCA RENANCO,1000
2026-02-27,CÓRDOBA,ITALO,120
2026-02-27,CÓRDOBA,JESUS MARIA,208
2026-02-27,CÓRDOBA,JUSTINIANO POSSE,4680
2026-02-27,CÓRDOBA,LABOULAYE,400
2026-02-27,CÓRDOBA,LAS ACEQUIAS,300
2026-02-27,CÓRDOBA,LOS COMETIERRA,120
2026-02-27,CÓRDOBA,LOS SURGENTES,1
2026-02-27,CÓRDOBA,LUQUE,300
2026-02-27,CÓRDOBA,MARCOS JUAREZ,2070
2026-02-27,CÓRDOBA,MATORRALES,1500
2026-02-27,CÓRDOBA,MATTALDI,1000
2026-02-27,CÓRDOBA,MONTE BUEY,1130
2026-02-27,CÓRDOBA,MONTE CRISTO,500
2026-02-27,CÓRDOBA,MONTE MAIZ,2600
2026-02-27,CÓRDOBA,MORRISON,30
2026-02-27,CÓRDOBA,OLIVA,594
2026-02-27,CÓRDOBA,PIQUILLIN,30
2026-02-27,CÓRDOBA,QUEBRACHO HERRADO,120
2026-02-27,CÓRDOBA,REDUCCION,550
2026-02-27,CÓRDOBA,RIO CUARTO,6347
2026-02-27,CÓRDOBA,RIO PRIMERO,1583
2026-02-27,CÓRDOBA,RIO TERCERO,245
2026-02-27,CÓRDOBA,SAMPACHO,220
2026-02-27,CÓRDOBA,SINSACATE,480
2026-02-27,CÓRDOBA,TRANSITO,400
2026-02-27,CÓRDOBA,VICUÑA MACKENNA,2719
2026-02-27,ENTRE RÍOS,ALDEA MARIA LUISA,2000
2026-02-27,ENTRE RÍOS,COSTA URUGUAY,5000
2026-02-27,ENTRE RÍOS,CRESPO,2500
2026-02-27,ENTRE RÍOS,CRUCESITAS 7A. SECCI,33
2026-02-27,ENTRE RÍOS,CRUCESITAS 8A. SECCI,21
2026-02-27,ENTRE RÍOS,DIAMANTE,15
2026-02-27,ENTRE RÍOS,FEDERAL,90
2026-02-27,ENTRE RÍOS,GENERAL RAMIREZ,5000
2026-02-27,ENTRE RÍOS,GUALEGUAY,2149
2026-02-27,ENTRE RÍOS,GUALEGUAYCHU,34
2026-02-27,ENTRE RÍOS,LA PAZ,3800
2026-02-27,ENTRE RÍOS,LARROQUE,300
2026-02-27,ENTRE RÍOS,LOS CONQUISTADORES,2000
2026-02-27,ENTRE RÍOS,LUCAS GONZALEZ,400
2026-02-27,ENTRE RÍOS,MARIA GRANDE,60
2026-02-27,ENTRE RÍOS,PAJONAL,1000
2026-02-27,ENTRE RÍOS,RINCON DEL DOLL,300
2026-02-27,ENTRE RÍOS,SANTA ELENA (ARROYO,359
2026-02-27,ENTRE RÍOS,TALITA,60
2026-02-27,ENTRE RÍOS,URDINARRAIN,1060
2026-02-27,ENTRE RÍOS,VIALE,162
2026-02-27,ENTRE RÍOS,VICTORIA,1000
2026-02-27,ENTRE RÍOS,VILLA MANTERO,311
2026-02-27,ENTRE RÍOS,VILLAGUAY,175
2026-02-27,LA PAMPA,AGUSTONI,600
2026-02-27,LA PAMPA,BERNARDO LARROUDE,3260
2026-02-27,LA PAMPA,CATRILO,6700
2026-02-27,LA PAMPA,CEBALLOS,105
2026-02-27,LA PAMPA,COLONIA BARON,60
2026-02-27,LA PAMPA,DORILA,1500
2026-02-27,LA PAMPA,GENERAL PICO,2831
2026-02-27,LA PAMPA,INTENDENTE ALVEAR,2290
2026-02-27,LA PAMPA,QUEMU-QUEMU,300
2026-02-27,LA PAMPA,REALICO,120
2026-02-27,LA PAMPA,TRENEL,90
2026-02-27,SALTA,EL TUNAL (DPTO. META,300
2026-02-27,SALTA,GENERAL PIZARRO,1500
2026-02-27,SALTA,JOAQUIN V. GONZALEZ,400
2026-02-27,SALTA,LAS LAJITAS,300
2026-02-27,SALTA,METAN,1000
2026-02-27,SAN LUIS,SAN LUIS,196
2026-02-27,SAN LUIS,VILLA MERCEDES,202
2026-02-27,SANTA FE,ALCORTA DTO CONSTITU,390
2026-02-27,SANTA FE,ARMSTRONG,1090
2026-02-27,SANTA FE,AROCENA,204
2026-02-27,SANTA FE,ARROYO CEIBAL,7
2026-02-27,SANTA FE,ARROYO SECO,1000
2026-02-27,SANTA FE,AVICHUCHO,30
2026-02-27,SANTA FE,BARRANCAS,480
2026-02-27,SANTA FE,BERABEVU,1000
2026-02-27,SANTA FE,BERNARDO DE IRIGOYEN,90
2026-02-27,SANTA FE,BIGAND,2097
2026-02-27,SANTA FE,BUSTINZA,300
2026-02-27,SANTA FE,CARCARAÑA,300
2026-02-27,SANTA FE,CAVOUR,248
2026-02-27,SANTA FE,CAÑADA ROSQUIN,1080
2026-02-27,SANTA FE,CENTENO,420
2026-02-27,SANTA FE,CHAPUY,800
2026-02-27,SANTA FE,CHRISTOPHERSEN,750
2026-02-27,SANTA FE,DIAZ,60
2026-02-27,SANTA FE,ESTACION CLUCELLAS,180
2026-02-27,SANTA FE,FRANCK,600
2026-02-27,SANTA FE,FUNES,90
2026-02-27,SANTA FE,GENERAL LAGOS,400
2026-02-27,SANTA FE,HUGHES,1300
2026-02-27,SANTA FE,INGENIERO CHANOURDIE,102
2026-02-27,SANTA FE,IRIGOYEN,250
2026-02-27,SANTA FE,LA PELADA,438
2026-02-27,SANTA FE,LANDETA,240
2026-02-27,SANTA FE,LAS PAREJAS,118
2026-02-27,SANTA FE,LAS PETACAS,180
2026-02-27,SANTA FE,LAS ROSAS,2826
2026-02-27,SANTA FE,LLAMBI CAMPBELL,30
2026-02-27,SANTA FE,LOS MOLINOS,500
2026-02-27,SANTA FE,LUIS PALACIOS,5360
2026-02-27,SANTA FE,MARIA JUANA,1030
2026-02-27,SANTA FE,MARIA SUSANA,150
2026-02-27,SANTA FE,MONTE VERA,60
2026-02-27,SANTA FE,PAVON ARRIBA,120
2026-02-27,SANTA FE,PAZ,710
2026-02-27,SANTA FE,PILAR,1120
2026-02-27,SANTA FE,POZO BORRADO,46
2026-02-27,SANTA FE,PROGRESO,60
2026-02-27,SANTA FE,PUERTO GRAL SAN MARTIN,1650
2026-02-27,SANTA FE,RAFAELA,700
2026-02-27,SANTA FE,RAMAYON,30
2026-02-27,SANTA FE,RICARDONE,60
2026-02-27,SANTA FE,ROLDAN,2000
2026-02-27,SANTA FE,ROSARIO,2330
2026-02-27,SANTA FE,RUFINO,6620
2026-02-27,SANTA FE,SAN GUILLERMO (LAGUN,500
2026-02-27,SANTA FE,SAN JERONIMO SUD,825
2026-02-27,SANTA FE,SAN JUSTO,65
2026-02-27,SANTA FE,SAN LORENZO,8500
2026-02-27,SANTA FE,SAN MARCELO,200
2026-02-27,SANTA FE,SAN MARCOS DE VENADO,4600
2026-02-27,SANTA FE,SAN MARTIN DE LAS ES,14000
2026-02-27,SANTA FE,SAN RICARDO,1701
2026-02-27,SANTA FE,SAN VICENTE (DPTO. C,90
2026-02-27,SANTA FE,SANTA FE,300
2026-02-27,SANTA FE,SERODINO,30
2026-02-27,SANTA FE,SOLEDAD,312
2026-02-27,SANTA FE,TEODELINA,2900
2026-02-27,SANTA FE,TOSTADO,31
2026-02-27,SANTA FE,VENADO TUERTO,14630
2026-02-27,SANTA FE,VIDELA,91
2026-02-27,SANTA FE,VILLA CAÑAS,3250
2026-02-27,SANTA FE,VILLA OCAMPO,467
2026-02-27,SANTIAGO DEL ESTERO,AGUAS COLORADAS,4
2026-02-27,SANTIAGO DEL ESTERO,ISCA YACU,500
2026-02-27,SANTIAGO DEL ESTERO,PAMPA DE LOS GUANACO,159
2026-02-27,SANTIAGO DEL ESTERO,QUIMILI,95
2026-02-27,SANTIAGO DEL ESTERO,SACHAYOJ,400
2026-02-27,SANTIAGO DEL ESTERO,SANTIAGO DEL ESTERO,90
2026-02-27,TUCUMÁN,SIMOCA,230
2026-02-28,BUENOS AIRES,GENERAL VILLEGAS,810
2026-02-28,BUENOS AIRES,ROJAS,750
2026-02-28,BUENOS AIRES,TRENQUE LAUQUEN,929
2026-02-28,CÓRDOBA,GENERAL ROCA,90
2026-02-28,CÓRDOBA,GUATIMOZIN,30
2026-02-28,CÓRDOBA,OLIVA,30
2026-02-28,ENTRE RÍOS,LUCAS GONZALEZ,210
2026-02-28,SANTA FE,ARTEAGA,210
2026-02-28,SANTA FE,BUSTINZA,600
2026-02-28,SANTA FE,CONSTANZA,60
2026-02-28,SANTA FE,LAS ROSAS,120
2026-02-28,SANTA FE,PROVIDENCIA,30
2026-02-28,SANTA FE,SAN JERONIMO SUD,300
2026-02-28,SANTA FE,SAN JUSTO,259
2026-02-28,SANTA FE,SAN LORENZO,2000
2026-02-28,SANTA FE,TOTORAS,450
2026-02-28,SANTA FE,VENADO TUERTO,5656
2026-03-01,CÓRDOBA,GENERAL BALDISSERA,180
2026-03-01,SANTA FE,SAN JUSTO,1380
2026-03-02,BUENOS AIRES,ADOLFO GONZALES CHAVEZ,1770
2026-03-02,BUENOS AIRES,ALBERTI,210
2026-03-02,BUENOS AIRES,ARRECIFES,450
2026-03-02,BUENOS AIRES,ASCENSION,500
2026-03-02,BUENOS AIRES,AZUL,400
2026-03-02,BUENOS AIRES,BAHIA BLANCA,1000
2026-03-02,BUENOS AIRES,BARADERO,150
2026-03-02,BUENOS AIRES,BRAGADO,60
2026-03-02,BUENOS AIRES,CARHUE,500
2026-03-02,BUENOS AIRES,CARLOS CASARES,270
2026-03-02,BUENOS AIRES,CHIVILCOY,802
2026-03-02,BUENOS AIRES,COLON,60
2026-03-02,BUENOS AIRES,GENERAL VILLEGAS,500
2026-03-02,BUENOS AIRES,GONZALES CHAVES,1500
2026-03-02,BUENOS AIRES,LIMA,90
2026-03-02,BUENOS AIRES,LINCOLN,1500
2026-03-02,BUENOS AIRES,LOBERIA,1000
2026-03-02,BUENOS AIRES,LOBOS,120
2026-03-02,BUENOS AIRES,LOS TOLDOS,70
2026-03-02,BUENOS AIRES,MAR DEL PLATA,2000
2026-03-02,BUENOS AIRES,PEHUAJO,38
2026-03-02,BUENOS AIRES,PEREZ MILLAN,600
2026-03-02,BUENOS AIRES,PILAR,3375
2026-03-02,BUENOS AIRES,QUEQUEN,1000
2026-03-02,BUENOS AIRES,SAN CARLOS,300
2026-03-02,BUENOS AIRES,SAN PEDRO,240
2026-03-02,BUENOS AIRES,SOLIS,1000
2026-03-02,BUENOS AIRES,TRES ARROYOS,360
2026-03-02,BUENOS AIRES,VUELTA DE OBLIGADO,1009
2026-03-02,CIUDAD AUTÓNOMA DE BUENOS AIRES,CAPITAL FEDERAL,2000
2026-03-02,CÓRDOBA,ABBURRA,10
2026-03-02,CÓRDOBA,ALCIRA,90
2026-03-02,CÓRDOBA,BELL VILLE,360
2026-03-02,CÓRDOBA,CANDELARIA SUD,50
2026-03-02,CÓRDOBA,CAVANAGH,120
2026-03-02,CÓRDOBA,CHAZON,35
2026-03-02,CÓRDOBA,CHAÑARITOS,32
2026-03-02,CÓRDOBA,COLONIA BISMARCK,89
2026-03-02,CÓRDOBA,COLONIA CAROYA,300
2026-03-02,CÓRDOBA,COLONIA DEAN FUNES,36
2026-03-02,CÓRDOBA,COLONIA MARINA,23
2026-03-02,CÓRDOBA,COLONIA TIROLESA,90
2026-03-02,CÓRDOBA,DEVOTO,60
2026-03-02,CÓRDOBA,ELENA,200
2026-03-02,CÓRDOBA,ETRURIA,600
2026-03-02,CÓRDOBA,GENERAL ROCA,60
2026-03-02,CÓRDOBA,GUATIMOZIN,60
2026-03-02,CÓRDOBA,JUSTINIANO POSSE,10950
2026-03-02,CÓRDOBA,LA CARLOTA,182
2026-03-02,CÓRDOBA,LABOULAYE,200
2026-03-02,CÓRDOBA,LAS BAJADAS,200
2026-03-02,CÓRDOBA,MARCOS JUAREZ,670
2026-03-02,CÓRDOBA,MATORRALES,880
2026-03-02,CÓRDOBA,MONTE BUEY,600
2026-03-02,CÓRDOBA,MONTE CRISTO,60
2026-03-02,CÓRDOBA,MONTE MAIZ,1200
2026-03-02,CÓRDOBA,MORRISON,205
2026-03-02,CÓRDOBA,NOETINGER,60
2026-03-02,CÓRDOBA,OBISPO TREJO,2500
2026-03-02,CÓRDOBA,PASCANAS,252
2026-03-02,CÓRDOBA,PILAR,1000
2026-03-02,CÓRDOBA,PORTEÑA,1035
2026-03-02,CÓRDOBA,RIO CUARTO,1060
2026-03-02,CÓRDOBA,RIO PRIMERO,439
2026-03-02,CÓRDOBA,SAMPACHO,68
2026-03-02,CÓRDOBA,SAN ANTONIO DE LITIN,67
2026-03-02,CÓRDOBA,SAN FRANCISCO (DPTO.,30
2026-03-02,CÓRDOBA,SAN MARCOS SUD,120
2026-03-02,CÓRDOBA,SINSACATE,182
2026-03-02,CÓRDOBA,TRANSITO,1410
2026-03-02,CÓRDOBA,VICUÑA MACKENNA,30
2026-03-02,ENTRE RÍOS,ARROYO BARU,314
2026-03-02,ENTRE RÍOS,ARROYO LAS TUNAS,35
2026-03-02,ENTRE RÍOS,COLON,843
2026-03-02,ENTRE RÍOS,COLONIA BAILINA,101
2026-03-02,ENTRE RÍOS,COLONIA LA PAZ,94
2026-03-02,ENTRE RÍOS,COLONIA LAS PEPAS,223
2026-03-02,ENTRE RÍOS,CRESPO,1500
2026-03-02,ENTRE RÍOS,CRUCESITAS 7A. SECCI,50
2026-03-02,ENTRE RÍOS,DISTRITO TALA,74
2026-03-02,ENTRE RÍOS,DON CRISTOBAL,14
2026-03-02,ENTRE RÍOS,EL PALENQUE,30
2026-03-02,ENTRE RÍOS,EL POTRERO,715
2026-03-02,ENTRE RÍOS,FEDERAL,91
2026-03-02,ENTRE RÍOS,GALARZA,215
2026-03-02,ENTRE RÍOS,GENACITO,308
2026-03-02,ENTRE RÍOS,GUALEGUAY,1139
2026-03-02,ENTRE RÍOS,GUALEGUAYCHU,2371
2026-03-02,ENTRE RÍOS,HAMBIS,92
2026-03-02,ENTRE RÍOS,INGENIERO MIGUEL SAJ,762
2026-03-02,ENTRE RÍOS,LA PAZ,2802
2026-03-02,ENTRE RÍOS,LARROQUE,260
2026-03-02,ENTRE RÍOS,LAS TUNAS,31
2026-03-02,ENTRE RÍOS,MARIA GRANDE,155
2026-03-02,ENTRE RÍOS,PAJONAL,2300
2026-03-02,ENTRE RÍOS,PALAVECINO,171
2026-03-02,ENTRE RÍOS,ROSARIO DEL TALA,58
2026-03-02,ENTRE RÍOS,SAGASTUME (CEIBAS-DP,93
2026-03-02,ENTRE RÍOS,SAN SALVADOR,300
2026-03-02,ENTRE RÍOS,SANTA ANITA,96
2026-03-02,ENTRE RÍOS,SANTA ELENA (ARROYO,52
2026-03-02,ENTRE RÍOS,TABOSSI,23
2026-03-02,ENTRE RÍOS,URDINARRAIN,2700
2026-03-02,ENTRE RÍOS,VIALE,106
2026-03-02,ENTRE RÍOS,VICTORIA,800
2026-03-02,ENTRE RÍOS,VILLA ELISA,123
2026-03-02,ENTRE RÍOS,VILLA FONTANA,92
2026-03-02,ENTRE RÍOS,VILLAGUAY,66
2026-03-02,LA PAMPA,EDUARDO CASTEX,2750
2026-03-02,LA PAMPA,SANTA ROSA,240
2026-03-02,SAN LUIS,CONCARAN,120
2026-03-02,SANTA FE,ARMSTRONG,500
2026-03-02,SANTA FE,ARROYO AGUIAR,60
2026-03-02,SANTA FE,ARROYO CEIBAL,300
2026-03-02,SANTA FE,BARRANCAS,930
2026-03-02,SANTA FE,BERNARDO DE IRIGOYEN,270
2026-03-02,SANTA FE,BIGAND,10300
2026-03-02,SANTA FE,CALCHAQUI,90
2026-03-02,SANTA FE,CAMPO MEDINA,150
2026-03-02,SANTA FE,CARCARAÑA,420
2026-03-02,SANTA FE,CAÑADA DEL UCLE,360
2026-03-02,SANTA FE,CAÑADA ROSQUIN,900
2026-03-02,SANTA FE,CHAPUY,838
2026-03-02,SANTA FE,CLUCELLAS,60
2026-03-02,SANTA FE,COLONIA CRESPO,300
2026-03-02,SANTA FE,COLONIA MASCIAS,30
2026-03-02,SANTA FE,CULULU,30
2026-03-02,SANTA FE,DIAZ,300
2026-03-02,SANTA FE,ESMERALDA,88
2026-03-02,SANTA FE,GOBERNADOR CANDIOTI,11
2026-03-02,SANTA FE,GODOY,150
2026-03-02,SANTA FE,HUGHES,1000
2026-03-02,SANTA FE,IRIGOYEN,340
2026-03-02,SANTA FE,LA CAMILA,500
2026-03-02,SANTA FE,LA JOSEFINA,300
2026-03-02,SANTA FE,LANDETA,30
2026-03-02,SANTA FE,LAS PAREJAS,300
2026-03-02,SANTA FE,LAS PETACAS,210
2026-03-02,SANTA FE,LAS ROSAS,935
2026-03-02,SANTA FE,LEHMANN,240
2026-03-02,SANTA FE,LLAMBI CAMPBELL,148
2026-03-02,SANTA FE,LOS MOLINOS,500
2026-03-02,SANTA FE,LUIS PALACIOS,580
2026-03-02,SANTA FE,MARIA JUANA,8800
2026-03-02,SANTA FE,MARIA SUSANA,200
2026-03-02,SANTA FE,MURPHY,510
2026-03-02,SANTA FE,PAZ,500
2026-03-02,SANTA FE,PILAR,2800
2026-03-02,SANTA FE,PUERTO GRAL SAN MARTIN,2260
2026-03-02,SANTA FE,RAFAELA,1099
2026-03-02,SANTA FE,RAMAYON,30
2026-03-02,SANTA FE,RECONQUISTA,90
2026-03-02,SANTA FE,ROLDAN,3666
2026-03-02,SANTA FE,ROSARIO,6556
2026-03-02,SANTA FE,SAGUIER,60
2026-03-02,SANTA FE,SALADERO M. CABAL,60
2026-03-02,SANTA FE,SALTO GRANDE,270
2026-03-02,SANTA FE,SAN GUILLERMO (DPTO.,200
2026-03-02,SANTA FE,SAN JERONIMO SUD,73
2026-03-02,SANTA FE,SAN LORENZO,3100
2026-03-02,SANTA FE,SAN MARCOS DE VENADO,33
2026-03-02,SANTA FE,SANTA FE,420
2026-03-02,SANTA FE,SANTO DOMINGO,120
2026-03-02,SANTA FE,SUNCHALES,30
2026-03-02,SANTA FE,VENADO TUERTO,1000
2026-03-02,SANTA FE,VIDELA,660
2026-03-02,SANTA FE,VILLA CAÑAS,630
2026-03-02,SANTA FE,VILLA ELOISA,120
2026-03-02,SANTIAGO DEL ESTERO,BANDERA,11
2026-03-02,SANTIAGO DEL ESTERO,ISCA YACU,200
2026-03-02,SANTIAGO DEL ESTERO,SANTIAGO DEL ESTERO,120
2026-03-02,SANTIAGO DEL ESTERO,TOMAS YOUNG,9000
2026-03-03,BUENOS AIRES,9 DE JULIO,7800
2026-03-03,BUENOS AIRES,ACEVEDO,200
2026-03-03,BUENOS AIRES,ALBERTI,1550
2026-03-03,BUENOS AIRES,AMERICA,1805
2026-03-03,BUENOS AIRES,ARRIBEÑOS,24
2026-03-03,BUENOS AIRES,BAHIA BLANCA,1250
2026-03-03,BUENOS AIRES,BARADERO,60
2026-03-03,BUENOS AIRES,BRAGADO,5300
2026-03-03,BUENOS AIRES,CARHUE,580
2026-03-03,BUENOS AIRES,CARLOS CASARES,4000
2026-03-03,BUENOS AIRES,CARMEN DE ARECO,1399
2026-03-03,BUENOS AIRES,CHACABUCO,4099
2026-03-03,BUENOS AIRES,CHIVILCOY,90
2026-03-03,BUENOS AIRES,COLON,1120
2026-03-03,BUENOS AIRES,CORONEL DORREGO,590
2026-03-03,BUENOS AIRES,CORONEL PRINGLES,400
2026-03-03,BUENOS AIRES,DAIREAUX,600
2026-03-03,BUENOS AIRES,DARREGUEIRA,690
2026-03-03,BUENOS AIRES,DUGGAN,120
2026-03-03,BUENOS AIRES,GENERAL VILLEGAS,420
2026-03-03,BUENOS AIRES,GOBERNADOR CASTRO,150
2026-03-03,BUENOS AIRES,GUAMINI,120
2026-03-03,BUENOS AIRES,JUNIN,1000
2026-03-03,BUENOS AIRES,LINCOLN,900
2026-03-03,BUENOS AIRES,LOBERIA,1490
2026-03-03,BUENOS AIRES,LOS TOLDOS,180
2026-03-03,BUENOS AIRES,PEHUAJO,1300
2026-03-03,BUENOS AIRES,PERGAMINO,1000
2026-03-03,BUENOS AIRES,PIGUE,120
2026-03-03,BUENOS AIRES,ROJAS,160
2026-03-03,BUENOS AIRES,SALLIQUELO,25
2026-03-03,BUENOS AIRES,SAN ANTONIO DE ARECO,330
2026-03-03,BUENOS AIRES,SAN MIGUEL DEL MONTE,500
2026-03-03,BUENOS AIRES,TRENQUE LAUQUEN,788
2026-03-03,BUENOS AIRES,TRES ARROYOS,420
2026-03-03,BUENOS AIRES,TRES LOMAS,764
2026-03-03,BUENOS AIRES,VEDIA,491
2026-03-03,CHACO,CAMPO LARGO,500
2026-03-03,CHACO,LOS FRENTONES,600
2026-03-03,CHACO,PAMPA DEL INFIERNO,500
2026-03-03,CIUDAD AUTÓNOMA DE BUENOS AIRES,CAPITAL FEDERAL,2700
2026-03-03,CÓRDOBA,ALEJO LEDESMA,90
2026-03-03,CÓRDOBA,BELL VILLE,590
2026-03-03,CÓRDOBA,BERROTARAN,1500
2026-03-03,CÓRDOBA,CAPITAN GENERAL BERN,200
2026-03-03,CÓRDOBA,CAVANAGH,39
2026-03-03,CÓRDOBA,CHAJAN,299
2026-03-03,CÓRDOBA,CHAÑARITOS,102
2026-03-03,CÓRDOBA,CHUCUL,65
2026-03-03,CÓRDOBA,CHUÑA,29
2026-03-03,CÓRDOBA,COLONIA ALMADA,121
2026-03-03,CÓRDOBA,COLONIA ARROYO DE AL,520
2026-03-03,CÓRDOBA,COLONIA BISMARCK,4
2026-03-03,CÓRDOBA,CRUZ ALTA,302
2026-03-03,CÓRDOBA,DEL CAMPILLO,360
2026-03-03,CÓRDOBA,DEVOTO,247
2026-03-03,CÓRDOBA,EL TIO,23
2026-03-03,CÓRDOBA,ELENA,200
2026-03-03,CÓRDOBA,FREYRE,150
2026-03-03,CÓRDOBA,HERNANDO,150
2026-03-03,CÓRDOBA,HUINCA RENANCO,1037
2026-03-03,CÓRDOBA,INRIVILLE,800
2026-03-03,CÓRDOBA,ITALO,125
2026-03-03,CÓRDOBA,JESUS MARIA,2866
2026-03-03,CÓRDOBA,JUSTINIANO POSSE,5000
2026-03-03,CÓRDOBA,LA TORDILLA NORTE,180
2026-03-03,CÓRDOBA,LABOULAYE,1977
2026-03-03,CÓRDOBA,LAS VARILLAS,300
2026-03-03,CÓRDOBA,LOS CISNES,60
2026-03-03,CÓRDOBA,LOS COMETIERRA,142
2026-03-03,CÓRDOBA,LUQUE,60
2026-03-03,CÓRDOBA,MARCOS JUAREZ,6480
2026-03-03,CÓRDOBA,MONTE CRISTO,30
2026-03-03,CÓRDOBA,PASCANAS,83
2026-03-03,CÓRDOBA,PORTEÑA,121
2026-03-03,CÓRDOBA,RIO CUARTO,6390
2026-03-03,CÓRDOBA,RIO PRIMERO,519
2026-03-03,CÓRDOBA,RIO TERCERO,570
2026-03-03,CÓRDOBA,UCACHA,300
2026-03-03,CÓRDOBA,VILLA DEL TOTORAL,300
2026-03-03,CÓRDOBA,VILLA HUIDOBRO,360
2026-03-03,ENTRE RÍOS,ALCARAZ,100
2026-03-03,ENTRE RÍOS,ALDEA MARIA LUISA,38
2026-03-03,ENTRE RÍOS,ALDEA PROTESTANTE,40
2026-03-03,ENTRE RÍOS,ALDEA SALTO,16
2026-03-03,ENTRE RÍOS,BARRIO BELGRANO,30
2026-03-03,ENTRE RÍOS,BASAVILBASO,27
2026-03-03,ENTRE RÍOS,COSTA GRANDE,74
2026-03-03,ENTRE RÍOS,COSTA GRANDE DOLL,60
2026-03-03,ENTRE RÍOS,DON CRISTOBAL,83
2026-03-03,ENTRE RÍOS,EL PINGO,316
2026-03-03,ENTRE RÍOS,GENERAL RAMIREZ,2000
2026-03-03,ENTRE RÍOS,GILBERT,138
2026-03-03,ENTRE RÍOS,LA PAZ,1450
2026-03-03,ENTRE RÍOS,LARROQUE,1196
2026-03-03,ENTRE RÍOS,LIBAROS,67
2026-03-03,ENTRE RÍOS,NOGOYA,1800
2026-03-03,ENTRE RÍOS,PRIMERO DE MAYO,30
2026-03-03,ENTRE RÍOS,SEGUI,1925
2026-03-03,ENTRE RÍOS,TALITA,66
2026-03-03,ENTRE RÍOS,URDINARRAIN,1000
2026-03-03,ENTRE RÍOS,VIALE,302
2026-03-03,ENTRE RÍOS,VILLA DEL ROSARIO,629
2026-03-03,ENTRE RÍOS,VILLA FONTANA,308
2026-03-03,LA PAMPA,CATRILO,4090
2026-03-03,LA PAMPA,EDUARDO CASTEX,556
2026-03-03,LA PAMPA,EMBAJADOR MARTINI,90
2026-03-03,LA PAMPA,INGENIERO LUIGGI,1000
2026-03-03,LA PAMPA,INTENDENTE ALVEAR,278
2026-03-03,SALTA,LA CANDELARIA,500
2026-03-03,SALTA,METAN,240
2026-03-03,SANTA FE,ARMSTRONG,1000
2026-03-03,SANTA FE,ARROYO AGUIAR,26
2026-03-03,SANTA FE,BERNARDO DE IRIGOYEN,90
2026-03-03,SANTA FE,BOUQUET,120
2026-03-03,SANTA FE,BUSTINZA,801
2026-03-03,SANTA FE,CAMPO MEDINA,300
2026-03-03,SANTA FE,CARCARAÑA,30
2026-03-03,SANTA FE,CARMEN DEL SAUCE,90
2026-03-03,SANTA FE,CARRERAS,120
2026-03-03,SANTA FE,CASILDA,1000
2026-03-03,SANTA FE,CAÑADA DE GOMEZ,250
2026-03-03,SANTA FE,CAÑADA DEL UCLE,90
2026-03-03,SANTA FE,CENTENO,270
2026-03-03,SANTA FE,CHAPUY,60
2026-03-03,SANTA FE,COLONIA CELLO,120
2026-03-03,SANTA FE,COLONIA SILVA,55
2026-03-03,SANTA FE,CRISPI,174
2026-03-03,SANTA FE,CULULU,6
2026-03-03,SANTA FE,DIAZ,240
2026-03-03,SANTA FE,ESMERALDA,153
2026-03-03,SANTA FE,FIGHIERA,300
2026-03-03,SANTA FE,FRANCK,600
2026-03-03,SANTA FE,IRIGOYEN,350
2026-03-03,SANTA FE,LAS PAREJAS,172
2026-03-03,SANTA FE,LAS PETACAS,200
2026-03-03,SANTA FE,LAS ROSAS,383
2026-03-03,SANTA FE,MAGGIOLO,90
2026-03-03,SANTA FE,MARIA LUISA,180
2026-03-03,SANTA FE,MARIA SUSANA,1020
2026-03-03,SANTA FE,MONJE,250
2026-03-03,SANTA FE,MURPHY,60
2026-03-03,SANTA FE,PAZ,330
2026-03-03,SANTA FE,PILAR,1720
2026-03-03,SANTA FE,PUERTO GRAL SAN MARTIN,300
2026-03-03,SANTA FE,PUJATO,60
2026-03-03,SANTA FE,RAFAELA,89
2026-03-03,SANTA FE,ROSARIO,14660
2026-03-03,SANTA FE,RUFINO,750
2026-03-03,SANTA FE,SAN GUILLERMO (DPTO.,550
2026-03-03,SANTA FE,SAN JERONIMO SUD,35
2026-03-03,SANTA FE,SAN JOSE DE LA ESQUI,30
2026-03-03,SANTA FE,SAN LORENZO,500
2026-03-03,SANTA FE,SAN MARCELO,245
2026-03-03,SANTA FE,SAN MARCOS DE VENADO,11000
2026-03-03,SANTA FE,SAN RICARDO,210
2026-03-03,SANTA FE,SAN VICENTE (DPTO. C,5060
2026-03-03,SANTA FE,SANCTI SPIRITU,210
2026-03-03,SANTA FE,SANTA FE,90
2026-03-03,SANTA FE,SERODINO,2000
2026-03-03,SANTA FE,VENADO TUERTO,4523
2026-03-03,SANTA FE,VIDELA,614
2026-03-03,SANTA FE,VILLA CAÑAS,400
2026-03-03,SANTIAGO DEL ESTERO,BANDERA,130
2026-03-03,SANTIAGO DEL ESTERO,OTUMPA,2000
2026-03-03,SANTIAGO DEL ESTERO,QUIMILI,5100
2026-03-03,SANTIAGO DEL ESTERO,SANTIAGO DEL ESTERO,300
2026-03-03,TUCUMÁN,LOS PEREYRA,300
2026-03-04,BUENOS AIRES,AMEGHINO,1000
2026-03-04,BUENOS AIRES,AMERICA,340
2026-03-04,BUENOS AIRES,ARRECIFES,600
2026-03-04,BUENOS AIRES,BAHIA BLANCA,1507
2026-03-04,BUENOS AIRES,BARADERO,240
2026-03-04,BUENOS AIRES,BARRIO OESTE,400
2026-03-04,BUENOS AIRES,BRAGADO,279
2026-03-04,BUENOS AIRES,COLON,1000
2026-03-04,BUENOS AIRES,CORONEL PRINGLES,30
2026-03-04,BUENOS AIRES,CORONEL SUAREZ,500
2026-03-04,BUENOS AIRES,JUNIN,120
2026-03-04,BUENOS AIRES,LA LIMPIA (PDO. BRAG,150
2026-03-04,BUENOS AIRES,LA VIOLETA,60
2026-03-04,BUENOS AIRES,LIMA,30
2026-03-04,BUENOS AIRES,LOBERIA,175
2026-03-04,BUENOS AIRES,NECOCHEA,1000
2026-03-04,BUENOS AIRES,PERGAMINO,500
2026-03-04,BUENOS AIRES,ROJAS,472
2026-03-04,BUENOS AIRES,SAN ANDRES DE GILES,1500
2026-03-04,BUENOS AIRES,SAN CAYETANO,400
2026-03-04,BUENOS AIRES,SAN FRANCISCO DE BEL,450
2026-03-04,BUENOS AIRES,SAN PEDRO,300
2026-03-04,BUENOS AIRES,TRENQUE LAUQUEN,200
2026-03-04,BUENOS AIRES,TRES ARROYOS,60
2026-03-04,BUENOS AIRES,TRES LOMAS,132
2026-03-04,BUENOS AIRES,VEDIA,346
2026-03-04,CHACO,BASAIL,150
2026-03-04,CIUDAD AUTÓNOMA DE BUENOS AIRES,CAPITAL FEDERAL,10800
2026-03-04,CÓRDOBA,ALEJANDRO ROCA,30
2026-03-04,CÓRDOBA,ALEJO LEDESMA,436
2026-03-04,CÓRDOBA,ARROYITO,1000
2026-03-04,CÓRDOBA,CANALS,650
2026-03-04,CÓRDOBA,CAÑADA DE MACHADO SU,289
2026-03-04,CÓRDOBA,CHAÑARITOS,62
2026-03-04,CÓRDOBA,CUATRO VIENTOS,370
2026-03-04,CÓRDOBA,DEVOTO,61
2026-03-04,CÓRDOBA,EL FORTIN,385
2026-03-04,CÓRDOBA,ELENA,140
2026-03-04,CÓRDOBA,FREYRE,1180
2026-03-04,CÓRDOBA,GENERAL CABRERA,31
2026-03-04,CÓRDOBA,INRIVILLE,19
2026-03-04,CÓRDOBA,ISLA VERDE (DPTO. MA,600
2026-03-04,CÓRDOBA,JESUS MARIA,11000
2026-03-04,CÓRDOBA,JUSTINIANO POSSE,6050
2026-03-04,CÓRDOBA,LA FRANCIA,96
2026-03-04,CÓRDOBA,LAGUNILLA (PILAR-DPT,200
2026-03-04,CÓRDOBA,LUQUE,600
2026-03-04,CÓRDOBA,LUXARDO,27
2026-03-04,CÓRDOBA,MARCOS JUAREZ,1397
2026-03-04,CÓRDOBA,MONTE BUEY,800
2026-03-04,CÓRDOBA,MONTE MAIZ,1500
2026-03-04,CÓRDOBA,NOETINGER,180
2026-03-04,CÓRDOBA,OLIVA,1750
2026-03-04,CÓRDOBA,ORDOÑEZ,100
2026-03-04,CÓRDOBA,PILAR,600
2026-03-04,CÓRDOBA,PORTEÑA,1000
2026-03-04,CÓRDOBA,QUEBRACHO HERRADO,11
2026-03-04,CÓRDOBA,REDUCCION,300
2026-03-04,CÓRDOBA,RIO CUARTO,1000
2026-03-04,CÓRDOBA,TRANSITO,149
2026-03-04,CÓRDOBA,VICUÑA MACKENNA,2300
2026-03-04,CÓRDOBA,VILLA DEL ROSARIO,30
2026-03-04,CÓRDOBA,VILLA DEL TOTORAL,400
2026-03-04,ENTRE RÍOS,ALCARAZ,100
2026-03-04,ENTRE RÍOS,CONCEPCION DEL URUGU,9
2026-03-04,ENTRE RÍOS,CRESPO,1061
2026-03-04,ENTRE RÍOS,CRUCESITAS 7A. SECCI,234
2026-03-04,ENTRE RÍOS,CRUCESITAS 8A. SECCI,30
2026-03-04,ENTRE RÍOS,DIAMANTE,10
2026-03-04,ENTRE RÍOS,GENERAL CAMPOS,65
2026-03-04,ENTRE RÍOS,GENERAL RAMIREZ,12000
2026-03-04,ENTRE RÍOS,GOBERNADOR SOLA,59
2026-03-04,ENTRE RÍOS,GUALEGUAY,800
2026-03-04,ENTRE RÍOS,GUALEGUAYCHU,8
2026-03-04,ENTRE RÍOS,LA PAZ,5650
2026-03-04,ENTRE RÍOS,LARROQUE,600
2026-03-04,ENTRE RÍOS,LAS TUNAS,68
2026-03-04,ENTRE RÍOS,PASO DE LAS PIEDRAS,256
2026-03-04,ENTRE RÍOS,RINCON DEL DOLL,60
2026-03-04,ENTRE RÍOS,URDINARRAIN,1000
2026-03-04,ENTRE RÍOS,VILLAGUAY,118
2026-03-04,LA PAMPA,CATRILO,560
2026-03-04,LA PAMPA,GENERAL PICO,25
2026-03-04,SALTA,PIQUETE CABADO,150
2026-03-04,SANTA FE,ARMINDA,30
2026-03-04,SANTA FE,BERNARDO DE IRIGOYEN,120
2026-03-04,SANTA FE,BOUQUET,422
2026-03-04,SANTA FE,CARCARAÑA,390
2026-03-04,SANTA FE,CARMEN DEL SAUCE,90
2026-03-04,SANTA FE,CHAPUY,3092
2026-03-04,SANTA FE,CLASON,366
2026-03-04,SANTA FE,COLONIA CASTELLANOS,150
2026-03-04,SANTA FE,DIAZ,300
2026-03-04,SANTA FE,EMILIA,65
2026-03-04,SANTA FE,GALVEZ,185
2026-03-04,SANTA FE,HUGHES,469
2026-03-04,SANTA FE,"HUMBERTO I""",20
2026-03-04,SANTA FE,IRIGOYEN,300
2026-03-04,SANTA FE,ITUZAINGO,434
2026-03-04,SANTA FE,LA INES,2000
2026-03-04,SANTA FE,LA PELADA,31
2026-03-04,SANTA FE,LAS PETACAS,18
2026-03-04,SANTA FE,LAS ROSAS,180
2026-03-04,SANTA FE,LEHMANN,18
2026-03-04,SANTA FE,LLAMBI CAMPBELL,29
2026-03-04,SANTA FE,LUIS PALACIOS,2000
2026-03-04,SANTA FE,MARGARITA,500
2026-03-04,SANTA FE,MARIA JUANA,4000
2026-03-04,SANTA FE,MARIA SUSANA,500
2026-03-04,SANTA FE,MARIA TERESA,120
2026-03-04,SANTA FE,PAZ,300
2026-03-04,SANTA FE,PILAR,240
2026-03-04,SANTA FE,PUERTO GRAL SAN MARTIN,400
2026-03-04,SANTA FE,RECONQUISTA,350
2026-03-04,SANTA FE,ROSARIO,1863
2026-03-04,SANTA FE,RUFINO,560
2026-03-04,SANTA FE,SAN GUILLERMO (DPTO.,537
2026-03-04,SANTA FE,SAN JERONIMO SUD,125
2026-03-04,SANTA FE,SAN JUSTO,129
2026-03-04,SANTA FE,SAN LORENZO,150
2026-03-04,SANTA FE,SAN MARTIN DE LAS ES,7000
2026-03-04,SANTA FE,SAN VICENTE (DPTO. C,30
2026-03-04,SANTA FE,SANTA CLARA DE BUENA,3
2026-03-04,SANTA FE,SANTA FE,525
2026-03-04,SANTA FE,SERODINO,384
2026-03-04,SANTA FE,SUNCHALES,57
2026-03-04,SANTA FE,TACURAL,71
2026-03-04,SANTA FE,TIMBUES,26700
2026-03-04,SANTA FE,TORTUGAS,4
2026-03-04,SANTA FE,VENADO TUERTO,1090
2026-03-04,SANTA FE,VIDELA,300
2026-03-04,SANTA FE,VILLA CAÑAS,1530
2026-03-04,SANTA FE,ZAVALLA,22
2026-03-04,SANTIAGO DEL ESTERO,LOS JURIES,100
2026-03-04,SANTIAGO DEL ESTERO,OTUMPA,900
2026-03-04,TUCUMÁN,GOBERNADOR GARMENDIA,1100
2026-03-04,TUCUMÁN,LA COCHA,1000
2026-03-05,BUENOS AIRES,25 DE MAYO,260
2026-03-05,BUENOS AIRES,ACEVEDO,90
2026-03-05,BUENOS AIRES,ALBERTI,2120
2026-03-05,BUENOS AIRES,AMEGHINO,500
2026-03-05,BUENOS AIRES,AMERICA,3050
2026-03-05,BUENOS AIRES,APARICIO,90
2026-03-05,BUENOS AIRES,ARROYO DULCE,211
2026-03-05,BUENOS AIRES,ASAMBLEA,30
2026-03-05,BUENOS AIRES,AZUL,500
2026-03-05,BUENOS AIRES,BANDERALO,300
2026-03-05,BUENOS AIRES,BRAGADO,850
2026-03-05,BUENOS AIRES,CARHUE,30
2026-03-05,BUENOS AIRES,CARLOS CASARES,500
2026-03-05,BUENOS AIRES,CARMEN DE ARECO,90
2026-03-05,BUENOS AIRES,CHACABUCO,30
2026-03-05,BUENOS AIRES,CHIVILCOY,6207
2026-03-05,BUENOS AIRES,CORONEL DORREGO,1200
2026-03-05,BUENOS AIRES,CORONEL PRINGLES,500
2026-03-05,BUENOS AIRES,DAIREAUX,1070
2026-03-05,BUENOS AIRES,GENERAL VILLEGAS,6170
2026-03-05,BUENOS AIRES,GONZALES CHAVES,1500
2026-03-05,BUENOS AIRES,HENDERSON,350
2026-03-05,BUENOS AIRES,JUAN JOSE PASO,300
2026-03-05,BUENOS AIRES,JUNIN,160
2026-03-05,BUENOS AIRES,LARTIGAU,87
2026-03-05,BUENOS AIRES,LIMA,30
2026-03-05,BUENOS AIRES,LINCOLN,1600
2026-03-05,BUENOS AIRES,LOBERIA,90
2026-03-05,BUENOS AIRES,MAR DEL PLATA,60
2026-03-05,BUENOS AIRES,MONES CAZON,120
2026-03-05,BUENOS AIRES,PEHUAJO,1126
2026-03-05,BUENOS AIRES,QUEQUEN,500
2026-03-05,BUENOS AIRES,RIVERA,120
2026-03-05,BUENOS AIRES,ROJAS,240
2026-03-05,BUENOS AIRES,SAN PEDRO,180
2026-03-05,BUENOS AIRES,TRENQUE LAUQUEN,700
2026-03-05,BUENOS AIRES,TRES ARROYOS,420
2026-03-05,BUENOS AIRES,VEDIA,6
2026-03-05,BUENOS AIRES,VILLA MAZA,250
2026-03-05,CHACO,CAMPO LARGO,67
2026-03-05,CIUDAD AUTÓNOMA DE BUENOS AIRES,CAPITAL FEDERAL,12400
2026-03-05,CÓRDOBA,ARIAS,1000
2026-03-05,CÓRDOBA,ARROYITO,32
2026-03-05,CÓRDOBA,BELL VILLE,480
2026-03-05,CÓRDOBA,CARRILOBO,500
2026-03-05,CÓRDOBA,CORONEL BAIGORRIA,70
2026-03-05,CÓRDOBA,CORRAL DE BUSTOS,1000
2026-03-05,CÓRDOBA,CRUZ ALTA,60
2026-03-05,CÓRDOBA,DEVOTO,373
2026-03-05,CÓRDOBA,EL TIO,390
2026-03-05,CÓRDOBA,GENERAL LEVALLE,1200
2026-03-05,CÓRDOBA,GENERAL ROCA,61
2026-03-05,CÓRDOBA,HUANCHILLA,100
2026-03-05,CÓRDOBA,HUINCA RENANCO,520
2026-03-05,CÓRDOBA,INRIVILLE,30
2026-03-05,CÓRDOBA,ITALO,234
2026-03-05,CÓRDOBA,JESUS MARIA,160
2026-03-05,CÓRDOBA,JOVITA,700
2026-03-05,CÓRDOBA,JUSTINIANO POSSE,300
2026-03-05,CÓRDOBA,LA CAUTIVA,30
2026-03-05,CÓRDOBA,LA GILDA,64
2026-03-05,CÓRDOBA,LA PUERTA (MEDIA NAR,400
2026-03-05,CÓRDOBA,LAGUNILLA (PILAR-DPT,1200
2026-03-05,CÓRDOBA,LAS VARILLAS,360
2026-03-05,CÓRDOBA,LOS COMETIERRA,200
2026-03-05,CÓRDOBA,LUXARDO,35
2026-03-05,CÓRDOBA,MONTE MAIZ,6000
2026-03-05,CÓRDOBA,OLIVA,500
2026-03-05,CÓRDOBA,PILAR,1200
2026-03-05,CÓRDOBA,RIO CUARTO,380
2026-03-05,CÓRDOBA,RIO PRIMERO,417
2026-03-05,CÓRDOBA,RODEO VIEJO,55
2026-03-05,CÓRDOBA,TORO PUJIO,60
2026-03-05,CÓRDOBA,VICUÑA MACKENNA,150
2026-03-05,CÓRDOBA,VILLA DEL TOTORAL,300
2026-03-05,CÓRDOBA,VILLA HUIDOBRO,45
2026-03-05,ENTRE RÍOS,ALARCON,60
2026-03-05,ENTRE RÍOS,ALCARAZ SEGUNDO,116
2026-03-05,ENTRE RÍOS,ALDEA MARIA LUISA,70
2026-03-05,ENTRE RÍOS,ALDEA PROTESTANTE,56
2026-03-05,ENTRE RÍOS,ARROYO GRANDE,157
2026-03-05,ENTRE RÍOS,BASAVILBASO,300
2026-03-05,ENTRE RÍOS,COLONIA BAILINA,94
2026-03-05,ENTRE RÍOS,COLONIA SAN CIPRIANO,246
2026-03-05,ENTRE RÍOS,COLONIA SANTA ROSA,60
2026-03-05,ENTRE RÍOS,CONCORDIA,100
2026-03-05,ENTRE RÍOS,CRUCESITAS 8A. SECCI,51
2026-03-05,ENTRE RÍOS,DISTRITO ESPINILLO,68
2026-03-05,ENTRE RÍOS,FEDERAL,113
2026-03-05,ENTRE RÍOS,GENACITO,99
2026-03-05,ENTRE RÍOS,GENERAL CAMPOS,221
2026-03-05,ENTRE RÍOS,GUALEGUAY,280
2026-03-05,ENTRE RÍOS,GUALEGUAYCHU,180
2026-03-05,ENTRE RÍOS,LARROQUE,82
2026-03-05,ENTRE RÍOS,LAS MOSCAS,172
2026-03-05,ENTRE RÍOS,LUCAS GONZALEZ,210
2026-03-05,ENTRE RÍOS,MARIA GRANDE PRIMERA,181
2026-03-05,ENTRE RÍOS,QUEBRACHO (DPTO. PAR,60
2026-03-05,ENTRE RÍOS,SAN CIPRIANO,63
2026-03-05,ENTRE RÍOS,SAN MIGUEL,65
2026-03-05,ENTRE RÍOS,URDINARRAIN,1000
2026-03-05,ENTRE RÍOS,VIALE,34
2026-03-05,ENTRE RÍOS,VICTORIA,102
2026-03-05,ENTRE RÍOS,VILLA ELISA,29
2026-03-05,ENTRE RÍOS,VILLAGUAY,60
2026-03-05,LA PAMPA,BERNARDO LARROUDE,710
2026-03-05,LA PAMPA,GENERAL PICO,295
2026-03-05,LA PAMPA,INTENDENTE ALVEAR,1162
2026-03-05,SALTA,LAS LAJITAS,100
2026-03-05,SAN LUIS,ALTO PELADO,1650
2026-03-05,SAN LUIS,COMANDANTE GRANVILLE,1080
2026-03-05,SAN LUIS,EL MORRO,150
2026-03-05,SAN LUIS,FRAGA,270
2026-03-05,SAN LUIS,VILLA MERCEDES,1850
2026-03-05,SANTA FE,ARMSTRONG,210
2026-03-05,SANTA FE,ARROYO CEIBAL,16
2026-03-05,SANTA FE,BIGAND,8000
2026-03-05,SANTA FE,CASILDA,35
2026-03-05,SANTA FE,CAÑADA DE GOMEZ,2030
2026-03-05,SANTA FE,CHAPUY,810
2026-03-05,SANTA FE,CLASON,300
2026-03-05,SANTA FE,COLONIA LA YERBA,150
2026-03-05,SANTA FE,DIAZ,30
2026-03-05,SANTA FE,EMILIA,90
2026-03-05,SANTA FE,ESMERALDA,80
2026-03-05,SANTA FE,FRANCK,1000
2026-03-05,SANTA FE,GALVEZ,31
2026-03-05,SANTA FE,GOBERNADOR CRESPO,1000
2026-03-05,SANTA FE,"HUMBERTO I""",539
2026-03-05,SANTA FE,IRIGOYEN,250
2026-03-05,SANTA FE,LAGUNA PAIVA,190
2026-03-05,SANTA FE,LAS PAREJAS,50
2026-03-05,SANTA FE,LAS ROSAS,650
2026-03-05,SANTA FE,LUCIO V. LOPEZ,60
2026-03-05,SANTA FE,MACIEL,5
2026-03-05,SANTA FE,MAGGIOLO,900
2026-03-05,SANTA FE,MARGARITA,28
2026-03-05,SANTA FE,MARIA JUANA,2000
2026-03-05,SANTA FE,MONTES DE OCA,60
2026-03-05,SANTA FE,POZO BORRADO,14
2026-03-05,SANTA FE,PROGRESO,100
2026-03-05,SANTA FE,PROVIDENCIA,210
2026-03-05,SANTA FE,PUJATO,90
2026-03-05,SANTA FE,RAFAELA,1808
2026-03-05,SANTA FE,ROSARIO,2390
2026-03-05,SANTA FE,SAN GREGORIO,250
2026-03-05,SANTA FE,SAN JERONIMO SUD,135
2026-03-05,SANTA FE,SAN JOSE DE LA ESQUI,718
2026-03-05,SANTA FE,SAN JUSTO,150
2026-03-05,SANTA FE,SAN LORENZO,4000
2026-03-05,SANTA FE,SAN VICENTE (DPTO. C,300
2026-03-05,SANTA FE,SANTA CLARA DE SAGUI,60
2026-03-05,SANTA FE,SANTA FE,30
2026-03-05,SANTA FE,SANTA TERESA (DPTO.,90
2026-03-05,SANTA FE,SANTO DOMINGO,420
2026-03-05,SANTA FE,SOUTOMAYOR,121
2026-03-05,SANTA FE,TEODELINA,120
2026-03-05,SANTA FE,TIMBUES,4900
2026-03-05,SANTA FE,VENADO TUERTO,150
2026-03-05,SANTA FE,VILLA CAÑAS,5120
2026-03-05,SANTA FE,VILLADA,96
2026-03-05,SANTIAGO DEL ESTERO,AGUAS COLORADAS,45
2026-03-05,SANTIAGO DEL ESTERO,OTUMPA,2000
2026-03-05,SANTIAGO DEL ESTERO,PAMPA DE LOS GUANACO,100
2026-03-05,SANTIAGO DEL ESTERO,QUIMILI,3000
2026-03-06,BUENOS AIRES,25 DE MAYO,600
2026-03-06,BUENOS AIRES,9 DE JULIO,1060
2026-03-06,BUENOS AIRES,ALBERTI,300
2026-03-06,BUENOS AIRES,AMERICA,120
2026-03-06,BUENOS AIRES,ARRECIFES,460
2026-03-06,BUENOS AIRES,ARRIBEÑOS,200
2026-03-06,BUENOS AIRES,ASAMBLEA,150
2026-03-06,BUENOS AIRES,BAHIA BLANCA,1500
2026-03-06,BUENOS AIRES,BARADERO,150
2026-03-06,BUENOS AIRES,BARRIO ACEVEDO,2500
2026-03-06,BUENOS AIRES,BOLIVAR,216
2026-03-06,BUENOS AIRES,BRAGADO,2000
2026-03-06,BUENOS AIRES,CAMPANA,30
2026-03-06,BUENOS AIRES,CARLOS CASARES,5780
2026-03-06,BUENOS AIRES,CHACABUCO,2378
2026-03-06,BUENOS AIRES,CHIVILCOY,23
2026-03-06,BUENOS AIRES,CLAUDIO C. MOLINA,900
2026-03-06,BUENOS AIRES,CONESA,900
2026-03-06,BUENOS AIRES,DAIREAUX,500
2026-03-06,BUENOS AIRES,DRABBLE,700
2026-03-06,BUENOS AIRES,ESTACION ASCENSION,600
2026-03-06,BUENOS AIRES,GENERAL LAS HERAS,30
2026-03-06,BUENOS AIRES,GENERAL VILLEGAS,6025
2026-03-06,BUENOS AIRES,LA PROVIDENCIA,14
2026-03-06,BUENOS AIRES,LIMA,30
2026-03-06,BUENOS AIRES,LINCOLN,1400
2026-03-06,BUENOS AIRES,PEHUAJO,390
2026-03-06,BUENOS AIRES,PERGAMINO,2855
2026-03-06,BUENOS AIRES,ROJAS,300
2026-03-06,BUENOS AIRES,SALTO,450
2026-03-06,BUENOS AIRES,SAN ANTONIO DE ARECO,90
2026-03-06,BUENOS AIRES,SAN MIGUEL ARCANGEL,360
2026-03-06,BUENOS AIRES,SAN PEDRO,1058
2026-03-06,BUENOS AIRES,TORNQUIST,300
2026-03-06,BUENOS AIRES,TRENQUE LAUQUEN,1538
2026-03-06,BUENOS AIRES,TRES ARROYOS,810
2026-03-06,CIUDAD AUTÓNOMA DE BUENOS AIRES,CAPITAL FEDERAL,5293
2026-03-06,CÓRDOBA,ADELIA MARIA,420
2026-03-06,CÓRDOBA,ALEJANDRO ROCA,0
2026-03-06,CÓRDOBA,ARIAS,55
2026-03-06,CÓRDOBA,ARROYITO,200
2026-03-06,CÓRDOBA,BELL VILLE,59
2026-03-06,CÓRDOBA,CALCHIN,60
2026-03-06,CÓRDOBA,CAPITAN GENERAL BERN,180
2026-03-06,CÓRDOBA,CARRILOBO,240
2026-03-06,CÓRDOBA,COLONIA MILESSI,31
2026-03-06,CÓRDOBA,DEVOTO,28
2026-03-06,CÓRDOBA,EL FORTIN,700
2026-03-06,CÓRDOBA,HIPOLITO BOUCHARD,500
2026-03-06,CÓRDOBA,IDIAZABAL,700
2026-03-06,CÓRDOBA,ISCHILIN,143
2026-03-06,CÓRDOBA,LA PAQUITA,67
2026-03-06,CÓRDOBA,LABOULAYE,300
2026-03-06,CÓRDOBA,LAS VARILLAS,120
2026-03-06,CÓRDOBA,LAS VERTIENTES,30
2026-03-06,CÓRDOBA,LOS SURGENTES,120
2026-03-06,CÓRDOBA,MARCOS JUAREZ,200
2026-03-06,CÓRDOBA,MATORRALES,33
2026-03-06,CÓRDOBA,MONTE BUEY,433
2026-03-06,CÓRDOBA,MONTE CRISTO,60
2026-03-06,CÓRDOBA,MONTE RALO,180
2026-03-06,CÓRDOBA,MORRISON,114
2026-03-06,CÓRDOBA,REDUCCION,400
2026-03-06,CÓRDOBA,RIO CUARTO,1150
2026-03-06,CÓRDOBA,RIO TERCERO,60
2026-03-06,CÓRDOBA,SAN FRANCISCO (DPTO.,562
2026-03-06,CÓRDOBA,SAN JOSE DE LA DORMI,193
2026-03-06,CÓRDOBA,SINSACATE,210
2026-03-06,CÓRDOBA,TORO PUJIO,62
2026-03-06,CÓRDOBA,UCACHA,60
2026-03-06,CÓRDOBA,VICUÑA MACKENNA,300
2026-03-06,CÓRDOBA,VILLA DEL ROSARIO,63
2026-03-06,ENTRE RÍOS,ALCARAZ SEGUNDO,341
2026-03-06,ENTRE RÍOS,ALDEA MARIA LUISA,1070
2026-03-06,ENTRE RÍOS,ALDEA PROTESTANTE,90
2026-03-06,ENTRE RÍOS,COLONIA SAN MIGUEL,64
2026-03-06,ENTRE RÍOS,CONCEPCION DEL URUGU,10
2026-03-06,ENTRE RÍOS,CONCORDIA,30
2026-03-06,ENTRE RÍOS,CRUCESITAS 3A. SECCI,30
2026-03-06,ENTRE RÍOS,CRUCESITAS 7A. SECCI,163
2026-03-06,ENTRE RÍOS,CRUCESITAS 8A. SECCI,555
2026-03-06,ENTRE RÍOS,DIAMANTE,50
2026-03-06,ENTRE RÍOS,DON CRISTOBAL,26
2026-03-06,ENTRE RÍOS,DON CRISTOBAL SEGUND,65
2026-03-06,ENTRE RÍOS,GILBERT,211
2026-03-06,ENTRE RÍOS,GUALEGUAY,4250
2026-03-06,ENTRE RÍOS,GUALEGUAYCHU,249
2026-03-06,ENTRE RÍOS,HERRERA,315
2026-03-06,ENTRE RÍOS,LARROQUE,7
2026-03-06,ENTRE RÍOS,LAS MOSCAS,60
2026-03-06,ENTRE RÍOS,LAS TUNAS,888
2026-03-06,ENTRE RÍOS,LUCAS GONZALEZ,210
2026-03-06,ENTRE RÍOS,PAJONAL,341
2026-03-06,ENTRE RÍOS,QUEBRACHO (DPTO. PAR,286
2026-03-06,ENTRE RÍOS,RAICES OESTE,187
2026-03-06,ENTRE RÍOS,SAGASTUME (CEIBAS-DP,90
2026-03-06,ENTRE RÍOS,SAN MIGUEL,215
2026-03-06,ENTRE RÍOS,SAN SALVADOR,148
2026-03-06,ENTRE RÍOS,SANTA ELENA (ARROYO,132
2026-03-06,ENTRE RÍOS,URDINARRAIN,1000
2026-03-06,ENTRE RÍOS,VIALE,35
2026-03-06,ENTRE RÍOS,VICTORIA,360
2026-03-06,ENTRE RÍOS,VILLAGUAY,563
2026-03-06,LA PAMPA,CATRILO,4090
2026-03-06,LA PAMPA,EDUARDO CASTEX,1321
2026-03-06,LA PAMPA,GENERAL PICO,2480
2026-03-06,LA PAMPA,INTENDENTE ALVEAR,490
2026-03-06,LA PAMPA,SANTA ROSA,30
2026-03-06,SALTA,ANTA,200
2026-03-06,SAN LUIS,CONLARA,90
2026-03-06,SAN LUIS,JUSTO DARACT,500
2026-03-06,SAN LUIS,LUJAN,301
2026-03-06,SAN LUIS,VILLA MERCEDES,1499
2026-03-06,SANTA FE,ALCORTA DTO CONSTITU,150
2026-03-06,SANTA FE,ARMSTRONG,360
2026-03-06,SANTA FE,ARROYO AGUIAR,30
2026-03-06,SANTA FE,ARTEAGA,647
2026-03-06,SANTA FE,BIGAND,300
2026-03-06,SANTA FE,CAMPO ANDINO,30
2026-03-06,SANTA FE,CARAGUATAY,77
2026-03-06,SANTA FE,CAÑADA ROSQUIN,300
2026-03-06,SANTA FE,CHABAS,300
2026-03-06,SANTA FE,CHAPUY,2090
2026-03-06,SANTA FE,COLONIA CELLO,303
2026-03-06,SANTA FE,CORONEL ARNOLD,218
2026-03-06,SANTA FE,DIAZ,1950
2026-03-06,SANTA FE,ESMERALDA,53
2026-03-06,SANTA FE,GALVEZ,390
2026-03-06,SANTA FE,GODOY,30
2026-03-06,SANTA FE,LAS PALMERAS,6
2026-03-06,SANTA FE,LAS ROSAS,1278
2026-03-06,SANTA FE,LOS MOLINOS,125
2026-03-06,SANTA FE,LUIS PALACIOS,450
2026-03-06,SANTA FE,MARIA JUANA,10041
2026-03-06,SANTA FE,MARIA TERESA,90
2026-03-06,SANTA FE,MURPHY,300
2026-03-06,SANTA FE,PUERTO GRAL SAN MARTIN,500
2026-03-06,SANTA FE,RECONQUISTA,300
2026-03-06,SANTA FE,ROLDAN,240
2026-03-06,SANTA FE,ROSARIO,1536
2026-03-06,SANTA FE,RUFINO,1810
2026-03-06,SANTA FE,RUNCIMAN,1400
2026-03-06,SANTA FE,SAN BERNARDO,240
2026-03-06,SANTA FE,SAN EDUARDO,300
2026-03-06,SANTA FE,SAN GENARO,90
2026-03-06,SANTA FE,SAN GENARO NORTE,77102
2026-03-06,SANTA FE,SAN JORGE,60
2026-03-06,SANTA FE,SAN JUSTO,120
2026-03-06,SANTA FE,SAN LORENZO,500
2026-03-06,SANTA FE,SAN MARCELO,105
2026-03-06,SANTA FE,SAN MARCOS DE VENADO,4000
2026-03-06,SANTA FE,SANCTI SPIRITU,120
2026-03-06,SANTA FE,SANTA FE,2500
2026-03-06,SANTA FE,SANTO DOMINGO,750
2026-03-06,SANTA FE,SUARDI,90
2026-03-06,SANTA FE,TEODELINA,18
2026-03-06,SANTA FE,URANGA,1000
2026-03-06,SANTA FE,VENADO TUERTO,4538
2026-03-06,SANTA FE,VILA,600
2026-03-06,SANTA FE,VILLA TRINIDAD,150
2026-03-06,SANTIAGO DEL ESTERO,BANDERA,330
2026-03-06,SANTIAGO DEL ESTERO,LOS JURIES,103
2026-03-06,SANTIAGO DEL ESTERO,SANTIAGO DEL ESTERO,90
2026-03-07,BUENOS AIRES,GENERAL VILLEGAS,1160
2026-03-07,BUENOS AIRES,PEHUAJO,1000
2026-03-07,BUENOS AIRES,TRENQUE LAUQUEN,57372
2026-03-07,CÓRDOBA,MARCOS JUAREZ,60
2026-03-07,CÓRDOBA,PILAR,4000
2026-03-07,ENTRE RÍOS,DON CRISTOBAL SEGUND,7
2026-03-07,ENTRE RÍOS,VIALE,170
2026-03-08,CÓRDOBA,LOS SURGENTES,240
2026-03-08,CÓRDOBA,PILAR,17000
2026-03-09,BUENOS AIRES,9 DE JULIO,1300
2026-03-09,BUENOS AIRES,ALBERTI,190
2026-03-09,BUENOS AIRES,AMERICA,200
2026-03-09,BUENOS AIRES,ARRECIFES,1904
2026-03-09,BUENOS AIRES,ARRIBEÑOS,71
2026-03-09,BUENOS AIRES,BARADERO,210
2026-03-09,BUENOS AIRES,BARRIO VILLA GAUCHO,3500
2026-03-09,BUENOS AIRES,BELLOCQ,450
2026-03-09,BUENOS AIRES,BOLIVAR,60
2026-03-09,BUENOS AIRES,BRAGADO,300
2026-03-09,BUENOS AIRES,CAPILLA DEL SEÑOR,300
2026-03-09,BUENOS AIRES,CARLOS CASARES,2000
2026-03-09,BUENOS AIRES,CORONEL DORREGO,60
2026-03-09,BUENOS AIRES,DUGGAN,300
2026-03-09,BUENOS AIRES,EL ARBOLITO,100
2026-03-09,BUENOS AIRES,ESPARTILLAR (GRAL. P,1000
2026-03-09,BUENOS AIRES,FORTIN OLAVARRIA,60
2026-03-09,BUENOS AIRES,GENERAL VILLEGAS,1530
2026-03-09,BUENOS AIRES,GONZALES CHAVES,4000
2026-03-09,BUENOS AIRES,GUAMINI,2000
2026-03-09,BUENOS AIRES,HUANGUELEN,60
2026-03-09,BUENOS AIRES,JUNIN,150
2026-03-09,BUENOS AIRES,LIMA,60
2026-03-09,BUENOS AIRES,LINCOLN,3700
2026-03-09,BUENOS AIRES,PARADA ROBLES,90
2026-03-09,BUENOS AIRES,PERGAMINO,5155
2026-03-09,BUENOS AIRES,QUEQUEN,450
2026-03-09,BUENOS AIRES,RAUCH,450
2026-03-09,BUENOS AIRES,ROJAS,2000
2026-03-09,BUENOS AIRES,SALLIQUELO,2
2026-03-09,BUENOS AIRES,SALTO,2700
2026-03-09,BUENOS AIRES,SAN ANTONIO DE ARECO,3210
2026-03-09,BUENOS AIRES,SAN FRANCISCO DE BEL,500
2026-03-09,BUENOS AIRES,SAN PEDRO,90
2026-03-09,BUENOS AIRES,SAN ROMAN,1500
2026-03-09,BUENOS AIRES,SANTA LUCIA,210
2026-03-09,BUENOS AIRES,TANDIL,1000
2026-03-09,BUENOS AIRES,TRENQUE LAUQUEN,669
2026-03-09,BUENOS AIRES,TRES ARROYOS,250
2026-03-09,BUENOS AIRES,VEDIA,213
2026-03-09,CIUDAD AUTÓNOMA DE BUENOS AIRES,CAPITAL FEDERAL,3200
2026-03-09,CÓRDOBA,ADELIA MARIA,6246
2026-03-09,CÓRDOBA,ALEJANDRO ROCA,300
2026-03-09,CÓRDOBA,ALEJO LEDESMA,28
2026-03-09,CÓRDOBA,ARIAS,530
2026-03-09,CÓRDOBA,BELL VILLE,150
2026-03-09,CÓRDOBA,BOUWER,180
2026-03-09,CÓRDOBA,CAMILO ALDAO,30
2026-03-09,CÓRDOBA,CAVANAGH,80
2026-03-09,CÓRDOBA,CINTRA,13
2026-03-09,CÓRDOBA,COLONIA ARROYO DE AL,1150
2026-03-09,CÓRDOBA,COLONIA BISMARCK,104
2026-03-09,CÓRDOBA,CORDOBA,30
2026-03-09,CÓRDOBA,CORONEL MOLDES,1728
2026-03-09,CÓRDOBA,COTAGAITA,59
2026-03-09,CÓRDOBA,DEVOTO,63
2026-03-09,CÓRDOBA,ELENA,720
2026-03-09,CÓRDOBA,ETRURIA,300
2026-03-09,CÓRDOBA,GUATIMOZIN,52
2026-03-09,CÓRDOBA,HERNANDO,300
2026-03-09,CÓRDOBA,HUINCA RENANCO,1290
2026-03-09,CÓRDOBA,INRIVILLE,90
2026-03-09,CÓRDOBA,JESUS MARIA,200
2026-03-09,CÓRDOBA,LABOULAYE,1000
2026-03-09,CÓRDOBA,LAS PEÑAS SUD,500
2026-03-09,CÓRDOBA,LOS CISNES,275
2026-03-09,CÓRDOBA,LUQUE,400
2026-03-09,CÓRDOBA,LUXARDO,99
2026-03-09,CÓRDOBA,MARCOS JUAREZ,610
2026-03-09,CÓRDOBA,MONTE CRISTO,157
2026-03-09,CÓRDOBA,MONTE MAIZ,1022
2026-03-09,CÓRDOBA,MORRISON,50
2026-03-09,CÓRDOBA,OLIVA,8000
2026-03-09,CÓRDOBA,PASCANAS,32
2026-03-09,CÓRDOBA,RIO CUARTO,4350
2026-03-09,CÓRDOBA,RIO PRIMERO,17
2026-03-09,CÓRDOBA,SINSACATE,590
2026-03-09,CÓRDOBA,TOSQUITA,1000
2026-03-09,CÓRDOBA,VICUÑA MACKENNA,539
2026-03-09,CÓRDOBA,VILLA DEL TOTORAL,300
2026-03-09,CÓRDOBA,VILLA VALERIA,150
2026-03-09,CÓRDOBA,WENCESLAO ESCALANTE,329
2026-03-09,ENTRE RÍOS,ALDEA VALLE MARIA,2
2026-03-09,ENTRE RÍOS,BASAVILBASO,480
2026-03-09,ENTRE RÍOS,CASEROS,150
2026-03-09,ENTRE RÍOS,COLONIA LAS PEPAS,214
2026-03-09,ENTRE RÍOS,DIAMANTE,152
2026-03-09,ENTRE RÍOS,DON CRISTOBAL SEGUND,19
2026-03-09,ENTRE RÍOS,DURAZNO,30
2026-03-09,ENTRE RÍOS,GUALEGUAY,392
2026-03-09,ENTRE RÍOS,GUALEGUAYCHU,200
2026-03-09,ENTRE RÍOS,HAMBIS,181
2026-03-09,ENTRE RÍOS,INGENIERO MIGUEL SAJ,152
2026-03-09,ENTRE RÍOS,LARROQUE,180
2026-03-09,ENTRE RÍOS,LAS MOSCAS,211
2026-03-09,ENTRE RÍOS,LUCAS GONZALEZ,160
2026-03-09,ENTRE RÍOS,MACIA,371
2026-03-09,ENTRE RÍOS,MARIA GRANDE,40
2026-03-09,ENTRE RÍOS,NOGOYA,10
2026-03-09,ENTRE RÍOS,PARANA,400
2026-03-09,ENTRE RÍOS,RAICES,200
2026-03-09,ENTRE RÍOS,SAN SALVADOR,205
2026-03-09,ENTRE RÍOS,SANTA ROSA (SANTA AN,928
2026-03-09,ENTRE RÍOS,VALLE MARIA,100
2026-03-09,ENTRE RÍOS,VICTORIA,73
2026-03-09,ENTRE RÍOS,VILLAGUAY,736
2026-03-09,LA PAMPA,CAMPO LUDUEÑA,1500
2026-03-09,LA PAMPA,CATRILO,6500
2026-03-09,LA PAMPA,EDUARDO CASTEX,150
2026-03-09,LA PAMPA,GENERAL PICO,214
2026-03-09,LA PAMPA,LONQUIMAY,1680
2026-03-09,SALTA,CEIBALITO,200
2026-03-09,SALTA,GENERAL PIZARRO,200
2026-03-09,SALTA,LAS LAJITAS,3
2026-03-09,SAN LUIS,JUSTO DARACT,193
2026-03-09,SANTA FE,ARROYO SECO,1500
2026-03-09,SANTA FE,CANDIOTI,150
2026-03-09,SANTA FE,CARAGUATAY,225
2026-03-09,SANTA FE,CARMEN DEL SAUCE,120
2026-03-09,SANTA FE,CASILDA,1
2026-03-09,SANTA FE,CAÑADA ROSQUIN,940
2026-03-09,SANTA FE,CHAPUY,1000
2026-03-09,SANTA FE,DIAZ,510
2026-03-09,SANTA FE,EL NOCHERO,27
2026-03-09,SANTA FE,FIGHIERA,180
2026-03-09,SANTA FE,FROILAN PALACIOS,300
2026-03-09,SANTA FE,FRONTERA,575
2026-03-09,SANTA FE,GENERAL LAGOS,154
2026-03-09,SANTA FE,GOBERNADOR CRESPO,921
2026-03-09,SANTA FE,ISLA TIGRE,76
2026-03-09,SANTA FE,LAS PAREJAS,50
2026-03-09,SANTA FE,LAS ROSAS,300
2026-03-09,SANTA FE,LUIS PALACIOS,300
2026-03-09,SANTA FE,MARIA JUANA,4000
2026-03-09,SANTA FE,MARIA SUSANA,36
2026-03-09,SANTA FE,MONTES DE OCA,150
2026-03-09,SANTA FE,MURPHY,239
2026-03-09,SANTA FE,RAMAYON,90
2026-03-09,SANTA FE,RICARDONE,450
2026-03-09,SANTA FE,ROSARIO,800
2026-03-09,SANTA FE,SALADERO M. CABAL,58
2026-03-09,SANTA FE,SAN JERONIMO SUD,143
2026-03-09,SANTA FE,SAN JORGE,400
2026-03-09,SANTA FE,SAN JUSTO,630
2026-03-09,SANTA FE,SAN LORENZO,2600
2026-03-09,SANTA FE,SAN MARCOS DE VENADO,2100
2026-03-09,SANTA FE,SANCTI SPIRITU,500
2026-03-09,SANTA FE,SANTA CLARA DE SAGUI,60
2026-03-09,SANTA FE,SANTA FE,1710
2026-03-09,SANTA FE,SUNCHALES,45
2026-03-09,SANTA FE,TOSTADO,27
2026-03-09,SANTA FE,TOTORAS,4000
2026-03-09,SANTA FE,VENADO TUERTO,4495
2026-03-09,SANTA FE,VILA,270
2026-03-09,SANTA FE,VILLA CAÑAS,6
2026-03-09,SANTIAGO DEL ESTERO,EL COLORADO,210
2026-03-09,SANTIAGO DEL ESTERO,LAVALLE (DPTO. GUASA,1000
2026-03-09,SANTIAGO DEL ESTERO,LOS JURIES,4
2026-03-09,SANTIAGO DEL ESTERO,ROVERSI,500
2026-03-10,BUENOS AIRES,ALBERTI,390
2026-03-10,BUENOS AIRES,AMERICA,140
2026-03-10,BUENOS AIRES,ARRECIFES,1200
2026-03-10,BUENOS AIRES,ARRIBEÑOS,58
2026-03-10,BUENOS AIRES,BAHIA BLANCA,1000
2026-03-10,BUENOS AIRES,BARADERO,120
2026-03-10,BUENOS AIRES,BRAGADO,200
2026-03-10,BUENOS AIRES,CAPILLA DEL SEÑOR,300
2026-03-10,BUENOS AIRES,CARHUE,1030
2026-03-10,BUENOS AIRES,CARLOS CASARES,1230
2026-03-10,BUENOS AIRES,CARLOS MARIA NAON,700
2026-03-10,BUENOS AIRES,CASBAS,700
2026-03-10,BUENOS AIRES,CAÑADA SECA,150
2026-03-10,BUENOS AIRES,CHIVILCOY,200
2026-03-10,BUENOS AIRES,CLAUDIO C. MOLINA,800
2026-03-10,BUENOS AIRES,CONESA,90
2026-03-10,BUENOS AIRES,CORONEL DORREGO,160
2026-03-10,BUENOS AIRES,ESCUELA AGRICOLA SAL,90
2026-03-10,BUENOS AIRES,GENERAL ARENALES,150
2026-03-10,BUENOS AIRES,GOBERNADOR CASTRO,270
2026-03-10,BUENOS AIRES,LIMA,360
2026-03-10,BUENOS AIRES,LINCOLN,402
2026-03-10,BUENOS AIRES,LOBOS,150
2026-03-10,BUENOS AIRES,SAN ANTONIO DE ARECO,2569
2026-03-10,BUENOS AIRES,SAN MAURICIO,200
2026-03-10,BUENOS AIRES,SAN PEDRO,450
2026-03-10,BUENOS AIRES,TRENQUE LAUQUEN,7172
2026-03-10,BUENOS AIRES,TRES ARROYOS,300
2026-03-10,BUENOS AIRES,VEDIA,400
2026-03-10,BUENOS AIRES,VILLA MOQUEHUA,30
2026-03-10,CHACO,CAMPO LARGO,300
2026-03-10,CHACO,GANCEDO,2000
2026-03-10,CHACO,LOS FRENTONES,7
2026-03-10,CHACO,PRESIDENCIA ROQUE SAENZ PEÑA,54
2026-03-10,CHACO,TRES ISLETAS,300
2026-03-10,CÓRDOBA,ALEJO LEDESMA,60
2026-03-10,CÓRDOBA,ALMAFUERTE,240
2026-03-10,CÓRDOBA,ARIAS,227
2026-03-10,CÓRDOBA,BELL VILLE,239
2026-03-10,CÓRDOBA,CARNERILLO (DPTO. JU,166
2026-03-10,CÓRDOBA,CHUCUL,33
2026-03-10,CÓRDOBA,COLONIA ALMADA,300
2026-03-10,CÓRDOBA,COLONIA CAROYA,14
2026-03-10,CÓRDOBA,CORDOBA,60
2026-03-10,CÓRDOBA,CORONEL MOLDES,400
2026-03-10,CÓRDOBA,COTAGAITA,109
2026-03-10,CÓRDOBA,DEVOTO,30
2026-03-10,CÓRDOBA,GENERAL BALDISSERA,633
2026-03-10,CÓRDOBA,GENERAL LEVALLE,48
2026-03-10,CÓRDOBA,HIPOLITO BOUCHARD,500
2026-03-10,CÓRDOBA,INRIVILLE,30
2026-03-10,CÓRDOBA,LEONES,6
2026-03-10,CÓRDOBA,MARCOS JUAREZ,300
2026-03-10,CÓRDOBA,MATORRALES,10
2026-03-10,CÓRDOBA,MATTALDI,500
2026-03-10,CÓRDOBA,MONTE CRISTO,120
2026-03-10,CÓRDOBA,REDUCCION,400
2026-03-10,CÓRDOBA,RIO CUARTO,100
2026-03-10,CÓRDOBA,RIO PRIMERO,400
2026-03-10,CÓRDOBA,SAN FRANCISCO (DPTO.,180
2026-03-10,CÓRDOBA,SAN MARCOS,120
2026-03-10,CÓRDOBA,VILLA CONCEPCION DEL,300
2026-03-10,CÓRDOBA,VILLA MARIA (DPTO. G,500
2026-03-10,ENTRE RÍOS,ALDEA MARIA LUISA,1000
2026-03-10,ENTRE RÍOS,ALDEA PROTESTANTE,2
2026-03-10,ENTRE RÍOS,CRESPO,79
2026-03-10,ENTRE RÍOS,DON CRISTOBAL SEGUND,46
2026-03-10,ENTRE RÍOS,GUALEGUAY,30
2026-03-10,ENTRE RÍOS,GUALEGUAYCHU,387
2026-03-10,ENTRE RÍOS,LA PAZ,500
2026-03-10,ENTRE RÍOS,LARROQUE,53
2026-03-10,ENTRE RÍOS,LUCAS GONZALEZ,189
2026-03-10,ENTRE RÍOS,MOJONES SUD,303
2026-03-10,ENTRE RÍOS,NOGOYA,36
2026-03-10,ENTRE RÍOS,SAN BENITO,30
2026-03-10,ENTRE RÍOS,TABOSSI,23
2026-03-10,ENTRE RÍOS,TALITA,220
2026-03-10,ENTRE RÍOS,URDINARRAIN,1003
2026-03-10,ENTRE RÍOS,VICTORIA,3049
2026-03-10,ENTRE RÍOS,VILLA DEL ROSARIO,1000
2026-03-10,ENTRE RÍOS,VILLA FONTANA,4294
2026-03-10,ENTRE RÍOS,VILLAGUAY,126
2026-03-10,LA PAMPA,BERNARDO LARROUDE,100
2026-03-10,LA PAMPA,EDUARDO CASTEX,1330
2026-03-10,LA PAMPA,MIGUEL RIGLOS,864
2026-03-10,SALTA,LAS LAJITAS,500
2026-03-10,SAN LUIS,LAS ISLETAS,300
2026-03-10,SAN LUIS,SAN LUIS,1518
2026-03-10,SANTA FE,BIGAND,60
2026-03-10,SANTA FE,BOUQUET,30
2026-03-10,SANTA FE,COLONIA CASTELLANOS,30
2026-03-10,SANTA FE,COLONIA LA YERBA,500
2026-03-10,SANTA FE,CULULU,60
2026-03-10,SANTA FE,FROILAN PALACIOS,100
2026-03-10,SANTA FE,GALISTEO,61
2026-03-10,SANTA FE,LANDETA,4
2026-03-10,SANTA FE,LAS ROSAS,1225
2026-03-10,SANTA FE,LLAMBI CAMPBELL,60
2026-03-10,SANTA FE,LOS QUIRQUINCHOS,200
2026-03-10,SANTA FE,LUIS PALACIOS,32
2026-03-10,SANTA FE,PUEBLO RAMONA,300
2026-03-10,SANTA FE,RAFAELA,419
2026-03-10,SANTA FE,SAN JERONIMO SUD,78
2026-03-10,SANTA FE,SAN JOSE DE LA ESQUI,350
2026-03-10,SANTA FE,SAN JUSTO,7
2026-03-10,SANTA FE,SAN LORENZO,390
2026-03-10,SANTA FE,SAN MARCOS DE VENADO,1000
2026-03-10,SANTA FE,SANTA FE,90
2026-03-10,SANTA FE,SANTO DOMINGO,90
2026-03-10,SANTA FE,TIMBUES,10
2026-03-10,SANTA FE,VENADO TUERTO,9330
2026-03-10,SANTIAGO DEL ESTERO,AGUAS COLORADAS,35
2026-03-10,SANTIAGO DEL ESTERO,LOS JURIES,122
2026-03-10,SANTIAGO DEL ESTERO,QUIMILI,600
2026-03-11,BUENOS AIRES,ARRECIFES,55
2026-03-11,BUENOS AIRES,ARRIBEÑOS,600
2026-03-11,BUENOS AIRES,BARRIO ESTACION QUEQ,173
2026-03-11,BUENOS AIRES,BRAGADO,1000
2026-03-11,BUENOS AIRES,CARLOS CASARES,1000
2026-03-11,BUENOS AIRES,CLAUDIO C. MOLINA,2800
2026-03-11,BUENOS AIRES,CORONEL SUAREZ,2190
2026-03-11,BUENOS AIRES,LA VIOLETA,30
2026-03-11,BUENOS AIRES,TRENQUE LAUQUEN,1510
2026-03-11,BUENOS AIRES,TRES ARROYOS,210
2026-03-11,CÓRDOBA,ABBURRA,1300
2026-03-11,CÓRDOBA,ADELIA MARIA,29
2026-03-11,CÓRDOBA,CANALS,1500
2026-03-11,CÓRDOBA,CHAZON,103
2026-03-11,CÓRDOBA,COLONIA ARROYO DE AL,300
2026-03-11,CÓRDOBA,COLONIA EL TRABAJO,580
2026-03-11,CÓRDOBA,CRUZ ALTA,60
2026-03-11,CÓRDOBA,HERNANDO,300
2026-03-11,CÓRDOBA,JUSTINIANO POSSE,600
2026-03-11,CÓRDOBA,LA PUERTA (DPTO. RIO,60
2026-03-11,CÓRDOBA,LOS CHAÑARITOS (DPTO,150
2026-03-11,CÓRDOBA,MARCOS JUAREZ,120
2026-03-11,CÓRDOBA,MONTE CRISTO,330
2026-03-11,CÓRDOBA,MONTE MAIZ,200
2026-03-11,CÓRDOBA,ONCATIVO,1080
2026-03-11,CÓRDOBA,RIO CUARTO,2588
2026-03-11,CÓRDOBA,RIO TERCERO,120
2026-03-11,CÓRDOBA,SAN FRANCISCO (DPTO.,200
2026-03-11,CÓRDOBA,VICUÑA MACKENNA,1200
2026-03-11,ENTRE RÍOS,BASAVILBASO,360
2026-03-11,ENTRE RÍOS,GENERAL GALARZA,120
2026-03-11,ENTRE RÍOS,LA PAZ,120
2026-03-11,ENTRE RÍOS,VILLA FONTANA,30
2026-03-11,LA PAMPA,CATRILO,90
2026-03-11,LA PAMPA,EDUARDO CASTEX,211
2026-03-11,SALTA,CORONEL CORNEJO,1000
2026-03-11,SANTA FE,ARMSTRONG,760
2026-03-11,SANTA FE,CORONEL ARNOLD,2000
2026-03-11,SANTA FE,DIAZ,300
2026-03-11,SANTA FE,FIGHIERA,1800
2026-03-11,SANTA FE,GODOY,8
2026-03-11,SANTA FE,LANDETA,94
2026-03-11,SANTA FE,LAS ROSAS,125
2026-03-11,SANTA FE,LOGROÑO,500
2026-03-11,SANTA FE,LUIS PALACIOS,700
2026-03-11,SANTA FE,MARIA SUSANA,400
2026-03-11,SANTA FE,RAFAELA,420
2026-03-11,SANTA FE,ROSARIO,420
2026-03-11,SANTA FE,SAN JERONIMO SUD,35
2026-03-11,SANTA FE,SAN JORGE,1890
2026-03-11,SANTA FE,SAN VICENTE (DPTO. C,600
2026-03-11,SANTA FE,SANTA CLARA DE BUENA,30
2026-03-11,SANTA FE,SANTA FE,9900
2026-03-11,SANTA FE,SASTRE,70
2026-03-11,SANTA FE,SUARDI,60
2026-03-11,SANTA FE,TEODELINA,30
2026-03-11,SANTA FE,VENADO TUERTO,4030
2026-03-11,SANTA FE,VILLA CAÑAS,120
2026-03-11,SANTIAGO DEL ESTERO,QUIMILI,600
2026-03-12,BUENOS AIRES,9 DE JULIO,15000
2026-03-12,BUENOS AIRES,ACHUPALLAS,1000
2026-03-12,BUENOS AIRES,ADOLFO GONZALES CHAVEZ,210
2026-03-12,BUENOS AIRES,ALBERTI,960
2026-03-12,BUENOS AIRES,AMERICA,2480
2026-03-12,BUENOS AIRES,ARRECIFES,1140
2026-03-12,BUENOS AIRES,ARRIBEÑOS,47
2026-03-12,BUENOS AIRES,ARROYO BOTIJA FALSA,520
2026-03-12,BUENOS AIRES,ASAMBLEA,400
2026-03-12,BUENOS AIRES,BAHIA BLANCA,250
2026-03-12,BUENOS AIRES,BALCARCE,500
2026-03-12,BUENOS AIRES,BARADERO,30
2026-03-12,BUENOS AIRES,BRAGADO,4790
2026-03-12,BUENOS AIRES,CAPILLA DEL SEÑOR,180
2026-03-12,BUENOS AIRES,CARABELAS,33
2026-03-12,BUENOS AIRES,CARHUE,1000
2026-03-12,BUENOS AIRES,CARLOS CASARES,2150
2026-03-12,BUENOS AIRES,CARMEN DE ARECO,180
2026-03-12,BUENOS AIRES,CAÑADA SECA,600
2026-03-12,BUENOS AIRES,CHACABUCO,1750
2026-03-12,BUENOS AIRES,CHIVILCOY,2080
2026-03-12,BUENOS AIRES,COLON,1600
2026-03-12,BUENOS AIRES,CORONEL PRINGLES,250
2026-03-12,BUENOS AIRES,CORONEL SEGUI,1000
2026-03-12,BUENOS AIRES,CORONEL SUAREZ,1590
2026-03-12,BUENOS AIRES,DAIREAUX,210
2026-03-12,BUENOS AIRES,EDMUNDO B. PERKINS,1000
2026-03-12,BUENOS AIRES,ESPARTILLAR (GRAL. P,500
2026-03-12,BUENOS AIRES,GENERAL O BRIEN,600
2026-03-12,BUENOS AIRES,GENERAL VILLEGAS,6420
2026-03-12,BUENOS AIRES,GONZALES CHAVES,3000
2026-03-12,BUENOS AIRES,HARAS EL 14,60
2026-03-12,BUENOS AIRES,JUAN BAUTISTA ALBERD,300
2026-03-12,BUENOS AIRES,JUNIN,150
2026-03-12,BUENOS AIRES,LIMA,500
2026-03-12,BUENOS AIRES,LINCOLN,4830
2026-03-12,BUENOS AIRES,LOBOS,3000
2026-03-12,BUENOS AIRES,MARIANO H. ALFONZO,1000
2026-03-12,BUENOS AIRES,MICAELA CASCALLARES,1000
2026-03-12,BUENOS AIRES,NECOCHEA,1940
2026-03-12,BUENOS AIRES,ORIENTE,500
2026-03-12,BUENOS AIRES,PEHUAJO,2383
2026-03-12,BUENOS AIRES,PERGAMINO,1490
2026-03-12,BUENOS AIRES,ROJAS,351
2026-03-12,BUENOS AIRES,ROQUE PEREZ,2500
2026-03-12,BUENOS AIRES,SALLIQUELO,740
2026-03-12,BUENOS AIRES,SALTO,210
2026-03-12,BUENOS AIRES,SAN ANTONIO DE ARECO,500
2026-03-12,BUENOS AIRES,SAN NICOLAS,1000
2026-03-12,BUENOS AIRES,SAN PEDRO,120
2026-03-12,BUENOS AIRES,TORNQUIST,90
2026-03-12,BUENOS AIRES,TRENQUE LAUQUEN,6061
2026-03-12,BUENOS AIRES,TRES ARROYOS,350
2026-03-12,BUENOS AIRES,VEDIA,285
2026-03-12,CHACO,CHARATA,3700
2026-03-12,CHACO,CORZUELA,1000
2026-03-12,CHACO,GENERAL PINEDO,936
2026-03-12,CHACO,PAMPA DEL INFIERNO,300
2026-03-12,CIUDAD AUTÓNOMA DE BUENOS AIRES,CAPITAL FEDERAL,2000
2026-03-12,CÓRDOBA,ADELIA MARIA,950
2026-03-12,CÓRDOBA,ALEJANDRO ROCA,360
2026-03-12,CÓRDOBA,ALEJO LEDESMA,89
2026-03-12,CÓRDOBA,ALTA GRACIA,800
2026-03-12,CÓRDOBA,ARIAS,330
2026-03-12,CÓRDOBA,ARROYITO,310
2026-03-12,CÓRDOBA,BELL VILLE,687
2026-03-12,CÓRDOBA,CANALS,500
2026-03-12,CÓRDOBA,CARRILOBO,200
2026-03-12,CÓRDOBA,COLONIA ALMADA,200
2026-03-12,CÓRDOBA,COLONIA ARROYO DE AL,90
2026-03-12,CÓRDOBA,COMECHINGONES (DPTO.,400
2026-03-12,CÓRDOBA,CORDOBA,420
2026-03-12,CÓRDOBA,CORRAL DE BUSTOS,500
2026-03-12,CÓRDOBA,COTAGAITA,37
2026-03-12,CÓRDOBA,DALMACIO VELEZ,40
2026-03-12,CÓRDOBA,DEL CAMPILLO,200
2026-03-12,CÓRDOBA,EL TIO,200
2026-03-12,CÓRDOBA,ELENA,140
2026-03-12,CÓRDOBA,GENERAL CABRERA,420
2026-03-12,CÓRDOBA,GENERAL LEVALLE,1210
2026-03-12,CÓRDOBA,HUINCA RENANCO,1000
2026-03-12,CÓRDOBA,IDIAZABAL,70
2026-03-12,CÓRDOBA,INRIVILLE,150
2026-03-12,CÓRDOBA,ITALO,14000
2026-03-12,CÓRDOBA,JAMES CRAIK,60
2026-03-12,CÓRDOBA,JESUS MARIA,8900
2026-03-12,CÓRDOBA,JUSTINIANO POSSE,3000
2026-03-12,CÓRDOBA,LA CARLOTA,300
2026-03-12,CÓRDOBA,LA CAUTIVA,90
2026-03-12,CÓRDOBA,LABOULAYE,2271
2026-03-12,CÓRDOBA,LAGUNA LARGA,30
2026-03-12,CÓRDOBA,LOS CHAÑARITOS (DPTO,150
2026-03-12,CÓRDOBA,LOS CISNES,106
2026-03-12,CÓRDOBA,LOS ZORROS,341
2026-03-12,CÓRDOBA,LUXARDO,30
2026-03-12,CÓRDOBA,MARCOS JUAREZ,1243
2026-03-12,CÓRDOBA,MATTALDI,640
2026-03-12,CÓRDOBA,MONTE CRISTO,1920
2026-03-12,CÓRDOBA,NICOLAS BRUZONE,390
2026-03-12,CÓRDOBA,OBISPO TREJO,2310
2026-03-12,CÓRDOBA,OLIVA,600
2026-03-12,CÓRDOBA,POZO DEL MOLLE (DPTO,360
2026-03-12,CÓRDOBA,POZO DEL MOLLE (SALT,400
2026-03-12,CÓRDOBA,REDUCCION,300
2026-03-12,CÓRDOBA,RIO CUARTO,11520
2026-03-12,CÓRDOBA,RIO PRIMERO,3330
2026-03-12,CÓRDOBA,SACANTA,300
2026-03-12,CÓRDOBA,SAMPACHO,607
2026-03-12,CÓRDOBA,SAN AGUSTIN,600
2026-03-12,CÓRDOBA,SAN FRANCISCO (DPTO.,600
2026-03-12,CÓRDOBA,SANTIAGO TEMPLE,30
2026-03-12,CÓRDOBA,SERRANO,200
2026-03-12,CÓRDOBA,SINSACATE,620
2026-03-12,CÓRDOBA,VIAMONTE,255
2026-03-12,CÓRDOBA,VICUÑA MACKENNA,1315
2026-03-12,CÓRDOBA,VILLA ASCASUBI,230
2026-03-12,CÓRDOBA,VILLA CONCEPCION DEL,60
2026-03-12,CÓRDOBA,VILLA DEL TOTORAL,1000
2026-03-12,CÓRDOBA,VILLA HUIDOBRO,2000
2026-03-12,CÓRDOBA,VILLA MARIA (JESUS M,210
2026-03-12,CÓRDOBA,WENCESLAO ESCALANTE,629
2026-03-12,ENTRE RÍOS,ARROYO CLE,64
2026-03-12,ENTRE RÍOS,BETBEDER,71
2026-03-12,ENTRE RÍOS,COLONIA SANTA LUISA,137
2026-03-12,ENTRE RÍOS,CRESPO,30
2026-03-12,ENTRE RÍOS,DIAMANTE,30
2026-03-12,ENTRE RÍOS,DON CRISTOBAL,20
2026-03-12,ENTRE RÍOS,GUALEGUAY,467
2026-03-12,ENTRE RÍOS,GUALEGUAYCHU,367
2026-03-12,ENTRE RÍOS,INGENIERO MIGUEL SAJ,97
2026-03-12,ENTRE RÍOS,LAS MOSCAS,2000
2026-03-12,ENTRE RÍOS,MARIA GRANDE,32
2026-03-12,ENTRE RÍOS,NOGOYA,135
2026-03-12,ENTRE RÍOS,PAJONAL,4000
2026-03-12,ENTRE RÍOS,SANTA ELENA (ARROYO,32
2026-03-12,ENTRE RÍOS,URDINARRAIN,3000
2026-03-12,ENTRE RÍOS,VICTORIA,572
2026-03-12,ENTRE RÍOS,VILLAGUAY,5
2026-03-12,LA PAMPA,BERNARDO LARROUDE,3100
2026-03-12,LA PAMPA,CATRILO,210
2026-03-12,LA PAMPA,COLONIA CASTEX,120
2026-03-12,LA PAMPA,DORILA,100
2026-03-12,LA PAMPA,EDUARDO CASTEX,90
2026-03-12,LA PAMPA,GENERAL PICO,7872
2026-03-12,LA PAMPA,INTENDENTE ALVEAR,1200
2026-03-12,LA PAMPA,LA HUMADA,300
2026-03-12,LA PAMPA,LONQUIMAY,3000
2026-03-12,LA PAMPA,QUEMU-QUEMU,350
2026-03-12,LA PAMPA,SANTA ROSA,720
2026-03-12,SALTA,LAS LAJITAS,500
2026-03-12,SALTA,LUIS BURELA,300
2026-03-12,SALTA,PIQUETE CABADO,200
2026-03-12,SALTA,ROSARIO DE LA FRONTE,60
2026-03-12,SAN LUIS,JUSTO DARACT,1250
2026-03-12,SAN LUIS,SAN LUIS,240
2026-03-12,SANTA FE,AGUARA,30
2026-03-12,SANTA FE,AREQUITO,600
2026-03-12,SANTA FE,ARMSTRONG,2770
2026-03-12,SANTA FE,ARROYO AGUIAR,75
2026-03-12,SANTA FE,AVICHUCHO,90
2026-03-12,SANTA FE,BIGAND,21000
2026-03-12,SANTA FE,BOMBAL,60
2026-03-12,SANTA FE,CAMPO QUIRNO,3000
2026-03-12,SANTA FE,CARLOS PELLEGRINI,70
2026-03-12,SANTA FE,CAÑADA DE GOMEZ,60
2026-03-12,SANTA FE,CAÑADA ROSQUIN,130
2026-03-12,SANTA FE,CHAPUY,1410
2026-03-12,SANTA FE,COLONIA CELLO,90
2026-03-12,SANTA FE,COLONIA SILVA,59
2026-03-12,SANTA FE,CORONEL ARNOLD,17
2026-03-12,SANTA FE,CULULU,30
2026-03-12,SANTA FE,DIAZ,300
2026-03-12,SANTA FE,ELORTONDO,510
2026-03-12,SANTA FE,FIGHIERA,300
2026-03-12,SANTA FE,GALVEZ,427
2026-03-12,SANTA FE,GODOY,570
2026-03-12,SANTA FE,LA JOSEFINA,300
2026-03-12,SANTA FE,LANDETA,30
2026-03-12,SANTA FE,LAS PETACAS,120
2026-03-12,SANTA FE,LAS ROSAS,675
2026-03-12,SANTA FE,LLAMBI CAMPBELL,60
2026-03-12,SANTA FE,LUIS PALACIOS,2910
2026-03-12,SANTA FE,MALABRIGO,100
2026-03-12,SANTA FE,MARGARITA,65
2026-03-12,SANTA FE,MARIA JUANA,7250
2026-03-12,SANTA FE,MARIA SUSANA,300
2026-03-12,SANTA FE,PUERTO GRAL SAN MARTIN,1210
2026-03-12,SANTA FE,PUJATO,90
2026-03-12,SANTA FE,RAFAELA,120
2026-03-12,SANTA FE,ROSARIO,3715
2026-03-12,SANTA FE,RUFINO,1530
2026-03-12,SANTA FE,SAN EDUARDO,300
2026-03-12,SANTA FE,SAN GENARO NORTE,1000
2026-03-12,SANTA FE,SAN JERONIMO SUD,90
2026-03-12,SANTA FE,SAN JOSE DE LA ESQUI,60
2026-03-12,SANTA FE,SAN JUSTO,2040
2026-03-12,SANTA FE,SAN LORENZO,3330
2026-03-12,SANTA FE,SAN MARCELO,210
2026-03-12,SANTA FE,SAN MARCOS DE VENADO,27250
2026-03-12,SANTA FE,SAN VICENTE (DPTO. C,1180
2026-03-12,SANTA FE,SANTA CLARA DE BUENA,360
2026-03-12,SANTA FE,SANTA FE,2170
2026-03-12,SANTA FE,SANTA MARGARITA,210
2026-03-12,SANTA FE,SANTO DOMINGO,120
2026-03-12,SANTA FE,SERODINO,42
2026-03-12,SANTA FE,TEODELINA,175
2026-03-12,SANTA FE,VENADO TUERTO,20101
2026-03-12,SANTA FE,VIDELA,90
2026-03-12,SANTA FE,VILLA CAÑAS,300
2026-03-12,SANTA FE,VILLA ELOISA,120
2026-03-12,SANTA FE,VILLA TRINIDAD,8
2026-03-12,SANTA FE,ZAVALLA,30
2026-03-12,SANTIAGO DEL ESTERO,AVERIAS,150
2026-03-12,SANTIAGO DEL ESTERO,BANDERA,1250
2026-03-12,SANTIAGO DEL ESTERO,EL COLORADO,1000
2026-03-12,SANTIAGO DEL ESTERO,LOS JURIES,120
2026-03-12,SANTIAGO DEL ESTERO,OTUMPA,1000
2026-03-12,SANTIAGO DEL ESTERO,PAMPA DE LOS GUANACO,400
2026-03-12,SANTIAGO DEL ESTERO,POZO DEL TOBA,400
2026-03-12,SANTIAGO DEL ESTERO,QUIMILI,4400
2026-03-12,SANTIAGO DEL ESTERO,ROVERSI,620
2026-03-12,SANTIAGO DEL ESTERO,SUNCHO CORRAL,490
2026-03-12,SANTIAGO DEL ESTERO,TINTINA,1000
2026-03-12,SANTIAGO DEL ESTERO,WEISBURD,120
2026-03-12,TUCUMÁN,SAN MIGUEL DE TUCUMA,1000
2026-03-13,BUENOS AIRES,25 DE MAYO,60
2026-03-13,BUENOS AIRES,ACHUPALLAS,180
2026-03-13,BUENOS AIRES,ADOLFO GONZALES CHAVEZ,1500
2026-03-13,BUENOS AIRES,ALBERDI,250
2026-03-13,BUENOS AIRES,ALBERTI,210
2026-03-13,BUENOS AIRES,AMERICA,1500
2026-03-13,BUENOS AIRES,ANDRES VACCAREZZA,90
2026-03-13,BUENOS AIRES,ARRECIFES,1000
2026-03-13,BUENOS AIRES,ARRIBEÑOS,70
2026-03-13,BUENOS AIRES,ASCENSION,500
2026-03-13,BUENOS AIRES,BANDERALO,220
2026-03-13,BUENOS AIRES,BRAGADO,420
2026-03-13,BUENOS AIRES,CAPILLA DEL SEÑOR,600
2026-03-13,BUENOS AIRES,CARLOS CASARES,300
2026-03-13,BUENOS AIRES,CHIVILCOY,390
2026-03-13,BUENOS AIRES,COLON,30
2026-03-13,BUENOS AIRES,CORONEL SUAREZ,30
2026-03-13,BUENOS AIRES,DEL CARRIL,2000
2026-03-13,BUENOS AIRES,DOYLE,90
2026-03-13,BUENOS AIRES,DUGGAN,330
2026-03-13,BUENOS AIRES,EDMUNDO B. PERKINS,1000
2026-03-13,BUENOS AIRES,GENERAL VILLEGAS,2130
2026-03-13,BUENOS AIRES,GUAMINI,38
2026-03-13,BUENOS AIRES,HENDERSON,480
2026-03-13,BUENOS AIRES,JUAN BAUTISTA ALBERD,306
2026-03-13,BUENOS AIRES,LIMA,92
2026-03-13,BUENOS AIRES,LINCOLN,400
2026-03-13,BUENOS AIRES,LOBOS,60
2026-03-13,BUENOS AIRES,LOS TOLDOS,300
2026-03-13,BUENOS AIRES,MARIANO H. ALFONZO,1000
2026-03-13,BUENOS AIRES,PEHUAJO,1204
2026-03-13,BUENOS AIRES,PERGAMINO,608
2026-03-13,BUENOS AIRES,RAMALLO,150
2026-03-13,BUENOS AIRES,ROJAS,661
2026-03-13,BUENOS AIRES,SALADILLO,60
2026-03-13,BUENOS AIRES,SALTO,90
2026-03-13,BUENOS AIRES,SAN ANTONIO DE ARECO,1580
2026-03-13,BUENOS AIRES,SOLIS,210
2026-03-13,BUENOS AIRES,VILLA RUIZ,30
2026-03-13,CHACO,CHARATA,800
2026-03-13,CHACO,HERMOSO CAMPO,25
2026-03-13,CIUDAD AUTÓNOMA DE BUENOS AIRES,CAPITAL FEDERAL,300
2026-03-13,CÓRDOBA,ARROYITO,1000
2026-03-13,CÓRDOBA,BELL VILLE,150
2026-03-13,CÓRDOBA,CAMILO ALDAO,210
2026-03-13,CÓRDOBA,CANALS,875
2026-03-13,CÓRDOBA,CAVANAGH,250
2026-03-13,CÓRDOBA,CHAÑARITOS,95
2026-03-13,CÓRDOBA,COLONIA ITALIANA,1500
2026-03-13,CÓRDOBA,COLONIA MARINA,150
2026-03-13,CÓRDOBA,CORDOBA,359
2026-03-13,CÓRDOBA,CRUZ ALTA,660
2026-03-13,CÓRDOBA,EL TIO,30
2026-03-13,CÓRDOBA,ELENA,1440
2026-03-13,CÓRDOBA,ENFERMERA KELLY (APE,60
2026-03-13,CÓRDOBA,ESPINILLO (DPTO. RIO,100
2026-03-13,CÓRDOBA,GENERAL LEVALLE,78
2026-03-13,CÓRDOBA,GUATIMOZIN,620
2026-03-13,CÓRDOBA,HUINCA RENANCO,1100
2026-03-13,CÓRDOBA,JUSTINIANO POSSE,7000
2026-03-13,CÓRDOBA,LA CARLOTA,300
2026-03-13,CÓRDOBA,LA CRUZ (DPTO. CALAM,120
2026-03-13,CÓRDOBA,LA HERRADURA,90
2026-03-13,CÓRDOBA,LA TORDILLA NORTE,750
2026-03-13,CÓRDOBA,LOS SURGENTES,130
2026-03-13,CÓRDOBA,MARCOS JUAREZ,1050
2026-03-13,CÓRDOBA,MATORRALES,30
2026-03-13,CÓRDOBA,MONTE BUEY,1000
2026-03-13,CÓRDOBA,MONTE CRISTO,1760
2026-03-13,CÓRDOBA,MONTE MAIZ,1710
2026-03-13,CÓRDOBA,NOETINGER,690
2026-03-13,CÓRDOBA,OLIVA,600
2026-03-13,CÓRDOBA,ONCATIVO,300
2026-03-13,CÓRDOBA,ORDOÑEZ,120
2026-03-13,CÓRDOBA,PORTEÑA,30
2026-03-13,CÓRDOBA,RIO PRIMERO,150
2026-03-13,CÓRDOBA,RIO TERCERO,500
2026-03-13,CÓRDOBA,SACANTA,90
2026-03-13,CÓRDOBA,SAN FRANCISCO (DPTO.,838
2026-03-13,CÓRDOBA,SAN JOSE DE LA DORMI,300
2026-03-13,CÓRDOBA,SANTA ROSA DE RIO PR,120
2026-03-13,CÓRDOBA,VILLA DEL ROSARIO,155
2026-03-13,CÓRDOBA,VILLA MARIA (DPTO. G,30
2026-03-13,CÓRDOBA,VILLA MARIA (JESUS M,400
2026-03-13,ENTRE RÍOS,ACHIRAS,60
2026-03-13,ENTRE RÍOS,ALDEA PROTESTANTE,30
2026-03-13,ENTRE RÍOS,ARROYO BARU,159
2026-03-13,ENTRE RÍOS,ARROYO GRANDE,489
2026-03-13,ENTRE RÍOS,COLONIA SAN CIPRIANO,60
2026-03-13,ENTRE RÍOS,COLONIA SAN MIGUEL,161
2026-03-13,ENTRE RÍOS,CRUCESITAS 7A. SECCI,103
2026-03-13,ENTRE RÍOS,DIAMANTE,18
2026-03-13,ENTRE RÍOS,EL PALENQUE,31
2026-03-13,ENTRE RÍOS,GENACITO,94
2026-03-13,ENTRE RÍOS,GUALEGUAY,3350
2026-03-13,ENTRE RÍOS,GUALEGUAYCHU,300
2026-03-13,ENTRE RÍOS,HAMBIS,330
2026-03-13,ENTRE RÍOS,INGENIERO MIGUEL SAJ,157
2026-03-13,ENTRE RÍOS,LA PAZ,1000
2026-03-13,ENTRE RÍOS,LARROQUE,30
2026-03-13,ENTRE RÍOS,LUCAS NORTE,1000
2026-03-13,ENTRE RÍOS,MACIA,404
2026-03-13,ENTRE RÍOS,MARIA GRANDE PRIMERA,61
2026-03-13,ENTRE RÍOS,NOGOYA,480
2026-03-13,ENTRE RÍOS,PAJONAL,450
2026-03-13,ENTRE RÍOS,RAICES,24
2026-03-13,ENTRE RÍOS,SAGASTUME (CEIBAS-DP,60
2026-03-13,ENTRE RÍOS,SAN MIGUEL,360
2026-03-13,ENTRE RÍOS,VIALE,206
2026-03-13,ENTRE RÍOS,VICTORIA,455
2026-03-13,ENTRE RÍOS,VILLA CLARA,64
2026-03-13,ENTRE RÍOS,VILLA ELISA,32
2026-03-13,ENTRE RÍOS,VILLA MANTERO,61
2026-03-13,ENTRE RÍOS,VILLAGUAY,336
2026-03-13,ENTRE RÍOS,WALTER MOSS,93
2026-03-13,LA PAMPA,BERNARDO LARROUDE,16500
2026-03-13,LA PAMPA,CATRILO,500
2026-03-13,LA PAMPA,EDUARDO CASTEX,441
2026-03-13,LA PAMPA,GENERAL PICO,2120
2026-03-13,LA PAMPA,MIGUEL CANE,200
2026-03-13,LA PAMPA,QUEMU-QUEMU,200
2026-03-13,SALTA,LAS LAJITAS,500
2026-03-13,SANTA FE,AARON CASTELLANOS,600
2026-03-13,SANTA FE,ACEBAL,30
2026-03-13,SANTA FE,ARMSTRONG,2150
2026-03-13,SANTA FE,ARROYO AGUIAR,30
2026-03-13,SANTA FE,ARROYO SECO,1000
2026-03-13,SANTA FE,BAUER Y SIGEL,90
2026-03-13,SANTA FE,BERNARDO DE IRIGOYEN,30
2026-03-13,SANTA FE,BOMBAL,60
2026-03-13,SANTA FE,BUSTINZA,326
2026-03-13,SANTA FE,CARLOS PELLEGRINI,30
2026-03-13,SANTA FE,CARMEN,800
2026-03-13,SANTA FE,CARRIZALES,30
2026-03-13,SANTA FE,CAÑADA ROSQUIN,300
2026-03-13,SANTA FE,CHAPUY,1790
2026-03-13,SANTA FE,COLONIA CELLO,74
2026-03-13,SANTA FE,DIAZ,1020
2026-03-13,SANTA FE,ELORTONDO,750
2026-03-13,SANTA FE,ESMERALDA,57
2026-03-13,SANTA FE,GALVEZ,128
2026-03-13,SANTA FE,GARIBALDI,80
2026-03-13,SANTA FE,HUMBOLDT,300
2026-03-13,SANTA FE,IBARLUCEA,23
2026-03-13,SANTA FE,LA JOSEFINA,900
2026-03-13,SANTA FE,LANDETA,300
2026-03-13,SANTA FE,LAS PETACAS,60
2026-03-13,SANTA FE,LAS ROSAS,342
2026-03-13,SANTA FE,LLAMBI CAMPBELL,300
2026-03-13,SANTA FE,LUIS PALACIOS,820
2026-03-13,SANTA FE,MARCELINO ESCALADA,97
2026-03-13,SANTA FE,MARGARITA,120
2026-03-13,SANTA FE,MARIA JUANA,11120
2026-03-13,SANTA FE,MARIA SUSANA,60
2026-03-13,SANTA FE,MARIA TERESA,30
2026-03-13,SANTA FE,MURPHY,90
2026-03-13,SANTA FE,PILAR,4000
2026-03-13,SANTA FE,PROGRESO,60
2026-03-13,SANTA FE,PUERTO GRAL SAN MARTIN,2350
2026-03-13,SANTA FE,PUJATO,60
2026-03-13,SANTA FE,RAFAELA,751
2026-03-13,SANTA FE,RAMAYON,30
2026-03-13,SANTA FE,RECREO,60
2026-03-13,SANTA FE,ROLDAN,500
2026-03-13,SANTA FE,ROSARIO,1870
2026-03-13,SANTA FE,RUFINO,788
2026-03-13,SANTA FE,SAN BERNARDO,190
2026-03-13,SANTA FE,SAN JORGE,700
2026-03-13,SANTA FE,SAN JOSE DE LA ESQUI,60
2026-03-13,SANTA FE,SAN JUSTO,5609
2026-03-13,SANTA FE,SAN LORENZO,240
2026-03-13,SANTA FE,SAN MARCOS DE VENADO,3800
2026-03-13,SANTA FE,SAN MARTIN DE LAS ES,9000
2026-03-13,SANTA FE,SANTA CLARA,450
2026-03-13,SANTA FE,SANTA CLARA DE BUENA,360
2026-03-13,SANTA FE,SANTA FE,1625
2026-03-13,SANTA FE,SANTO DOMINGO,120
2026-03-13,SANTA FE,TACURAL,48
2026-03-13,SANTA FE,TIMBUES,208
2026-03-13,SANTA FE,TOTORAS,3000
2026-03-13,SANTA FE,VENADO TUERTO,4422
2026-03-13,SANTA FE,VIDELA,300
2026-03-13,SANTA FE,VILLA CAÑAS,400
2026-03-13,SANTA FE,VILLA TRINIDAD,31
2026-03-13,SANTA FE,WHEELWRIGHT,150
2026-03-13,SANTIAGO DEL ESTERO,LA PALOMA (EMBARCADE,500
2026-03-13,SANTIAGO DEL ESTERO,SANTIAGO DEL ESTERO,90
2026-03-13,TUCUMÁN,TACO RALO,90
2026-03-14,BUENOS AIRES,BRAGADO,60
2026-03-14,CÓRDOBA,MARCOS JUAREZ,30
2026-03-14,CÓRDOBA,VILLA VALERIA,120
2026-03-14,ENTRE RÍOS,CERRITO,124
2026-03-14,SANTA FE,LAS PETACAS,60
2026-03-15,CÓRDOBA,MATORRALES,30
2026-03-15,SANTA FE,LAS PETACAS,150
2026-03-16,BUENOS AIRES,ALBERTI,1980
2026-03-16,BUENOS AIRES,AMEGHINO,472
2026-03-16,BUENOS AIRES,AMERICA,41
2026-03-16,BUENOS AIRES,ANDRES VACCAREZZA,17
2026-03-16,BUENOS AIRES,ARRECIFES,1973
2026-03-16,BUENOS AIRES,ARROYO DULCE,1000
2026-03-16,BUENOS AIRES,BARADERO,2120
2026-03-16,BUENOS AIRES,BRAGADO,300
2026-03-16,BUENOS AIRES,CARLOS CASARES,2300
2026-03-16,BUENOS AIRES,CHILLAR,1000
2026-03-16,BUENOS AIRES,CHIVILCOY,5510
2026-03-16,BUENOS AIRES,CLAUDIO C. MOLINA,1000
2026-03-16,BUENOS AIRES,COLON,4000
2026-03-16,BUENOS AIRES,CORONEL DORREGO,14
2026-03-16,BUENOS AIRES,CORONEL SUAREZ,240
2026-03-16,BUENOS AIRES,DOYLE,25
2026-03-16,BUENOS AIRES,DUGGAN,300
2026-03-16,BUENOS AIRES,EDMUNDO B. PERKINS,1000
2026-03-16,BUENOS AIRES,GENERAL VILLEGAS,600
2026-03-16,BUENOS AIRES,IRENEO PORTELA,90
2026-03-16,BUENOS AIRES,JUAN BAUTISTA ALBERD,600
2026-03-16,BUENOS AIRES,LAS FLORES,180
2026-03-16,BUENOS AIRES,LINCOLN,1100
2026-03-16,BUENOS AIRES,LOS TOLDOS,49
2026-03-16,BUENOS AIRES,LUJAN,360
2026-03-16,BUENOS AIRES,MARIANO H. ALFONZO,1000
2026-03-16,BUENOS AIRES,NECOCHEA,1000
2026-03-16,BUENOS AIRES,PERGAMINO,58709
2026-03-16,BUENOS AIRES,ROJAS,120
2026-03-16,BUENOS AIRES,SAN ANTONIO DE ARECO,3500
2026-03-16,BUENOS AIRES,TRENQUE LAUQUEN,93
2026-03-16,BUENOS AIRES,VALENTIN ALSINA,27
2026-03-16,BUENOS AIRES,VEDIA,68
2026-03-16,BUENOS AIRES,VILLA SAUZE,2
2026-03-16,CHACO,GANCEDO,15000
2026-03-16,CHACO,PAMPA DEL INFIERNO,38
2026-03-16,CHACO,SAN BERNARDO,75
2026-03-16,CIUDAD AUTÓNOMA DE BUENOS AIRES,CAPITAL FEDERAL,2690
2026-03-16,CÓRDOBA,ADELIA MARIA,50030
2026-03-16,CÓRDOBA,ALEJO LEDESMA,181
2026-03-16,CÓRDOBA,ARIAS,323
2026-03-16,CÓRDOBA,BELL VILLE,680
2026-03-16,CÓRDOBA,CANALS,524
2026-03-16,CÓRDOBA,CAROLINA,193
2026-03-16,CÓRDOBA,CARRILOBO,360
2026-03-16,CÓRDOBA,COLONIA TIROLESA,80
2026-03-16,CÓRDOBA,COLONIA VALTELINA,35
2026-03-16,CÓRDOBA,CRUZ ALTA,1000
2026-03-16,CÓRDOBA,DEVOTO,60
2026-03-16,CÓRDOBA,GENERAL CABRERA,60
2026-03-16,CÓRDOBA,GUATIMOZIN,330
2026-03-16,CÓRDOBA,IDIAZABAL,13
2026-03-16,CÓRDOBA,INRIVILLE,1079
2026-03-16,CÓRDOBA,ISLA VERDE (DPTO. MA,30
2026-03-16,CÓRDOBA,JESUS MARIA,700
2026-03-16,CÓRDOBA,JUSTINIANO POSSE,17790
2026-03-16,CÓRDOBA,LA CESIRA,200
2026-03-16,CÓRDOBA,LA QUINTA (DPTO. RIO,85
2026-03-16,CÓRDOBA,LA TORDILLA NORTE,60
2026-03-16,CÓRDOBA,LABOULAYE,420
2026-03-16,CÓRDOBA,LAS VARAS,120
2026-03-16,CÓRDOBA,LOS CISNES,180
2026-03-16,CÓRDOBA,LUXARDO,128
2026-03-16,CÓRDOBA,MARCOS JUAREZ,2763
2026-03-16,CÓRDOBA,MATORRALES,1210
2026-03-16,CÓRDOBA,MONTE BUEY,928
2026-03-16,CÓRDOBA,MONTE CRISTO,120
2026-03-16,CÓRDOBA,PASCANAS,511
2026-03-16,CÓRDOBA,PILAR,373
2026-03-16,CÓRDOBA,PLAZA SAN FRANCISCO,330
2026-03-16,CÓRDOBA,PORTEÑA,63
2026-03-16,CÓRDOBA,POZO DEL MOLLE (DPTO,540
2026-03-16,CÓRDOBA,QUEBRACHO HERRADO,181
2026-03-16,CÓRDOBA,RIO CUARTO,450
2026-03-16,CÓRDOBA,RIO PRIMERO,2520
2026-03-16,CÓRDOBA,RIO TERCERO,500
2026-03-16,CÓRDOBA,SAN BASILIO,60
2026-03-16,CÓRDOBA,SERRANO,7
2026-03-16,CÓRDOBA,TICINO,240
2026-03-16,CÓRDOBA,VILLA DEL ROSARIO,23
2026-03-16,CÓRDOBA,VILLA HUIDOBRO,31
2026-03-16,CÓRDOBA,VILLA MARIA (JESUS M,30
2026-03-16,CÓRDOBA,VILLA SANTA ROSA,40
2026-03-16,CÓRDOBA,VILLA SARMIENTO,4
2026-03-16,CÓRDOBA,WENCESLAO ESCALANTE,90
2026-03-16,ENTRE RÍOS,ALDEA PROTESTANTE,60
2026-03-16,ENTRE RÍOS,ALDEA VALLE MARIA,421
2026-03-16,ENTRE RÍOS,COLONIA LAS PEPAS,207
2026-03-16,ENTRE RÍOS,COLONIA NUEVA,111
2026-03-16,ENTRE RÍOS,COSTA GRANDE,60
2026-03-16,ENTRE RÍOS,CRESPO,38
2026-03-16,ENTRE RÍOS,CRUCESITAS 7A. SECCI,198
2026-03-16,ENTRE RÍOS,DIAMANTE,150
2026-03-16,ENTRE RÍOS,DON CRISTOBAL,35
2026-03-16,ENTRE RÍOS,GALARZA,307
2026-03-16,ENTRE RÍOS,GENERAL GUEMES,31
2026-03-16,ENTRE RÍOS,GOBERNADOR MANSILLA,900
2026-03-16,ENTRE RÍOS,GUALEGUAY,3274
2026-03-16,ENTRE RÍOS,GUALEGUAYCHU,208
2026-03-16,ENTRE RÍOS,HAMBIS,320
2026-03-16,ENTRE RÍOS,LARROQUE,103
2026-03-16,ENTRE RÍOS,LAS TUNAS,29
2026-03-16,ENTRE RÍOS,MARIA GRANDE,143
2026-03-16,ENTRE RÍOS,MARIA GRANDE PRIMERA,6
2026-03-16,ENTRE RÍOS,MOJONES SUD,224
2026-03-16,ENTRE RÍOS,NOGOYA,36
2026-03-16,ENTRE RÍOS,PAJONAL,16
2026-03-16,ENTRE RÍOS,RAICES ESTE,100
2026-03-16,ENTRE RÍOS,SEGUI,23
2026-03-16,ENTRE RÍOS,SOLA,6
2026-03-16,ENTRE RÍOS,STROBEL,600
2026-03-16,ENTRE RÍOS,URDINARRAIN,600
2026-03-16,ENTRE RÍOS,VIALE,268
2026-03-16,ENTRE RÍOS,VICTORIA,185
2026-03-16,ENTRE RÍOS,VILLA DEL ROSARIO,650
2026-03-16,ENTRE RÍOS,VILLAGUAY,103
2026-03-16,LA PAMPA,CATRILO,2000
2026-03-16,SAN LUIS,CANDELARIA,300
2026-03-16,SANTA FE,ALCORTA DTO CONSTITU,60
2026-03-16,SANTA FE,AMENABAR,180
2026-03-16,SANTA FE,ARMSTRONG,210
2026-03-16,SANTA FE,ARROYO AGUIAR,75
2026-03-16,SANTA FE,ATALIVA,30
2026-03-16,SANTA FE,BIGAND,300
2026-03-16,SANTA FE,BUSTINZA,1800
2026-03-16,SANTA FE,CAMPO QUIRNO,650
2026-03-16,SANTA FE,CARLOS PELLEGRINI,400
2026-03-16,SANTA FE,CHABAS,210
2026-03-16,SANTA FE,CHAPUY,526
2026-03-16,SANTA FE,CLUCELLAS,165
2026-03-16,SANTA FE,COLONIA BELGRANO,90
2026-03-16,SANTA FE,COLONIA CASTELLANOS,60
2026-03-16,SANTA FE,COLONIA JOSEFINA,600
2026-03-16,SANTA FE,COLONIA MASCIAS,21
2026-03-16,SANTA FE,ELORTONDO,240
2026-03-16,SANTA FE,EMILIA,270
2026-03-16,SANTA FE,FIGHIERA,51
2026-03-16,SANTA FE,FRANCK,120
2026-03-16,SANTA FE,GOBERNADOR CRESPO,1005
2026-03-16,SANTA FE,GODOY,210
2026-03-16,SANTA FE,"HUMBERTO I""",127
2026-03-16,SANTA FE,INGENIERO CHANOURDIE,10
2026-03-16,SANTA FE,ITUZAINGO,140
2026-03-16,SANTA FE,LA JOSEFINA,600
2026-03-16,SANTA FE,LAS ROSAS,430
2026-03-16,SANTA FE,LUIS PALACIOS,542
2026-03-16,SANTA FE,MAGGIOLO,350
2026-03-16,SANTA FE,MARGARITA,160
2026-03-16,SANTA FE,MARIA JUANA,2879
2026-03-16,SANTA FE,MARIA SUSANA,30
2026-03-16,SANTA FE,MURPHY,210
2026-03-16,SANTA FE,PILAR,4000
2026-03-16,SANTA FE,PUERTO GRAL SAN MARTIN,2180
2026-03-16,SANTA FE,PUJATO,300
2026-03-16,SANTA FE,RAFAELA,60
2026-03-16,SANTA FE,RAMAYON,90
2026-03-16,SANTA FE,RICARDONE,30
2026-03-16,SANTA FE,RUFINO,90
2026-03-16,SANTA FE,SAN JERONIMO SUD,60
2026-03-16,SANTA FE,SAN JUSTO,1362
2026-03-16,SANTA FE,SAN LORENZO,1090
2026-03-16,SANTA FE,SAN MARCOS DE VENADO,1000
2026-03-16,SANTA FE,SANTA CLARA DE BUENA,450
2026-03-16,SANTA FE,SANTA FE,750
2026-03-16,SANTA FE,SANTO DOMINGO,15
2026-03-16,SANTA FE,SARMIENTO,48
2026-03-16,SANTA FE,SUARDI,30
2026-03-16,SANTA FE,SUNCHALES,240
2026-03-16,SANTA FE,TIMBUES,148
2026-03-16,SANTA FE,TORTUGAS,31
2026-03-16,SANTA FE,TOTORAS,6420
2026-03-16,SANTA FE,VENADO TUERTO,25236
2026-03-16,SANTA FE,VIDELA,112
2026-03-16,SANTA FE,VILLA CAÑAS,30
2026-03-16,SANTA FE,VILLA CONSTITUCION,30
2026-03-16,SANTA FE,VILLA TRINIDAD,500
2026-03-16,SANTA FE,ZAVALLA,17
2026-03-16,SANTIAGO DEL ESTERO,BANDERA,7
2026-03-16,SANTIAGO DEL ESTERO,SACHAYOJ,15000
2026-03-16,SANTIAGO DEL ESTERO,SOL DE JULIO,370
2026-03-17,BUENOS AIRES,25 DE MAYO,1527
2026-03-17,BUENOS AIRES,9 DE JULIO,2000
2026-03-17,BUENOS AIRES,AMEGHINO,1170
2026-03-17,BUENOS AIRES,AMERICA,2250
2026-03-17,BUENOS AIRES,APARICIO,60
2026-03-17,BUENOS AIRES,ARRECIFES,90
2026-03-17,BUENOS AIRES,ARRIBEÑOS,179
2026-03-17,BUENOS AIRES,ASTURIAS,30
2026-03-17,BUENOS AIRES,BAHIA BLANCA,1770
2026-03-17,BUENOS AIRES,BARADERO,30
2026-03-17,BUENOS AIRES,BARRIO VILLA GAUCHO,6000
2026-03-17,BUENOS AIRES,BELLOCQ,60
2026-03-17,BUENOS AIRES,BRAGADO,7280
2026-03-17,BUENOS AIRES,CARLOS CASARES,5000
2026-03-17,BUENOS AIRES,CASBAS,1000
2026-03-17,BUENOS AIRES,CHACABUCO,1000
2026-03-17,BUENOS AIRES,CHIVILCOY,90
2026-03-17,BUENOS AIRES,COLON,2990
2026-03-17,BUENOS AIRES,CORONEL PRINGLES,590
2026-03-17,BUENOS AIRES,CORONEL SUAREZ,941
2026-03-17,BUENOS AIRES,DUGGAN,13
2026-03-17,BUENOS AIRES,GENERAL ROJO,240
2026-03-17,BUENOS AIRES,GENERAL VILLEGAS,2896
2026-03-17,BUENOS AIRES,GONZALES CHAVES,3000
2026-03-17,BUENOS AIRES,HUANGUELEN,120
2026-03-17,BUENOS AIRES,JUAN JOSE PASO,200
2026-03-17,BUENOS AIRES,LA DULCE,60
2026-03-17,BUENOS AIRES,LUJAN,240
2026-03-17,BUENOS AIRES,NECOCHEA,1800
2026-03-17,BUENOS AIRES,PEHUAJO,1604
2026-03-17,BUENOS AIRES,PERGAMINO,1048
2026-03-17,BUENOS AIRES,PIEDRITAS,200
2026-03-17,BUENOS AIRES,PUAN,180
2026-03-17,BUENOS AIRES,QUEQUEN,3300
2026-03-17,BUENOS AIRES,RAFAEL OBLIGADO,60
2026-03-17,BUENOS AIRES,ROJAS,592
2026-03-17,BUENOS AIRES,SALTO,70
2026-03-17,BUENOS AIRES,TRENQUE LAUQUEN,9121
2026-03-17,BUENOS AIRES,TRES ARROYOS,510
2026-03-17,BUENOS AIRES,VEDIA,30
2026-03-17,CIUDAD AUTÓNOMA DE BUENOS AIRES,CAPITAL FEDERAL,10100
2026-03-17,CÓRDOBA,ADELIA MARIA,300
2026-03-17,CÓRDOBA,ALEJANDRO ROCA,120
2026-03-17,CÓRDOBA,ARIAS,127
2026-03-17,CÓRDOBA,BELL VILLE,535
2026-03-17,CÓRDOBA,BLAS DE ROSALES,210
2026-03-17,CÓRDOBA,CANALS,407
2026-03-17,CÓRDOBA,CARRILOBO,190
2026-03-17,CÓRDOBA,CHAJAN,249
2026-03-17,CÓRDOBA,COLONIA MARINA,30
2026-03-17,CÓRDOBA,COLONIA SAN BARTOLOM,96
2026-03-17,CÓRDOBA,CORRAL DE BUSTOS,30
2026-03-17,CÓRDOBA,DEL CAMPILLO,150
2026-03-17,CÓRDOBA,DEVOTO,419
2026-03-17,CÓRDOBA,GUATIMOZIN,150
2026-03-17,CÓRDOBA,HIPOLITO BOUCHARD,300
2026-03-17,CÓRDOBA,HUINCA RENANCO,1000
2026-03-17,CÓRDOBA,INRIVILLE,350
2026-03-17,CÓRDOBA,JESUS MARIA,330
2026-03-17,CÓRDOBA,JUSTINIANO POSSE,400
2026-03-17,CÓRDOBA,LA CARLOTA,60
2026-03-17,CÓRDOBA,LABOULAYE,1559
2026-03-17,CÓRDOBA,LAGUNA LARGA,60
2026-03-17,CÓRDOBA,LAS ACEQUIAS,40
2026-03-17,CÓRDOBA,LAS VARILLAS,60
2026-03-17,CÓRDOBA,LOS CISNES,601
2026-03-17,CÓRDOBA,LOS COMETIERRA,385
2026-03-17,CÓRDOBA,MARCOS JUAREZ,89
2026-03-17,CÓRDOBA,MAUNIER,29
2026-03-17,CÓRDOBA,MONTE BUEY,766
2026-03-17,CÓRDOBA,MONTE CRISTO,150
2026-03-17,CÓRDOBA,PILAR,101
2026-03-17,CÓRDOBA,RIO PRIMERO,391
2026-03-17,CÓRDOBA,SINSACATE,1500
2026-03-17,CÓRDOBA,TOLEDO,120
2026-03-17,CÓRDOBA,TRANSITO,300
2026-03-17,CÓRDOBA,UCACHA,120
2026-03-17,CÓRDOBA,VICUÑA MACKENNA,300
2026-03-17,CÓRDOBA,VILLA MARIA (DPTO. G,2193
2026-03-17,CÓRDOBA,VILLA MARIA (JESUS M,60
2026-03-17,CÓRDOBA,WENCESLAO ESCALANTE,410
2026-03-17,ENTRE RÍOS,CERRITO,31
2026-03-17,ENTRE RÍOS,CRUCESITAS 7A. SECCI,430
2026-03-17,ENTRE RÍOS,DIAMANTE,3314
2026-03-17,ENTRE RÍOS,DISTRITO TALA,381
2026-03-17,ENTRE RÍOS,DON CRISTOBAL SEGUND,101
2026-03-17,ENTRE RÍOS,DURAZNO,390
2026-03-17,ENTRE RÍOS,ESTACAS,248
2026-03-17,ENTRE RÍOS,GALARZA,29
2026-03-17,ENTRE RÍOS,GENACITO,97
2026-03-17,ENTRE RÍOS,GUALEGUAY,420
2026-03-17,ENTRE RÍOS,GUALEGUAYCHU,1575
2026-03-17,ENTRE RÍOS,LA PAZ,70
2026-03-17,ENTRE RÍOS,LA SUIZA,30
2026-03-17,ENTRE RÍOS,MARIA GRANDE PRIMERA,353
2026-03-17,ENTRE RÍOS,NOGOYA,90
2026-03-17,ENTRE RÍOS,PALAVECINO,30
2026-03-17,ENTRE RÍOS,PEHUAJO NORTE,61
2026-03-17,ENTRE RÍOS,SAN CIPRIANO,48
2026-03-17,ENTRE RÍOS,SAN MIGUEL,208
2026-03-17,ENTRE RÍOS,SAN SALVADOR,304
2026-03-17,ENTRE RÍOS,SANTA ELENA (ARROYO,448
2026-03-17,ENTRE RÍOS,SEGUI,14
2026-03-17,ENTRE RÍOS,SOSA,351
2026-03-17,ENTRE RÍOS,VIALE,170
2026-03-17,ENTRE RÍOS,VICTORIA,600
2026-03-17,ENTRE RÍOS,VILLA DOMINGUEZ,240
2026-03-17,ENTRE RÍOS,VILLA ELISA,239
2026-03-17,ENTRE RÍOS,VILLA URQUIZA,60
2026-03-17,ENTRE RÍOS,VILLAGUAY,593
2026-03-17,LA PAMPA,BERNARDO LARROUDE,90
2026-03-17,LA PAMPA,CATRILO,500
2026-03-17,LA PAMPA,CEBALLOS,8000
2026-03-17,LA PAMPA,GENERAL PICO,130
2026-03-17,LA PAMPA,TREBOLARES,500
2026-03-17,SANTA FE,ALVAREZ,30
2026-03-17,SANTA FE,AREQUITO,510
2026-03-17,SANTA FE,ARMSTRONG,60
2026-03-17,SANTA FE,BERNARDO DE IRIGOYEN,60
2026-03-17,SANTA FE,CARRERAS,500
2026-03-17,SANTA FE,CAÑADA ROSQUIN,300
2026-03-17,SANTA FE,CHAPUY,240
2026-03-17,SANTA FE,EMILIA,300
2026-03-17,SANTA FE,ESMERALDA,53
2026-03-17,SANTA FE,ESTACION CLUCELLAS,100
2026-03-17,SANTA FE,FIGHIERA,300
2026-03-17,SANTA FE,GALVEZ,117
2026-03-17,SANTA FE,GATO COLORADO,30
2026-03-17,SANTA FE,GODEKEN,737
2026-03-17,SANTA FE,"HUMBERTO I""",240
2026-03-17,SANTA FE,HUMBOLDT,180
2026-03-17,SANTA FE,INGENIERO CHANOURDIE,20
2026-03-17,SANTA FE,LA JOSEFINA,600
2026-03-17,SANTA FE,LA PELADA,60
2026-03-17,SANTA FE,LAS PAREJAS,73
2026-03-17,SANTA FE,LAS ROSAS,300
2026-03-17,SANTA FE,LOS QUIRQUINCHOS,72
2026-03-17,SANTA FE,LUIS PALACIOS,344
2026-03-17,SANTA FE,MARIA JUANA,2411
2026-03-17,SANTA FE,MONTES DE OCA,6
2026-03-17,SANTA FE,POZO BORRADO,31
2026-03-17,SANTA FE,PUEBLO RAMONA,450
2026-03-17,SANTA FE,PUERTO GRAL SAN MARTIN,1140
2026-03-17,SANTA FE,PUJATO,150
2026-03-17,SANTA FE,ROSARIO,990
2026-03-17,SANTA FE,RUFINO,2140
2026-03-17,SANTA FE,SAN CARLOS CENTRO,150
2026-03-17,SANTA FE,SAN CARLOS NORTE,60
2026-03-17,SANTA FE,SAN CARLOS SUD,60
2026-03-17,SANTA FE,SAN EDUARDO,62
2026-03-17,SANTA FE,SAN JERONIMO SUD,95
2026-03-17,SANTA FE,SAN JUSTO,304
2026-03-17,SANTA FE,SAN LORENZO,6300
2026-03-17,SANTA FE,SAN MARCOS DE VENADO,6070
2026-03-17,SANTA FE,SANTA CLARA DE BUENA,646
2026-03-17,SANTA FE,SANTA EMILIA,800
2026-03-17,SANTA FE,SANTA FE,5960
2026-03-17,SANTA FE,SANTA ISABEL,2
2026-03-17,SANTA FE,SANTO DOMINGO,90
2026-03-17,SANTA FE,TOTORAS,7000
2026-03-17,SANTA FE,VENADO TUERTO,3543
2026-03-17,SANTA FE,VILA,23
2026-03-17,SANTA FE,VILLA CAÑAS,200
2026-03-17,SANTA FE,VILLA MINETTI,1000
2026-03-17,SANTA FE,VILLA TRINIDAD,500
2026-03-17,SANTIAGO DEL ESTERO,ARBOL BLANCO,4000
2026-03-17,SANTIAGO DEL ESTERO,OTUMPA,300
2026-03-17,SANTIAGO DEL ESTERO,WEISBURD,300
2026-03-17,TUCUMÁN,BURRUYACU,1000
2026-03-17,TUCUMÁN,GOBERNADOR GARMENDIA,1000
2026-03-17,TUCUMÁN,LA COCHA,500
2026-03-18,BUENOS AIRES,25 DE MAYO,210
2026-03-18,BUENOS AIRES,9 DE JULIO,3060
2026-03-18,BUENOS AIRES,ADOLFO GONZALES CHAVEZ,1200
2026-03-18,BUENOS AIRES,ALBERTI,2990
2026-03-18,BUENOS AIRES,AMERICA,200
2026-03-18,BUENOS AIRES,ARRECIFES,4617
2026-03-18,BUENOS AIRES,ARRIBEÑOS,300
2026-03-18,BUENOS AIRES,BAHIA BLANCA,860
2026-03-18,BUENOS AIRES,BALCARCE,200
2026-03-18,BUENOS AIRES,BANDERALO,180
2026-03-18,BUENOS AIRES,BARADERO,149
2026-03-18,BUENOS AIRES,BARRIO ESTACION QUEQ,30
2026-03-18,BUENOS AIRES,BARRIO VILLA GAUCHO,2000
2026-03-18,BUENOS AIRES,BOLIVAR,250
2026-03-18,BUENOS AIRES,BRAGADO,10700
2026-03-18,BUENOS AIRES,CARLOS CASARES,10710
2026-03-18,BUENOS AIRES,CASBAS,1120
2026-03-18,BUENOS AIRES,CASCADA,60
2026-03-18,BUENOS AIRES,CAÑADA SECA,45
2026-03-18,BUENOS AIRES,CHIVILCOY,180
2026-03-18,BUENOS AIRES,CLAUDIO C. MOLINA,200
2026-03-18,BUENOS AIRES,COLON,1278
2026-03-18,BUENOS AIRES,CORONEL PRINGLES,995
2026-03-18,BUENOS AIRES,CORONEL SUAREZ,660
2026-03-18,BUENOS AIRES,DAIREAUX,180
2026-03-18,BUENOS AIRES,DOS HERMANOS,210
2026-03-18,BUENOS AIRES,DUGGAN,308
2026-03-18,BUENOS AIRES,ESPARTILLAR (PDO. SAAVEDRA),100
2026-03-18,BUENOS AIRES,GENERAL VILLEGAS,3353
2026-03-18,BUENOS AIRES,GONZALES CHAVES,1500
2026-03-18,BUENOS AIRES,IRALA,100
2026-03-18,BUENOS AIRES,JUAN JOSE PASO,1000
2026-03-18,BUENOS AIRES,JUNIN,63
2026-03-18,BUENOS AIRES,LA ANGELITA,60
2026-03-18,BUENOS AIRES,LAS FLORES,150
2026-03-18,BUENOS AIRES,LIMA,60
2026-03-18,BUENOS AIRES,LINCOLN,1698
2026-03-18,BUENOS AIRES,LOBERIA,100
2026-03-18,BUENOS AIRES,LUJAN,500
2026-03-18,BUENOS AIRES,MORSE,970
2026-03-18,BUENOS AIRES,NECOCHEA,4830
2026-03-18,BUENOS AIRES,PEHUAJO,143
2026-03-18,BUENOS AIRES,PERGAMINO,1042
2026-03-18,BUENOS AIRES,PIEDRITAS,1400
2026-03-18,BUENOS AIRES,QUEQUEN,430
2026-03-18,BUENOS AIRES,RAMALLO,210
2026-03-18,BUENOS AIRES,ROJAS,572
2026-03-18,BUENOS AIRES,SALADILLO,90
2026-03-18,BUENOS AIRES,SALLIQUELO,527
2026-03-18,BUENOS AIRES,SALTO,82
2026-03-18,BUENOS AIRES,SAN ANTONIO DE ARECO,60
2026-03-18,BUENOS AIRES,SAN MANUEL,500
2026-03-18,BUENOS AIRES,TRENQUE LAUQUEN,4303
2026-03-18,BUENOS AIRES,TRES ARROYOS,1470
2026-03-18,BUENOS AIRES,VEDIA,90
2026-03-18,BUENOS AIRES,VELA,450
2026-03-18,CHACO,CERRITO,200
2026-03-18,CHACO,LOS FRENTONES,2000
2026-03-18,CHACO,PAMPA DEL INFIERNO,3000
2026-03-18,CHACO,RIO MUERTO,1000
2026-03-18,CIUDAD AUTÓNOMA DE BUENOS AIRES,CAPITAL FEDERAL,13950
2026-03-18,CÓRDOBA,ABBURRA,90
2026-03-18,CÓRDOBA,ADELIA MARIA,1002
2026-03-18,CÓRDOBA,ALEJANDRO ROCA,3500
2026-03-18,CÓRDOBA,ALEJO LEDESMA,1500
2026-03-18,CÓRDOBA,ARIAS,2925
2026-03-18,CÓRDOBA,BALNEARIA,600
2026-03-18,CÓRDOBA,BELL VILLE,330
2026-03-18,CÓRDOBA,CAMILO ALDAO,2000
2026-03-18,CÓRDOBA,CANALS,50
2026-03-18,CÓRDOBA,CANDELARIA SUD,60
2026-03-18,CÓRDOBA,COLONIA ARROYO DE AL,1290
2026-03-18,CÓRDOBA,CORONEL MOLDES,1288
2026-03-18,CÓRDOBA,CORRAL DE BUSTOS,185
2026-03-18,CÓRDOBA,CRUZ ALTA,500
2026-03-18,CÓRDOBA,DEVOTO,109
2026-03-18,CÓRDOBA,EL CANO,100
2026-03-18,CÓRDOBA,ELENA,1670
2026-03-18,CÓRDOBA,GENERAL CABRERA,500
2026-03-18,CÓRDOBA,GUATIMOZIN,370
2026-03-18,CÓRDOBA,HERNANDO,400
2026-03-18,CÓRDOBA,HUINCA RENANCO,1100
2026-03-18,CÓRDOBA,IDIAZABAL,60
2026-03-18,CÓRDOBA,INRIVILLE,1182
2026-03-18,CÓRDOBA,JESUS MARIA,1300
2026-03-18,CÓRDOBA,JUSTINIANO POSSE,18500
2026-03-18,CÓRDOBA,LA CARLOTA,19
2026-03-18,CÓRDOBA,LA PLAYOSA,48
2026-03-18,CÓRDOBA,LA QUINTA (DPTO. RIO,85
2026-03-18,CÓRDOBA,LABORDE,500
2026-03-18,CÓRDOBA,LABOULAYE,1753
2026-03-18,CÓRDOBA,LAS JUNTURAS,25
2026-03-18,CÓRDOBA,LAS VARILLAS,90
2026-03-18,CÓRDOBA,MARCOS JUAREZ,512
2026-03-18,CÓRDOBA,MONTE BUEY,200
2026-03-18,CÓRDOBA,MONTE CRISTO,240
2026-03-18,CÓRDOBA,MONTE MAIZ,1000
2026-03-18,CÓRDOBA,MORTEROS,1000
2026-03-18,CÓRDOBA,OLIVA,532
2026-03-18,CÓRDOBA,ONCATIVO,620
2026-03-18,CÓRDOBA,PASCANAS,451
2026-03-18,CÓRDOBA,PINCEN,500
2026-03-18,CÓRDOBA,REDUCCION,300
2026-03-18,CÓRDOBA,RIO CUARTO,1800
2026-03-18,CÓRDOBA,RIO PRIMERO,704
2026-03-18,CÓRDOBA,RIO SEGUNDO,21
2026-03-18,CÓRDOBA,RODEO VIEJO,154
2026-03-18,CÓRDOBA,SACANTA,300
2026-03-18,CÓRDOBA,SAN FRANCISCO (DPTO.,210
2026-03-18,CÓRDOBA,SATURNINO M. LASPIUR,240
2026-03-18,CÓRDOBA,SINSACATE,4500
2026-03-18,CÓRDOBA,UCACHA,300
2026-03-18,CÓRDOBA,VICUÑA MACKENNA,735
2026-03-18,CÓRDOBA,VILLA DEL ROSARIO,120
2026-03-18,CÓRDOBA,VILLA MARIA (JESUS M,740
2026-03-18,CÓRDOBA,WENCESLAO ESCALANTE,469
2026-03-18,ENTRE RÍOS,ALDEA EIGENFELD,39
2026-03-18,ENTRE RÍOS,ALDEA MARIA LUISA,72
2026-03-18,ENTRE RÍOS,ALDEA PROTESTANTE,55
2026-03-18,ENTRE RÍOS,BOVRIL,57
2026-03-18,ENTRE RÍOS,CHAÑAR,440
2026-03-18,ENTRE RÍOS,COLONIA SAN MIGUEL,32
2026-03-18,ENTRE RÍOS,CONCORDIA,130
2026-03-18,ENTRE RÍOS,COSTA GRANDE,222
2026-03-18,ENTRE RÍOS,GOBERNADOR MANSILLA,84
2026-03-18,ENTRE RÍOS,LUCAS GONZALEZ,125
2026-03-18,ENTRE RÍOS,MARIA GRANDE PRIMERA,144
2026-03-18,ENTRE RÍOS,QUEBRACHO (DPTO. PAR,167
2026-03-18,ENTRE RÍOS,RAICES,20
2026-03-18,ENTRE RÍOS,TEZANOS PINTO,422
2026-03-18,ENTRE RÍOS,URDINARRAIN,2000
2026-03-18,ENTRE RÍOS,VIALE,482
2026-03-18,ENTRE RÍOS,VICTORIA,70
2026-03-18,ENTRE RÍOS,VILLA CLARA,1
2026-03-18,ENTRE RÍOS,VILLAGUAY,201
2026-03-18,LA PAMPA,CATRILO,3435
2026-03-18,LA PAMPA,EDUARDO CASTEX,1191
2026-03-18,LA PAMPA,GENERAL PICO,4150
2026-03-18,LA PAMPA,INTENDENTE ALVEAR,70
2026-03-18,SALTA,JOAQUIN V. GONZALEZ,2700
2026-03-18,SALTA,RIO DEL VALLE,2000
2026-03-18,SAN LUIS,JUSTO DARACT,700
2026-03-18,SANTA FE,ACEBAL,30
2026-03-18,SANTA FE,AMENABAR,2000
2026-03-18,SANTA FE,ARMSTRONG,210
2026-03-18,SANTA FE,ARROYO SECO,1000
2026-03-18,SANTA FE,BIGAND,6000
2026-03-18,SANTA FE,BOUQUET,239
2026-03-18,SANTA FE,BUSTINZA,764
2026-03-18,SANTA FE,CALCHAQUI,60
2026-03-18,SANTA FE,CAMPO CRENNA,1000
2026-03-18,SANTA FE,CARCARAÑA,29
2026-03-18,SANTA FE,CARLOS PELLEGRINI,1200
2026-03-18,SANTA FE,CARRERAS,500
2026-03-18,SANTA FE,CAÑADA ROSQUIN,390
2026-03-18,SANTA FE,COLONIA BELGRANO,90
2026-03-18,SANTA FE,COLONIA SAN FRANCISC,180
2026-03-18,SANTA FE,CRISPI,14
2026-03-18,SANTA FE,DIAZ,840
2026-03-18,SANTA FE,ELORTONDO,300
2026-03-18,SANTA FE,EMILIA,30
2026-03-18,SANTA FE,ESTACION JOSEFINA,67
2026-03-18,SANTA FE,FRANCK,450
2026-03-18,SANTA FE,FRONTERA,25
2026-03-18,SANTA FE,GALVEZ,35
2026-03-18,SANTA FE,HUGHES,1650
2026-03-18,SANTA FE,LANDETA,30
2026-03-18,SANTA FE,LAS PETACAS,34
2026-03-18,SANTA FE,LAS ROSAS,769
2026-03-18,SANTA FE,LLAMBI CAMPBELL,6
2026-03-18,SANTA FE,LOS MOLINOS,500
2026-03-18,SANTA FE,LOS QUIRQUINCHOS,74
2026-03-18,SANTA FE,LUIS PALACIOS,1510
2026-03-18,SANTA FE,MAGGIOLO,300
2026-03-18,SANTA FE,MANUCHO,100
2026-03-18,SANTA FE,MARGARITA,30
2026-03-18,SANTA FE,MARIA JUANA,29830
2026-03-18,SANTA FE,MARIA TERESA,500
2026-03-18,SANTA FE,MONTES DE OCA,2630
2026-03-18,SANTA FE,MURPHY,210
2026-03-18,SANTA FE,NELSON,210
2026-03-18,SANTA FE,POZO BORRADO,6
2026-03-18,SANTA FE,PUERTO GRAL SAN MARTIN,2690
2026-03-18,SANTA FE,PUJATO,60
2026-03-18,SANTA FE,RAFAELA,101
2026-03-18,SANTA FE,RECREO,12
2026-03-18,SANTA FE,ROLDAN,1000
2026-03-18,SANTA FE,ROSARIO,13200
2026-03-18,SANTA FE,RUFINO,2125
2026-03-18,SANTA FE,SALTO GRANDE,450
2026-03-18,SANTA FE,SAN BERNARDO,30
2026-03-18,SANTA FE,SAN GUILLERMO (DPTO.,120
2026-03-18,SANTA FE,SAN JERONIMO SUD,47
2026-03-18,SANTA FE,SAN JORGE,300
2026-03-18,SANTA FE,SAN JOSE DE LA ESQUI,250
2026-03-18,SANTA FE,SAN JUSTO,60
2026-03-18,SANTA FE,SAN LORENZO,4660
2026-03-18,SANTA FE,SAN MARCOS DE VENADO,4350
2026-03-18,SANTA FE,SANCTI SPIRITU,1000
2026-03-18,SANTA FE,SANTA FE,2870
2026-03-18,SANTA FE,TEODELINA,370
2026-03-18,SANTA FE,VENADO TUERTO,11613
2026-03-18,SANTA FE,VIDELA,4
2026-03-18,SANTA FE,VILLA CAÑAS,150
2026-03-18,SANTA FE,VILLA MINETTI,1700
2026-03-18,SANTA FE,VILLA TRINIDAD,710
2026-03-18,SANTIAGO DEL ESTERO,AEROLITO,1500
2026-03-18,SANTIAGO DEL ESTERO,AGUAS COLORADAS,20
2026-03-18,SANTIAGO DEL ESTERO,BOBADAL,180
2026-03-18,SANTIAGO DEL ESTERO,GUARDIA ESCOLTA,1300
2026-03-18,SANTIAGO DEL ESTERO,LOS JURIES,140
2026-03-18,SANTIAGO DEL ESTERO,QUIMILI,800
2026-03-18,SANTIAGO DEL ESTERO,ROVERSI,500
2026-03-18,SANTIAGO DEL ESTERO,SANTIAGO DEL ESTERO,30
2026-03-18,SANTIAGO DEL ESTERO,SOL DE JULIO,570
2026-03-18,SANTIAGO DEL ESTERO,VINARA,100
2026-03-18,TUCUMÁN,LAS CEJAS (DPTO. CRU,400
2026-03-18,TUCUMÁN,TACANAS (SAN PEDRO D,120
2026-03-19,BUENOS AIRES,25 DE MAYO,1000
2026-03-19,BUENOS AIRES,9 DE JULIO,3000
2026-03-19,BUENOS AIRES,ALBERTI,630
2026-03-19,BUENOS AIRES,AMEGHINO,500
2026-03-19,BUENOS AIRES,AMERICA,4700
2026-03-19,BUENOS AIRES,APARICIO,2000
2026-03-19,BUENOS AIRES,ARRECIFES,1390
2026-03-19,BUENOS AIRES,ARRIBEÑOS,1500
2026-03-19,BUENOS AIRES,ARROYO DULCE,100
2026-03-19,BUENOS AIRES,ASCENSION,5120
2026-03-19,BUENOS AIRES,BAHIA BLANCA,1010
2026-03-19,BUENOS AIRES,BAIGORRITA,60
2026-03-19,BUENOS AIRES,BARADERO,680
2026-03-19,BUENOS AIRES,BARRIO INDIO TROMPA,15000
2026-03-19,BUENOS AIRES,BRAGADO,303
2026-03-19,BUENOS AIRES,CABILDO,140
2026-03-19,BUENOS AIRES,CAPILLA DEL SEÑOR,600
2026-03-19,BUENOS AIRES,CARLOS CASARES,120
2026-03-19,BUENOS AIRES,CAÑADA MARIANO (EMBA,300
2026-03-19,BUENOS AIRES,CHACABUCO,2400
2026-03-19,BUENOS AIRES,CHIVILCOY,170
2026-03-19,BUENOS AIRES,COLON,1070
2026-03-19,BUENOS AIRES,CORONEL PRINGLES,230
2026-03-19,BUENOS AIRES,DE BARY,800
2026-03-19,BUENOS AIRES,DUGGAN,150
2026-03-19,BUENOS AIRES,GENERAL MADARIAGA,500
2026-03-19,BUENOS AIRES,GENERAL ROJO,30
2026-03-19,BUENOS AIRES,GENERAL VILLEGAS,1960
2026-03-19,BUENOS AIRES,GONZALEZ MORENO,1500
2026-03-19,BUENOS AIRES,GOYENA,30
2026-03-19,BUENOS AIRES,HENDERSON,530
2026-03-19,BUENOS AIRES,IRENEO PORTELA,300
2026-03-19,BUENOS AIRES,JUNIN,240
2026-03-19,BUENOS AIRES,LOBERIA,60
2026-03-19,BUENOS AIRES,LOS TOLDOS,600
2026-03-19,BUENOS AIRES,LUJAN,60
2026-03-19,BUENOS AIRES,MARCOS PAZ,120
2026-03-19,BUENOS AIRES,MARIANO H. ALFONZO,2400
2026-03-19,BUENOS AIRES,NAVARRO,360
2026-03-19,BUENOS AIRES,NECOCHEA,90
2026-03-19,BUENOS AIRES,OLAVARRIA,330
2026-03-19,BUENOS AIRES,PEHUAJO,700
2026-03-19,BUENOS AIRES,PEREZ MILLAN,877
2026-03-19,BUENOS AIRES,PERGAMINO,530
2026-03-19,BUENOS AIRES,PIEDRITAS,500
2026-03-19,BUENOS AIRES,PIROVANO,500
2026-03-19,BUENOS AIRES,RAFAEL OBLIGADO,90
2026-03-19,BUENOS AIRES,RAUCH,600
2026-03-19,BUENOS AIRES,RIVADAVIA,622
2026-03-19,BUENOS AIRES,ROJAS,1010
2026-03-19,BUENOS AIRES,SALTO,206
2026-03-19,BUENOS AIRES,SAN MANUEL,500
2026-03-19,BUENOS AIRES,TRENQUE LAUQUEN,36304
2026-03-19,BUENOS AIRES,TRES ARROYOS,1090
2026-03-19,BUENOS AIRES,VEDIA,920
2026-03-19,BUENOS AIRES,VILLA SABOYA,200
2026-03-19,CATAMARCA,LOS ALTOS,100
2026-03-19,CHACO,CERRITO,150
2026-03-19,CHACO,RIO MUERTO,1000
2026-03-19,CIUDAD AUTÓNOMA DE BUENOS AIRES,CAPITAL FEDERAL,16301
2026-03-19,CÓRDOBA,ALCIRA,61
2026-03-19,CÓRDOBA,ALEJANDRO ROCA,480
2026-03-19,CÓRDOBA,ALEJO LEDESMA,90
2026-03-19,CÓRDOBA,ARIAS,335
2026-03-19,CÓRDOBA,ARROYITO,1500
2026-03-19,CÓRDOBA,BELL VILLE,700
2026-03-19,CÓRDOBA,CANALS,350
2026-03-19,CÓRDOBA,CANDELARIA SUD,60
2026-03-19,CÓRDOBA,CARRILOBO,540
2026-03-19,CÓRDOBA,CAVANAGH,60
2026-03-19,CÓRDOBA,COLONIA ALMADA,216
2026-03-19,CÓRDOBA,COLONIA ITALIANA,60
2026-03-19,CÓRDOBA,CORDOBA,60
2026-03-19,CÓRDOBA,CORONEL MOLDES,134
2026-03-19,CÓRDOBA,CRUZ ALTA,30
2026-03-19,CÓRDOBA,ETRURIA,35
2026-03-19,CÓRDOBA,GENERAL CABRERA,2330
2026-03-19,CÓRDOBA,GENERAL LEVALLE,2600
2026-03-19,CÓRDOBA,GENERAL ROCA,60
2026-03-19,CÓRDOBA,GUATIMOZIN,274
2026-03-19,CÓRDOBA,HUANCHILLA,249
2026-03-19,CÓRDOBA,HUINCA RENANCO,130
2026-03-19,CÓRDOBA,INRIVILLE,38
2026-03-19,CÓRDOBA,JESUS MARIA,92
2026-03-19,CÓRDOBA,JUSTINIANO POSSE,5600
2026-03-19,CÓRDOBA,LA CARLOTA,210
2026-03-19,CÓRDOBA,LA GILDA,161
2026-03-19,CÓRDOBA,LABOULAYE,1248
2026-03-19,CÓRDOBA,LAGUNA LARGA,120
2026-03-19,CÓRDOBA,LAS PEÑAS SUD,500
2026-03-19,CÓRDOBA,LEONES,1991
2026-03-19,CÓRDOBA,LOS CISNES,105
2026-03-19,CÓRDOBA,LOS CONDORES,5402
2026-03-19,CÓRDOBA,MARCOS JUAREZ,1192
2026-03-19,CÓRDOBA,MATTALDI,1000
2026-03-19,CÓRDOBA,MONTE BUEY,2417
2026-03-19,CÓRDOBA,MONTE MAIZ,220
2026-03-19,CÓRDOBA,MORRISON,200
2026-03-19,CÓRDOBA,MORTEROS,600
2026-03-19,CÓRDOBA,NICOLAS BRUZONE,180
2026-03-19,CÓRDOBA,OLIVA,300
2026-03-19,CÓRDOBA,PASCANAS,91
2026-03-19,CÓRDOBA,PINCEN,45
2026-03-19,CÓRDOBA,PORTEÑA,326
2026-03-19,CÓRDOBA,REDUCCION,150
2026-03-19,CÓRDOBA,RIO CUARTO,2505
2026-03-19,CÓRDOBA,RIO PRIMERO,235
2026-03-19,CÓRDOBA,RIO TERCERO,1000
2026-03-19,CÓRDOBA,SAN BASILIO,400
2026-03-19,CÓRDOBA,SAN FRANCISCO (DPTO.,120
2026-03-19,CÓRDOBA,SEBASTIAN ELCANO,1000
2026-03-19,CÓRDOBA,SINSACATE,3420
2026-03-19,CÓRDOBA,VILLA DEL ROSARIO,120
2026-03-19,CÓRDOBA,VILLA HUIDOBRO,170
2026-03-19,CÓRDOBA,WENCESLAO ESCALANTE,160
2026-03-19,ENTRE RÍOS,ALCARAZ,227
2026-03-19,ENTRE RÍOS,ALCARAZ SEGUNDO,59
2026-03-19,ENTRE RÍOS,ALDEA MARIA LUISA,37
2026-03-19,ENTRE RÍOS,ALDEA PROTESTANTE,200
2026-03-19,ENTRE RÍOS,COLONIA BAILINA,98
2026-03-19,ENTRE RÍOS,COLONIA SAN ERNESTO,89
2026-03-19,ENTRE RÍOS,COLONIA SAN MIGUEL,92
2026-03-19,ENTRE RÍOS,COSTA GRANDE,100
2026-03-19,ENTRE RÍOS,CRESPO,3720
2026-03-19,ENTRE RÍOS,ESTACION ALCARAZ,61
2026-03-19,ENTRE RÍOS,GENERAL RAMIREZ,1200
2026-03-19,ENTRE RÍOS,GOBERNADOR ECHAGUE,22
2026-03-19,ENTRE RÍOS,GUALEGUAY,4500
2026-03-19,ENTRE RÍOS,GUALEGUAYCHU,120
2026-03-19,ENTRE RÍOS,HERRERA,300
2026-03-19,ENTRE RÍOS,LA PAZ,1500
2026-03-19,ENTRE RÍOS,LARROQUE,1100
2026-03-19,ENTRE RÍOS,LUCAS NORESTE,27
2026-03-19,ENTRE RÍOS,MARIA GRANDE PRIMERA,26
2026-03-19,ENTRE RÍOS,MOJONES NORTE,37
2026-03-19,ENTRE RÍOS,MOJONES SUD,93
2026-03-19,ENTRE RÍOS,MOLINO DOLL,200
2026-03-19,ENTRE RÍOS,NOGOYA,300
2026-03-19,ENTRE RÍOS,PUEBLO CAZES,215
2026-03-19,ENTRE RÍOS,RAICES OESTE,95
2026-03-19,ENTRE RÍOS,SANTA ANITA,121
2026-03-19,ENTRE RÍOS,URDINARRAIN,260
2026-03-19,ENTRE RÍOS,VICTORIA,4220
2026-03-19,ENTRE RÍOS,VILLA ELISA,92
2026-03-19,ENTRE RÍOS,VILLAGUAY,721
2026-03-19,JUJUY,EL PIQUETE,600
2026-03-19,LA PAMPA,CATRILO,3500
2026-03-19,LA PAMPA,EMBAJADOR MARTINI,90
2026-03-19,LA PAMPA,GENERAL PICO,100
2026-03-19,LA PAMPA,INTENDENTE ALVEAR,100
2026-03-19,LA PAMPA,TRENEL,265
2026-03-19,SALTA,LAS LAJITAS,500
2026-03-19,SALTA,PIQUETE CABADO,400
2026-03-19,SALTA,ROSARIO DE LA FRONTE,60
2026-03-19,SAN LUIS,CIUDAD JARDIN DE SAN,120
2026-03-19,SANTA FE,AGUARA,120
2026-03-19,SANTA FE,ALCORTA DTO CONSTITU,2
2026-03-19,SANTA FE,AMBROSETTI,2
2026-03-19,SANTA FE,AMENABAR,90
2026-03-19,SANTA FE,AREQUITO,120
2026-03-19,SANTA FE,ARMSTRONG,900
2026-03-19,SANTA FE,ATALIVA,35
2026-03-19,SANTA FE,BARRANCAS,300
2026-03-19,SANTA FE,BAUER Y SIGEL,82
2026-03-19,SANTA FE,BERNARDO DE IRIGOYEN,420
2026-03-19,SANTA FE,BIGAND,6495
2026-03-19,SANTA FE,BOMBAL,300
2026-03-19,SANTA FE,CABAL,150
2026-03-19,SANTA FE,CAFFERATA,120
2026-03-19,SANTA FE,CARCARAÑA,480
2026-03-19,SANTA FE,CARLOS PELLEGRINI,332
2026-03-19,SANTA FE,CARMEN,360
2026-03-19,SANTA FE,CARRERAS,153
2026-03-19,SANTA FE,CARRIZALES,30
2026-03-19,SANTA FE,CASILDA,90
2026-03-19,SANTA FE,CAÑADA DE GOMEZ,500
2026-03-19,SANTA FE,CAÑADA DEL UCLE,30
2026-03-19,SANTA FE,CENTENO,120
2026-03-19,SANTA FE,CHABAS,659
2026-03-19,SANTA FE,CHAPUY,30
2026-03-19,SANTA FE,COLONIA ALDAO,94
2026-03-19,SANTA FE,COLONIA CASTELLANOS,60
2026-03-19,SANTA FE,COLONIA CELLO,37
2026-03-19,SANTA FE,COLONIA LA NUEVA,500
2026-03-19,SANTA FE,CORONEL ARNOLD,70
2026-03-19,SANTA FE,DIAZ,540
2026-03-19,SANTA FE,EL TREBOL,300
2026-03-19,SANTA FE,ELORTONDO,630
2026-03-19,SANTA FE,GODOY,60
2026-03-19,SANTA FE,HUGHES,1270
2026-03-19,SANTA FE,"HUMBERTO I""",82
2026-03-19,SANTA FE,LA CAMILA,90
2026-03-19,SANTA FE,LAS PAREJAS,120
2026-03-19,SANTA FE,LAS ROSAS,284
2026-03-19,SANTA FE,LOPEZ,120
2026-03-19,SANTA FE,LUIS PALACIOS,270
2026-03-19,SANTA FE,MARIA JUANA,10300
2026-03-19,SANTA FE,MARIA SUSANA,2830
2026-03-19,SANTA FE,MARIA TERESA,610
2026-03-19,SANTA FE,MONJE,1520
2026-03-19,SANTA FE,MONTES DE OCA,1500
2026-03-19,SANTA FE,MURPHY,510
2026-03-19,SANTA FE,PAZ,90
2026-03-19,SANTA FE,PILAR,3500
2026-03-19,SANTA FE,PUEBLO RAMONA,15
2026-03-19,SANTA FE,PUERTO GRAL SAN MARTIN,1140
2026-03-19,SANTA FE,PUJATO,300
2026-03-19,SANTA FE,RAFAELA,32
2026-03-19,SANTA FE,RECONQUISTA,30
2026-03-19,SANTA FE,RICARDONE,339
2026-03-19,SANTA FE,ROLDAN,1244
2026-03-19,SANTA FE,ROSARIO,3330
2026-03-19,SANTA FE,RUFINO,1090
2026-03-19,SANTA FE,SAGUIER,30
2026-03-19,SANTA FE,SAN EDUARDO,100
2026-03-19,SANTA FE,SAN GENARO,270
2026-03-19,SANTA FE,SAN GUILLERMO (DPTO.,450
2026-03-19,SANTA FE,SAN JERONIMO SUD,35
2026-03-19,SANTA FE,SAN JORGE,260
2026-03-19,SANTA FE,SAN JUSTO,450
2026-03-19,SANTA FE,SAN LORENZO,6940
2026-03-19,SANTA FE,SAN MARCOS DE VENADO,510
2026-03-19,SANTA FE,SANCTI SPIRITU,540
2026-03-19,SANTA FE,SANTA FE,8510
2026-03-19,SANTA FE,SANTO DOMINGO,4
2026-03-19,SANTA FE,SARMIENTO,500
2026-03-19,SANTA FE,TEODELINA,35
2026-03-19,SANTA FE,VENADO TUERTO,7450
2026-03-19,SANTA FE,VIDELA,1026
2026-03-19,SANTA FE,VILLA CAÑAS,5600
2026-03-19,SANTA FE,VILLA MINETTI,1000
2026-03-19,SANTA FE,WHEELWRIGHT,60
2026-03-19,SANTIAGO DEL ESTERO,AGUAS COLORADAS,38
2026-03-19,SANTIAGO DEL ESTERO,BANDERA,70
2026-03-19,SANTIAGO DEL ESTERO,LAVALLE (LOS TIGRES-,1000
2026-03-19,SANTIAGO DEL ESTERO,LOS JURIES,60
2026-03-19,TUCUMÁN,LA CRUZ,200
2026-03-19,TUCUMÁN,TACANAS (DPTO. LEALE,120
2026-03-20,BUENOS AIRES,ALBERTI,330
2026-03-20,BUENOS AIRES,AMERICA,133
2026-03-20,BUENOS AIRES,ASAMBLEA,1000
2026-03-20,BUENOS AIRES,ASCENSION,5071
2026-03-20,BUENOS AIRES,BAHIA BLANCA,200
2026-03-20,BUENOS AIRES,BARADERO,86
2026-03-20,BUENOS AIRES,BRAGADO,260
2026-03-20,BUENOS AIRES,CARHUE,30
2026-03-20,BUENOS AIRES,CHACABUCO,1600
2026-03-20,BUENOS AIRES,CHIVILCOY,4000
2026-03-20,BUENOS AIRES,COLON,490
2026-03-20,BUENOS AIRES,CORONEL GRANADA,150
2026-03-20,BUENOS AIRES,CORONEL SUAREZ,470
2026-03-20,BUENOS AIRES,DRABBLE,300
2026-03-20,BUENOS AIRES,DUGGAN,30
2026-03-20,BUENOS AIRES,ESPARTILLAR (PDO. SAAVEDRA),185
2026-03-20,BUENOS AIRES,FORTIN OLAVARRIA,60
2026-03-20,BUENOS AIRES,GENERAL ALVARADO,200
2026-03-20,BUENOS AIRES,GENERAL MADARIAGA,300
2026-03-20,BUENOS AIRES,GENERAL ROJO,30
2026-03-20,BUENOS AIRES,GENERAL VIAMONTE,240
2026-03-20,BUENOS AIRES,GENERAL VILLEGAS,4670
2026-03-20,BUENOS AIRES,HENDERSON,400
2026-03-20,BUENOS AIRES,HILARIO ASCASUBI,543
2026-03-20,BUENOS AIRES,JUNIN,50
2026-03-20,BUENOS AIRES,LINCOLN,100
2026-03-20,BUENOS AIRES,LUJAN,120
2026-03-20,BUENOS AIRES,MARCOS PAZ,27
2026-03-20,BUENOS AIRES,MIRAMAR (PDO. GRAL.,300
2026-03-20,BUENOS AIRES,PERGAMINO,228
2026-03-20,BUENOS AIRES,PIEDRITAS,500
2026-03-20,BUENOS AIRES,PILAR,570
2026-03-20,BUENOS AIRES,QUEQUEN,900
2026-03-20,BUENOS AIRES,RAFAEL OBLIGADO,200
2026-03-20,BUENOS AIRES,RAUCH,60
2026-03-20,BUENOS AIRES,SALADILLO,120
2026-03-20,BUENOS AIRES,SALLIQUELO,105
2026-03-20,BUENOS AIRES,SALTO,235
2026-03-20,BUENOS AIRES,TANDIL,1100
2026-03-20,BUENOS AIRES,TRENQUE LAUQUEN,165
2026-03-20,BUENOS AIRES,TRES ARROYOS,870
2026-03-20,BUENOS AIRES,VEDIA,222
2026-03-20,CATAMARCA,LOS ALTOS,1000
2026-03-20,CHACO,CAMPO LARGO,400
2026-03-20,CIUDAD AUTÓNOMA DE BUENOS AIRES,CAPITAL FEDERAL,14460
2026-03-20,CÓRDOBA,ADELIA MARIA,30
2026-03-20,CÓRDOBA,ALEJANDRO ROCA,632
2026-03-20,CÓRDOBA,ALEJO LEDESMA,146
2026-03-20,CÓRDOBA,ARIAS,1115
2026-03-20,CÓRDOBA,BELL VILLE,570
2026-03-20,CÓRDOBA,CANDELARIA (TOTORAL),17
2026-03-20,CÓRDOBA,COLONIA MARINA,185
2026-03-20,CÓRDOBA,CORONEL MOLDES,150
2026-03-20,CÓRDOBA,CORRAL DE BUSTOS,120
2026-03-20,CÓRDOBA,DEL CAMPILLO,1000
2026-03-20,CÓRDOBA,DEVOTO,51
2026-03-20,CÓRDOBA,EL TIO,30
2026-03-20,CÓRDOBA,FREYRE,898
2026-03-20,CÓRDOBA,GENERAL CABRERA,40
2026-03-20,CÓRDOBA,GUATIMOZIN,180
2026-03-20,CÓRDOBA,IDIAZABAL,300
2026-03-20,CÓRDOBA,JESUS MARIA,390
2026-03-20,CÓRDOBA,JUSTINIANO POSSE,1000
2026-03-20,CÓRDOBA,LA CARLOTA,11
2026-03-20,CÓRDOBA,LA GILDA,105
2026-03-20,CÓRDOBA,LA PUERTA (DPTO. RIO,70
2026-03-20,CÓRDOBA,LABOULAYE,544
2026-03-20,CÓRDOBA,LAGUNA LARGA,30
2026-03-20,CÓRDOBA,LAS JUNTURAS,21
2026-03-20,CÓRDOBA,LAS VARILLAS,300
2026-03-20,CÓRDOBA,LEONES,3000
2026-03-20,CÓRDOBA,LOS CERRILLOS (VILLA,647
2026-03-20,CÓRDOBA,LOS CISNES,1154
2026-03-20,CÓRDOBA,LOS SURGENTES,120
2026-03-20,CÓRDOBA,MARCOS JUAREZ,2807
2026-03-20,CÓRDOBA,MARIA,240
2026-03-20,CÓRDOBA,MONTE BUEY,1000
2026-03-20,CÓRDOBA,MONTE CRISTO,2030
2026-03-20,CÓRDOBA,MONTE MAIZ,391
2026-03-20,CÓRDOBA,NOETINGER,378
2026-03-20,CÓRDOBA,OBISPO TREJO,510
2026-03-20,CÓRDOBA,ONCATIVO,330
2026-03-20,CÓRDOBA,PORTEÑA,555
2026-03-20,CÓRDOBA,RIO CUARTO,605
2026-03-20,CÓRDOBA,RIO PRIMERO,500
2026-03-20,CÓRDOBA,RIO SEGUNDO,35
2026-03-20,CÓRDOBA,ROJAS,120
2026-03-20,CÓRDOBA,SAN FRANCISCO (DPTO.,90
2026-03-20,CÓRDOBA,SANTA EUFEMIA,300
2026-03-20,CÓRDOBA,VILLA DEL ROSARIO,690
2026-03-20,CÓRDOBA,VILLA DOLORES,540
2026-03-20,ENTRE RÍOS,ALDEA PROTESTANTE,64
2026-03-20,ENTRE RÍOS,ALDEA SPATZENKUTTER,40
2026-03-20,ENTRE RÍOS,ARROYO BARU,19
2026-03-20,ENTRE RÍOS,CONCORDIA,370
2026-03-20,ENTRE RÍOS,COSTA GRANDE,30
2026-03-20,ENTRE RÍOS,DIAMANTE,175
2026-03-20,ENTRE RÍOS,EL PINGO,294
2026-03-20,ENTRE RÍOS,GALARZA,1136
2026-03-20,ENTRE RÍOS,GUALEGUAY,872
2026-03-20,ENTRE RÍOS,GUALEGUAYCHU,1
2026-03-20,ENTRE RÍOS,LA PAZ,195
2026-03-20,ENTRE RÍOS,MARIA GRANDE PRIMERA,192
2026-03-20,ENTRE RÍOS,PASO DE LAS PIEDRAS,38
2026-03-20,ENTRE RÍOS,RAICES,371
2026-03-20,ENTRE RÍOS,SEGUI,11
2026-03-20,ENTRE RÍOS,URDINARRAIN,500
2026-03-20,ENTRE RÍOS,VALLE MARIA,89
2026-03-20,ENTRE RÍOS,VICTORIA,630
2026-03-20,ENTRE RÍOS,VILLA MANTERO,375
2026-03-20,ENTRE RÍOS,VILLAGUAY,320
2026-03-20,LA PAMPA,CATRILO,4000
2026-03-20,LA PAMPA,EDUARDO CASTEX,11862
2026-03-20,LA PAMPA,EMBAJADOR MARTINI,120
2026-03-20,LA PAMPA,INTENDENTE ALVEAR,162
2026-03-20,SAN LUIS,FRAGA,300
2026-03-20,SANTA FE,ARMSTRONG,630
2026-03-20,SANTA FE,BERABEVU,180
2026-03-20,SANTA FE,BERNARDO DE IRIGOYEN,210
2026-03-20,SANTA FE,BIGAND,7230
2026-03-20,SANTA FE,BOUQUET,12
2026-03-20,SANTA FE,BUSTINZA,67
2026-03-20,SANTA FE,CABAL,30
2026-03-20,SANTA FE,CAFFERATA,60
2026-03-20,SANTA FE,CARCARAÑA,270
2026-03-20,SANTA FE,CARRERAS,90
2026-03-20,SANTA FE,CASILDA,10
2026-03-20,SANTA FE,CAÑADA DEL UCLE,60
2026-03-20,SANTA FE,CHAPUY,250
2026-03-20,SANTA FE,CLUCELLAS,120
2026-03-20,SANTA FE,COLONIA BELGRANO,30
2026-03-20,SANTA FE,COLONIA BOSSI,23
2026-03-20,SANTA FE,COLONIA LA PENCA,30
2026-03-20,SANTA FE,DIAZ,150
2026-03-20,SANTA FE,FIRMAT,180
2026-03-20,SANTA FE,"HUMBERTO I""",95
2026-03-20,SANTA FE,INGENIERO CHANOURDIE,33
2026-03-20,SANTA FE,LANDETA,60
2026-03-20,SANTA FE,LAS PAREJAS,562
2026-03-20,SANTA FE,LAS ROSAS,488
2026-03-20,SANTA FE,LEHMANN,11
2026-03-20,SANTA FE,LOPEZ,300
2026-03-20,SANTA FE,LOS MOLINOS,750
2026-03-20,SANTA FE,LUIS PALACIOS,2120
2026-03-20,SANTA FE,MACIEL,30
2026-03-20,SANTA FE,MARIA JUANA,5830
2026-03-20,SANTA FE,MARIA SUSANA,5060
2026-03-20,SANTA FE,MONTES DE OCA,30
2026-03-20,SANTA FE,MURPHY,431
2026-03-20,SANTA FE,PAZ,180
2026-03-20,SANTA FE,PUERTO GRAL SAN MARTIN,580
2026-03-20,SANTA FE,PUJATO,90
2026-03-20,SANTA FE,RAFAELA,500
2026-03-20,SANTA FE,RAMAYON,63
2026-03-20,SANTA FE,RAQUEL,61
2026-03-20,SANTA FE,ROSARIO,1184
2026-03-20,SANTA FE,SAN GUILLERMO (DPTO.,335
2026-03-20,SANTA FE,SAN JERONIMO SUD,70
2026-03-20,SANTA FE,SAN JUSTO,463
2026-03-20,SANTA FE,SAN LORENZO,5270
2026-03-20,SANTA FE,SAN MARCOS DE VENADO,1000
2026-03-20,SANTA FE,SANCTI SPIRITU,510
2026-03-20,SANTA FE,SANTA CLARA,150
2026-03-20,SANTA FE,SANTA EMILIA,500
2026-03-20,SANTA FE,SANTA FE,1180
2026-03-20,SANTA FE,SANTA TERESA (DPTO.,34
2026-03-20,SANTA FE,SASTRE,100
2026-03-20,SANTA FE,SERODINO,40
2026-03-20,SANTA FE,SUNCHALES,57
2026-03-20,SANTA FE,TACURAL,32
2026-03-20,SANTA FE,VENADO TUERTO,4073
2026-03-20,SANTA FE,VILLA CAÑAS,3250
2026-03-20,SANTA FE,VILLA TRINIDAD,360
2026-03-20,SANTA FE,WHEELWRIGHT,72
2026-03-20,SANTIAGO DEL ESTERO,AÑATUYA,60
2026-03-20,SANTIAGO DEL ESTERO,BANDERA,110
2026-03-20,SANTIAGO DEL ESTERO,FORTIN INCA,45
2026-03-20,SANTIAGO DEL ESTERO,LOS JURIES,37
2026-03-20,SANTIAGO DEL ESTERO,PAMPA DE LOS GUANACO,300
2026-03-20,SANTIAGO DEL ESTERO,QUIMILI,1070
2026-03-20,SANTIAGO DEL ESTERO,SACHAYOJ,1000
2026-03-20,TUCUMÁN,SAN MIGUEL (DPTO. CR,1000
2026-03-21,SANTA FE,VENADO TUERTO,1913
2026-03-22,BUENOS AIRES,PELLEGRINI,200
2026-03-22,ENTRE RÍOS,CONCORDIA,120
2026-03-23,BUENOS AIRES,MERCEDES,90
2026-03-23,BUENOS AIRES,QUEQUEN,1500
2026-03-23,CÓRDOBA,ALMAFUERTE,125
2026-03-23,CÓRDOBA,CAMILO ALDAO,120
2026-03-23,CÓRDOBA,COLONIA DOS HERMANOS,1560
2026-03-23,CÓRDOBA,COLONIA LA MAGDALENA,500
2026-03-23,CÓRDOBA,DEVOTO,108
2026-03-23,CÓRDOBA,LEONES,12
2026-03-23,CÓRDOBA,MORTEROS,1686
2026-03-23,CÓRDOBA,PORTEÑA,56
2026-03-23,CÓRDOBA,RIO CUARTO,277
2026-03-23,CÓRDOBA,RIO SEGUNDO,35
2026-03-23,CÓRDOBA,SANTIAGO TEMPLE,412
2026-03-23,CÓRDOBA,VILLA MARIA (DPTO. G,163
2026-03-23,ENTRE RÍOS,LA PAZ,3000
2026-03-23,ENTRE RÍOS,PARANA,250
2026-03-23,ENTRE RÍOS,SAN CIPRIANO,157
2026-03-23,SANTA FE,ARMSTRONG,30
2026-03-23,SANTA FE,CHOVET,150
2026-03-23,SANTA FE,CLUCELLAS,60
2026-03-23,SANTA FE,ESMERALDA,62
2026-03-23,SANTA FE,HUGENTOBLER,330
2026-03-23,SANTA FE,MARIA SUSANA,400
2026-03-23,SANTA FE,PALACIOS,260
2026-03-23,SANTA FE,SUARDI,210
2026-03-23,SANTA FE,VILLA TRINIDAD,200
2026-03-24,BUENOS AIRES,BRAGADO,300
2026-03-24,BUENOS AIRES,O HIGGINS,150
2026-03-24,CÓRDOBA,RIO CUARTO,217
2026-03-24,ENTRE RÍOS,INGENIERO MIGUEL SAJ,216
2026-03-24,SANTA FE,CABAL,61
2026-03-24,SANTA FE,SARMIENTO,29
2026-03-25,BUENOS AIRES,9 DE JULIO,3000
2026-03-25,BUENOS AIRES,ACEVEDO,120
2026-03-25,BUENOS AIRES,AMERICA,5399
2026-03-25,BUENOS AIRES,ARRIBEÑOS,2150
2026-03-25,BUENOS AIRES,ASAMBLEA,9000
2026-03-25,BUENOS AIRES,BAHIA BLANCA,1500
2026-03-25,BUENOS AIRES,BANDERALO,860
2026-03-25,BUENOS AIRES,BARRIO ACEVEDO,1000
2026-03-25,BUENOS AIRES,BARRIO OESTE,400
2026-03-25,BUENOS AIRES,BRAGADO,116
2026-03-25,BUENOS AIRES,CAPILLA DEL SEÑOR,600
2026-03-25,BUENOS AIRES,CARHUE,30
2026-03-25,BUENOS AIRES,CASBAS,30
2026-03-25,BUENOS AIRES,CAÑADA SECA,30
2026-03-25,BUENOS AIRES,CHACABUCO,840
2026-03-25,BUENOS AIRES,CHIVILCOY,221
2026-03-25,BUENOS AIRES,COLON,630
2026-03-25,BUENOS AIRES,CONESA,150
2026-03-25,BUENOS AIRES,CORONEL DORREGO,650
2026-03-25,BUENOS AIRES,CORONEL FALCON,390
2026-03-25,BUENOS AIRES,DAIREAUX,67
2026-03-25,BUENOS AIRES,DEL CARRIL,420
2026-03-25,BUENOS AIRES,ESPARTILLAR (PDO. SAAVEDRA),14
2026-03-25,BUENOS AIRES,GENERAL PINTO,300
2026-03-25,BUENOS AIRES,GENERAL VILLEGAS,5000
2026-03-25,BUENOS AIRES,HENDERSON,7
2026-03-25,BUENOS AIRES,HUANGUELEN,1000
2026-03-25,BUENOS AIRES,JUNIN,708
2026-03-25,BUENOS AIRES,LIMA,230
2026-03-25,BUENOS AIRES,LINCOLN,2366
2026-03-25,BUENOS AIRES,LOBERIA,380
2026-03-25,BUENOS AIRES,LUJAN,30
2026-03-25,BUENOS AIRES,MARCOS PAZ,62
2026-03-25,BUENOS AIRES,MARIANO H. ALFONZO,2000
2026-03-25,BUENOS AIRES,NAVARRO,200
2026-03-25,BUENOS AIRES,OLAVARRIA,60
2026-03-25,BUENOS AIRES,PEHUAJO,1847
2026-03-25,BUENOS AIRES,PERGAMINO,321
2026-03-25,BUENOS AIRES,PIEDRITAS,30
2026-03-25,BUENOS AIRES,QUEQUEN,300
2026-03-25,BUENOS AIRES,RAMALLO,30
2026-03-25,BUENOS AIRES,ROJAS,748
2026-03-25,BUENOS AIRES,SALTO,29
2026-03-25,BUENOS AIRES,SAN ANDRES DE GILES,1000
2026-03-25,BUENOS AIRES,SAN ANTONIO DE ARECO,107
2026-03-25,BUENOS AIRES,TRENQUE LAUQUEN,1442
2026-03-25,BUENOS AIRES,TRES ALGARROBOS,58
2026-03-25,BUENOS AIRES,TRES ARROYOS,210
2026-03-25,BUENOS AIRES,VEDIA,189
2026-03-25,BUENOS AIRES,VILLA LIA,500
2026-03-25,CHACO,CORZUELA,90
2026-03-25,CHACO,MESON DE FIERRO,13
2026-03-25,CIUDAD AUTÓNOMA DE BUENOS AIRES,CAPITAL FEDERAL,4257
2026-03-25,CÓRDOBA,ADELIA MARIA,1075
2026-03-25,CÓRDOBA,ALEJANDRO ROCA,389
2026-03-25,CÓRDOBA,ALEJO LEDESMA,185
2026-03-25,CÓRDOBA,ALTOS DE CHIPION,14
2026-03-25,CÓRDOBA,ARIAS,1414
2026-03-25,CÓRDOBA,ARROYITO,1940
2026-03-25,CÓRDOBA,AUSONIA,1300
2026-03-25,CÓRDOBA,BELL VILLE,609
2026-03-25,CÓRDOBA,CALCHIN OESTE,150
2026-03-25,CÓRDOBA,CANALS,255
2026-03-25,CÓRDOBA,CAROLINA,163
2026-03-25,CÓRDOBA,CAVANAGH,210
2026-03-25,CÓRDOBA,CHUÑA,270
2026-03-25,CÓRDOBA,CORONEL MOLDES,96
2026-03-25,CÓRDOBA,CORRAL DE BUSTOS,150
2026-03-25,CÓRDOBA,EL CANO,150
2026-03-25,CÓRDOBA,EL POTOSI,33
2026-03-25,CÓRDOBA,EL TIO,75
2026-03-25,CÓRDOBA,GENERAL CABRERA,2050
2026-03-25,CÓRDOBA,GENERAL LEVALLE,810
2026-03-25,CÓRDOBA,GUATIMOZIN,1289
2026-03-25,CÓRDOBA,HERNANDO,1620
2026-03-25,CÓRDOBA,HIPOLITO BOUCHARD,200
2026-03-25,CÓRDOBA,HUANCHILLA,778
2026-03-25,CÓRDOBA,HUINCA RENANCO,120
2026-03-25,CÓRDOBA,INRIVILLE,2122
2026-03-25,CÓRDOBA,JESUS MARIA,296
2026-03-25,CÓRDOBA,JOVITA,30
2026-03-25,CÓRDOBA,JUSTINIANO POSSE,1190
2026-03-25,CÓRDOBA,LA CARLOTA,464
2026-03-25,CÓRDOBA,LA PUERTA (DPTO. RIO,180
2026-03-25,CÓRDOBA,LA TORDILLA NORTE,420
2026-03-25,CÓRDOBA,LABORDE,388
2026-03-25,CÓRDOBA,LABOULAYE,9082
2026-03-25,CÓRDOBA,LAS VARILLAS,124
2026-03-25,CÓRDOBA,LEGUIZAMON,64
2026-03-25,CÓRDOBA,LEONES,200
2026-03-25,CÓRDOBA,LOS CISNES,338
2026-03-25,CÓRDOBA,LOS COMETIERRA,476
2026-03-25,CÓRDOBA,LOS SURGENTES,295
2026-03-25,CÓRDOBA,MARCOS JUAREZ,1432
2026-03-25,CÓRDOBA,MONTE BUEY,860
2026-03-25,CÓRDOBA,MONTE CRISTO,300
2026-03-25,CÓRDOBA,MONTE MAIZ,3017
2026-03-25,CÓRDOBA,OLIVA,700
2026-03-25,CÓRDOBA,ONAGOITY,500
2026-03-25,CÓRDOBA,PASCANAS,429
2026-03-25,CÓRDOBA,PORTEÑA,1000
2026-03-25,CÓRDOBA,POZO DEL MOLLE (DPTO,400
2026-03-25,CÓRDOBA,REDUCCION,85
2026-03-25,CÓRDOBA,RIO CUARTO,2265
2026-03-25,CÓRDOBA,RIO PRIMERO,2746
2026-03-25,CÓRDOBA,RIO TERCERO,700
2026-03-25,CÓRDOBA,SAN MARCOS,90
2026-03-25,CÓRDOBA,SAN MARCOS SUD,30
2026-03-25,CÓRDOBA,SERRANO,300
2026-03-25,CÓRDOBA,SINSACATE,2220
2026-03-25,CÓRDOBA,VIAMONTE,460
2026-03-25,CÓRDOBA,VICUÑA MACKENNA,550
2026-03-25,CÓRDOBA,VILLA DOLORES,118
2026-03-25,CÓRDOBA,VILLA VALERIA,500
2026-03-25,ENTRE RÍOS,ALDEA SALTO,12
2026-03-25,ENTRE RÍOS,ALDEA SANTA ROSA,53
2026-03-25,ENTRE RÍOS,ALDEA VALLE MARIA,113
2026-03-25,ENTRE RÍOS,ARANGUREN,911
2026-03-25,ENTRE RÍOS,BOVRIL,30
2026-03-25,ENTRE RÍOS,CONCORDIA,152
2026-03-25,ENTRE RÍOS,CRESPO,1193
2026-03-25,ENTRE RÍOS,CRUCESITAS 8A. SECCI,517
2026-03-25,ENTRE RÍOS,DIAMANTE,62
2026-03-25,ENTRE RÍOS,EL PINGO,140
2026-03-25,ENTRE RÍOS,EL QUEBRACHO,89
2026-03-25,ENTRE RÍOS,ESTACAS,6
2026-03-25,ENTRE RÍOS,GENERAL RAMIREZ,696
2026-03-25,ENTRE RÍOS,GOBERNADOR MANSILLA,80
2026-03-25,ENTRE RÍOS,GUALEGUAY,30
2026-03-25,ENTRE RÍOS,GUALEGUAYCHU,280
2026-03-25,ENTRE RÍOS,HERNANDARIAS,119
2026-03-25,ENTRE RÍOS,LA PAZ,2830
2026-03-25,ENTRE RÍOS,LARROQUE,60
2026-03-25,ENTRE RÍOS,LUCAS GONZALEZ,180
2026-03-25,ENTRE RÍOS,MARIA GRANDE,35
2026-03-25,ENTRE RÍOS,MARIA GRANDE PRIMERA,7
2026-03-25,ENTRE RÍOS,MARIA GRANDE SEGUNDA,300
2026-03-25,ENTRE RÍOS,PARANA,61
2026-03-25,ENTRE RÍOS,ROSARIO DEL TALA,101
2026-03-25,ENTRE RÍOS,SAN BENITO,35
2026-03-25,ENTRE RÍOS,SEGUI,650
2026-03-25,ENTRE RÍOS,TALITA,95
2026-03-25,ENTRE RÍOS,URDINARRAIN,3240
2026-03-25,ENTRE RÍOS,VALLE MARIA,200
2026-03-25,ENTRE RÍOS,VIALE,227
2026-03-25,ENTRE RÍOS,VICTORIA,373
2026-03-25,ENTRE RÍOS,VILLA CLARA,56
2026-03-25,ENTRE RÍOS,VILLA FONTANA,2000
2026-03-25,ENTRE RÍOS,VILLA MANTERO,1
2026-03-25,ENTRE RÍOS,VILLAGUAY,118
2026-03-25,LA PAMPA,BERNARDO LARROUDE,1030
2026-03-25,LA PAMPA,EDUARDO CASTEX,156
2026-03-25,LA PAMPA,GENERAL PICO,470
2026-03-25,LA PAMPA,INGENIERO LUIGGI,36
2026-03-25,LA PAMPA,INTENDENTE ALVEAR,90
2026-03-25,LA PAMPA,LA HUMADA,60
2026-03-25,LA PAMPA,SANTA ROSA,70
2026-03-25,LA PAMPA,TRENEL,190
2026-03-25,SALTA,HORCONES,500
2026-03-25,SALTA,LAS LAJITAS,1500
2026-03-25,SAN LUIS,VILLA MERCEDES,2005
2026-03-25,SANTA FE,ALCORTA DTO CONSTITU,150
2026-03-25,SANTA FE,AMENABAR,287
2026-03-25,SANTA FE,ARMSTRONG,720
2026-03-25,SANTA FE,ARROYO AGUIAR,25
2026-03-25,SANTA FE,ARROYO CEIBAL,120
2026-03-25,SANTA FE,BARRANCAS,180
2026-03-25,SANTA FE,BERNARDO DE IRIGOYEN,210
2026-03-25,SANTA FE,BIGAND,8000
2026-03-25,SANTA FE,CAFFERATA,150
2026-03-25,SANTA FE,CARCARAÑA,850
2026-03-25,SANTA FE,CARRERAS,250
2026-03-25,SANTA FE,CASILDA,32
2026-03-25,SANTA FE,CAÑADA DE GOMEZ,26
2026-03-25,SANTA FE,CENTENO,180
2026-03-25,SANTA FE,CHAPUY,3160
2026-03-25,SANTA FE,CLUCELLAS,30
2026-03-25,SANTA FE,COLONIA BELGRANO,180
2026-03-25,SANTA FE,COLONIA SAN FRANCISC,160
2026-03-25,SANTA FE,DIAZ,750
2026-03-25,SANTA FE,DIEGO DE ALVEAR,132
2026-03-25,SANTA FE,EL TRANSITO (EMBARCA,58
2026-03-25,SANTA FE,ELORTONDO,360
2026-03-25,SANTA FE,ESTACION MARIA JUANA,540
2026-03-25,SANTA FE,FELICIA,470
2026-03-25,SANTA FE,GALVEZ,45
2026-03-25,SANTA FE,GOBERNADOR CRESPO,73
2026-03-25,SANTA FE,HUGHES,270
2026-03-25,SANTA FE,INGENIERO CHANOURDIE,30
2026-03-25,SANTA FE,IRIGOYEN,738
2026-03-25,SANTA FE,LA CAMILA,90
2026-03-25,SANTA FE,LAS PAREJAS,45
2026-03-25,SANTA FE,LAS PETACAS,60
2026-03-25,SANTA FE,LAS ROSAS,867
2026-03-25,SANTA FE,LOGROÑO,44
2026-03-25,SANTA FE,LOS CARDOS,1
2026-03-25,SANTA FE,LOS QUIRQUINCHOS,135
2026-03-25,SANTA FE,LOS SEMBRADOS,100
2026-03-25,SANTA FE,LUIS PALACIOS,760
2026-03-25,SANTA FE,MAGGIOLO,60
2026-03-25,SANTA FE,MARGARITA,97
2026-03-25,SANTA FE,MARIA JUANA,1875
2026-03-25,SANTA FE,MARIA SUSANA,2847
2026-03-25,SANTA FE,MURPHY,251
2026-03-25,SANTA FE,PAZ,328
2026-03-25,SANTA FE,PILAR,6000
2026-03-25,SANTA FE,PUERTO GRAL SAN MARTIN,2000
2026-03-25,SANTA FE,PUJATO,150
2026-03-25,SANTA FE,RAFAELA,1148
2026-03-25,SANTA FE,RECONQUISTA,1200
2026-03-25,SANTA FE,ROSARIO,13400
2026-03-25,SANTA FE,RUFINO,513
2026-03-25,SANTA FE,SAN CARLOS CENTRO,60
2026-03-25,SANTA FE,SAN GREGORIO,35
2026-03-25,SANTA FE,SAN GUILLERMO (DPTO.,240
2026-03-25,SANTA FE,SAN JERONIMO SUD,40
2026-03-25,SANTA FE,SAN JUSTO,4160
2026-03-25,SANTA FE,SAN LORENZO,8425
2026-03-25,SANTA FE,SAN MARCOS DE VENADO,1200
2026-03-25,SANTA FE,SAN MARTIN DE LAS ES,8000
2026-03-25,SANTA FE,SANCTI SPIRITU,1000
2026-03-25,SANTA FE,SANTA FE,5100
2026-03-25,SANTA FE,SASTRE,131
2026-03-25,SANTA FE,SUNCHALES,300
2026-03-25,SANTA FE,TEODELINA,60
2026-03-25,SANTA FE,TIMBUES,57
2026-03-25,SANTA FE,TOTORAS,4000
2026-03-25,SANTA FE,VENADO TUERTO,3147
2026-03-25,SANTA FE,VIDELA,600
2026-03-25,SANTA FE,VILLA CAÑAS,980
2026-03-25,SANTA FE,VILLA TRINIDAD,300
2026-03-25,SANTIAGO DEL ESTERO,AVERIAS,59
2026-03-25,SANTIAGO DEL ESTERO,OTUMPA,1000
2026-03-25,SANTIAGO DEL ESTERO,QUIMILI,90
2026-03-25,SANTIAGO DEL ESTERO,SOL DE JULIO,130
2026-03-26,BUENOS AIRES,25 DE MAYO,1210
2026-03-26,BUENOS AIRES,ACEVEDO,121
2026-03-26,BUENOS AIRES,ALBERTI,131
2026-03-26,BUENOS AIRES,AMEGHINO,900
2026-03-26,BUENOS AIRES,AMERICA,1970
2026-03-26,BUENOS AIRES,APARICIO,780
2026-03-26,BUENOS AIRES,ARRECIFES,915
2026-03-26,BUENOS AIRES,ARRIBEÑOS,158
2026-03-26,BUENOS AIRES,BAHIA BLANCA,1029
2026-03-26,BUENOS AIRES,BALCARCE,13
2026-03-26,BUENOS AIRES,BANDERALO,266
2026-03-26,BUENOS AIRES,BARADERO,28
2026-03-26,BUENOS AIRES,BARRIO JARDIN,4000
2026-03-26,BUENOS AIRES,BOLIVAR,100
2026-03-26,BUENOS AIRES,BRAGADO,1746
2026-03-26,BUENOS AIRES,CARHUE,1700
2026-03-26,BUENOS AIRES,CARLOS CASARES,1000
2026-03-26,BUENOS AIRES,CASBAS,360
2026-03-26,BUENOS AIRES,CAÑADA MARIANO (EMBA,500
2026-03-26,BUENOS AIRES,CAÑADA SECA,143
2026-03-26,BUENOS AIRES,CHACABUCO,2050
2026-03-26,BUENOS AIRES,CHIVILCOY,5151
2026-03-26,BUENOS AIRES,COLON,700
2026-03-26,BUENOS AIRES,CORONEL PRINGLES,720
2026-03-26,BUENOS AIRES,CORONEL SEGUI,1000
2026-03-26,BUENOS AIRES,CORONEL SUAREZ,500
2026-03-26,BUENOS AIRES,DARREGUEIRA,1000
2026-03-26,BUENOS AIRES,DUGGAN,300
2026-03-26,BUENOS AIRES,ESPARTILLAR (PDO. SAAVEDRA),412
2026-03-26,BUENOS AIRES,GENERAL LAMADRID,150
2026-03-26,BUENOS AIRES,GENERAL PINTO,300
2026-03-26,BUENOS AIRES,GENERAL VILLEGAS,4840
2026-03-26,BUENOS AIRES,IRIARTE,500
2026-03-26,BUENOS AIRES,KILOMETRO 356 (APEAD,750
2026-03-26,BUENOS AIRES,LA DULCE,31
2026-03-26,BUENOS AIRES,LINCOLN,309
2026-03-26,BUENOS AIRES,LOBERIA,630
2026-03-26,BUENOS AIRES,MICAELA CASCALLARES,1200
2026-03-26,BUENOS AIRES,PEHUAJO,2863
2026-03-26,BUENOS AIRES,PERGAMINO,2465
2026-03-26,BUENOS AIRES,PIEDRITAS,280
2026-03-26,BUENOS AIRES,PIGUE,2680
2026-03-26,BUENOS AIRES,PILAR,1000
2026-03-26,BUENOS AIRES,PORVENIR,320
2026-03-26,BUENOS AIRES,QUEQUEN,498
2026-03-26,BUENOS AIRES,RAMALLO,57
2026-03-26,BUENOS AIRES,RAUCH,2
2026-03-26,BUENOS AIRES,RAWSON,300
2026-03-26,BUENOS AIRES,ROJAS,460
2026-03-26,BUENOS AIRES,SALAZAR,650
2026-03-26,BUENOS AIRES,SALLIQUELO,105
2026-03-26,BUENOS AIRES,SALTO,41
2026-03-26,BUENOS AIRES,SAN ANDRES DE GILES,1000
2026-03-26,BUENOS AIRES,SAN ANTONIO DE ARECO,626
2026-03-26,BUENOS AIRES,SAN MAURICIO,180
2026-03-26,BUENOS AIRES,SAN NICOLAS,58
2026-03-26,BUENOS AIRES,TRENQUE LAUQUEN,1970
2026-03-26,BUENOS AIRES,TRES ARROYOS,3380
2026-03-26,BUENOS AIRES,VEDIA,720
2026-03-26,BUENOS AIRES,VILLA LIA,420
2026-03-26,CATAMARCA,LOS ALTOS,100
2026-03-26,CHACO,BASAIL,6
2026-03-26,CHACO,CHARATA,1000
2026-03-26,CHACO,LOS FRENTONES,1000
2026-03-26,CIUDAD AUTÓNOMA DE BUENOS AIRES,CAPITAL FEDERAL,33510
2026-03-26,CÓRDOBA,ADELIA MARIA,3000
2026-03-26,CÓRDOBA,ALEJO LEDESMA,102
2026-03-26,CÓRDOBA,ALICIA,30
2026-03-26,CÓRDOBA,ARIAS,181
2026-03-26,CÓRDOBA,ARROYITO,150
2026-03-26,CÓRDOBA,BELL VILLE,530
2026-03-26,CÓRDOBA,BLAS DE ROSALES,60
2026-03-26,CÓRDOBA,CARRILOBO,892
2026-03-26,CÓRDOBA,CORONEL BAIGORRIA,69
2026-03-26,CÓRDOBA,CORONEL MOLDES,33
2026-03-26,CÓRDOBA,CORRAL DE BUSTOS,30
2026-03-26,CÓRDOBA,DEVOTO,65
2026-03-26,CÓRDOBA,ESQUINA,124
2026-03-26,CÓRDOBA,ESTACION CALCHIN,36
2026-03-26,CÓRDOBA,GENERAL LEVALLE,1501
2026-03-26,CÓRDOBA,GUATIMOZIN,7301
2026-03-26,CÓRDOBA,HERNANDO,30
2026-03-26,CÓRDOBA,HIPOLITO BOUCHARD,1560
2026-03-26,CÓRDOBA,HUINCA RENANCO,600
2026-03-26,CÓRDOBA,INRIVILLE,580
2026-03-26,CÓRDOBA,ISLA VERDE (DPTO. MA,16
2026-03-26,CÓRDOBA,JESUS MARIA,150
2026-03-26,CÓRDOBA,JOVITA,600
2026-03-26,CÓRDOBA,JUSTINIANO POSSE,2180
2026-03-26,CÓRDOBA,LA BRIANZA,62
2026-03-26,CÓRDOBA,LA CARLOTA,7000
2026-03-26,CÓRDOBA,LA CAUTIVA,330
2026-03-26,CÓRDOBA,LA CESIRA,200
2026-03-26,CÓRDOBA,LA CRUZ (DPTO. CALAM,60
2026-03-26,CÓRDOBA,LA PAQUITA,67
2026-03-26,CÓRDOBA,LA PUERTA (DPTO. RIO,180
2026-03-26,CÓRDOBA,LABORDE,133
2026-03-26,CÓRDOBA,LABOULAYE,950
2026-03-26,CÓRDOBA,LEONES,1500
2026-03-26,CÓRDOBA,LUQUE,280
2026-03-26,CÓRDOBA,MARCOS JUAREZ,630
2026-03-26,CÓRDOBA,MATORRALES,1000
2026-03-26,CÓRDOBA,MATTALDI,500
2026-03-26,CÓRDOBA,MONTE BUEY,216
2026-03-26,CÓRDOBA,MONTE CRISTO,180
2026-03-26,CÓRDOBA,MONTE MAIZ,1500
2026-03-26,CÓRDOBA,NOETINGER,564
2026-03-26,CÓRDOBA,OBISPO TREJO,3000
2026-03-26,CÓRDOBA,OLAETA,1216
2026-03-26,CÓRDOBA,OLIVA,2760
2026-03-26,CÓRDOBA,ONCATIVO,147
2026-03-26,CÓRDOBA,PASCANAS,119
2026-03-26,CÓRDOBA,PORTEÑA,399
2026-03-26,CÓRDOBA,POZO DEL MOLLE (SALT,105
2026-03-26,CÓRDOBA,RIO CUARTO,2150
2026-03-26,CÓRDOBA,RIO PRIMERO,1020
2026-03-26,CÓRDOBA,RIO TERCERO,120
2026-03-26,CÓRDOBA,SAIRA,28
2026-03-26,CÓRDOBA,SAN FRANCISCO (DPTO.,72
2026-03-26,CÓRDOBA,SANTA TERESA,18
2026-03-26,CÓRDOBA,SERRANO,300
2026-03-26,CÓRDOBA,SINSACATE,1090
2026-03-26,CÓRDOBA,TRANSITO,150
2026-03-26,CÓRDOBA,VIAMONTE,133
2026-03-26,CÓRDOBA,VICUÑA MACKENNA,4
2026-03-26,CÓRDOBA,VILLA DEL TOTORAL,700
2026-03-26,ENTRE RÍOS,ALDEA MARIA LUISA,108
2026-03-26,ENTRE RÍOS,ALDEA PROTESTANTE,30
2026-03-26,ENTRE RÍOS,ALDEA SAN ANTONIO,210
2026-03-26,ENTRE RÍOS,CRUCESITAS 7A. SECCI,37
2026-03-26,ENTRE RÍOS,DIAMANTE,32
2026-03-26,ENTRE RÍOS,GUALEGUAY,530
2026-03-26,ENTRE RÍOS,GUALEGUAYCHU,650
2026-03-26,ENTRE RÍOS,LA PAZ,60
2026-03-26,ENTRE RÍOS,LARROQUE,365
2026-03-26,ENTRE RÍOS,LAS MOSCAS,184
2026-03-26,ENTRE RÍOS,MARIA GRANDE PRIMERA,20
2026-03-26,ENTRE RÍOS,TABOSSI,19
2026-03-26,ENTRE RÍOS,URDINARRAIN,1120
2026-03-26,ENTRE RÍOS,VICTORIA,600
2026-03-26,ENTRE RÍOS,VILLA SAN MARCIAL,900
2026-03-26,ENTRE RÍOS,VILLAGUAY,44
2026-03-26,LA PAMPA,CATRILO,5190
2026-03-26,LA PAMPA,EDUARDO CASTEX,200
2026-03-26,LA PAMPA,GENERAL PICO,1500
2026-03-26,LA PAMPA,INTENDENTE ALVEAR,635
2026-03-26,LA PAMPA,SARAH,2150
2026-03-26,SALTA,ANTA,750
2026-03-26,SAN LUIS,CANDELARIA,428
2026-03-26,SAN LUIS,LA TOMA,210
2026-03-26,SAN LUIS,LUJAN,300
2026-03-26,SANTA FE,ALDAO,600
2026-03-26,SANTA FE,ANGELICA,90
2026-03-26,SANTA FE,AREQUITO,330
2026-03-26,SANTA FE,ARMINDA,210
2026-03-26,SANTA FE,ARMSTRONG,2008
2026-03-26,SANTA FE,BAUER Y SIGEL,93
2026-03-26,SANTA FE,BERABEVU,60
2026-03-26,SANTA FE,BERNARDO DE IRIGOYEN,60
2026-03-26,SANTA FE,BIGAND,21150
2026-03-26,SANTA FE,BUSTINZA,500
2026-03-26,SANTA FE,CAFFERATA,120
2026-03-26,SANTA FE,CALCHAQUI,19
2026-03-26,SANTA FE,CARCARAÑA,11
2026-03-26,SANTA FE,CARMEN DEL SAUCE,90
2026-03-26,SANTA FE,CASILDA,120
2026-03-26,SANTA FE,CHABAS,393
2026-03-26,SANTA FE,CHAPUY,303
2026-03-26,SANTA FE,CHRISTOPHERSEN,650
2026-03-26,SANTA FE,CLUCELLAS,60
2026-03-26,SANTA FE,CORONEL ARNOLD,300
2026-03-26,SANTA FE,DIAZ,1190
2026-03-26,SANTA FE,GALISTEO,468
2026-03-26,SANTA FE,HUGHES,1000
2026-03-26,SANTA FE,LA JOSEFINA,900
2026-03-26,SANTA FE,LAS PAREJAS,50
2026-03-26,SANTA FE,LAS ROSAS,810
2026-03-26,SANTA FE,LAZZARINO,30
2026-03-26,SANTA FE,LOGROÑO,31
2026-03-26,SANTA FE,LOPEZ,420
2026-03-26,SANTA FE,LOS CARDOS,1456
2026-03-26,SANTA FE,LOS LAURELES,96
2026-03-26,SANTA FE,LOS QUIRQUINCHOS,60
2026-03-26,SANTA FE,LUIS PALACIOS,4605
2026-03-26,SANTA FE,MAGGIOLO,60
2026-03-26,SANTA FE,MARIA JUANA,1500
2026-03-26,SANTA FE,MARIA SUSANA,1730
2026-03-26,SANTA FE,MONTES DE OCA,460
2026-03-26,SANTA FE,MURPHY,690
2026-03-26,SANTA FE,PAZ,330
2026-03-26,SANTA FE,PUERTO GRAL SAN MARTIN,2520
2026-03-26,SANTA FE,PUJATO,390
2026-03-26,SANTA FE,RAFAELA,1370
2026-03-26,SANTA FE,RAQUEL,131
2026-03-26,SANTA FE,RECONQUISTA,1200
2026-03-26,SANTA FE,ROLDAN,120
2026-03-26,SANTA FE,ROSARIO,4850
2026-03-26,SANTA FE,RUFINO,3325
2026-03-26,SANTA FE,SALADERO M. CABAL,240
2026-03-26,SANTA FE,SAN BERNARDO,86
2026-03-26,SANTA FE,SAN EDUARDO,500
2026-03-26,SANTA FE,SAN GREGORIO,1434
2026-03-26,SANTA FE,SAN GUILLERMO (DPTO.,60
2026-03-26,SANTA FE,SAN JERONIMO SUD,346
2026-03-26,SANTA FE,SAN JOSE DE LA ESQUI,210
2026-03-26,SANTA FE,SAN JUSTO,343
2026-03-26,SANTA FE,SAN LORENZO,13560
2026-03-26,SANTA FE,SAN MARCELO,205
2026-03-26,SANTA FE,SAN MARCOS DE VENADO,3800
2026-03-26,SANTA FE,SAN MARTIN DE LAS ES,7000
2026-03-26,SANTA FE,SANCTI SPIRITU,340
2026-03-26,SANTA FE,SANTA FE,6500
2026-03-26,SANTA FE,SANTA ISABEL,60
2026-03-26,SANTA FE,SANTA TERESA (DPTO.,60
2026-03-26,SANTA FE,SANTO TOME,18
2026-03-26,SANTA FE,SASTRE,131
2026-03-26,SANTA FE,SERODINO,29
2026-03-26,SANTA FE,TEODELINA,290
2026-03-26,SANTA FE,VENADO TUERTO,5617
2026-03-26,SANTA FE,VIDELA,100
2026-03-26,SANTA FE,VILLA CAÑAS,1250
2026-03-26,SANTA FE,WHEELWRIGHT,2040
2026-03-26,SANTIAGO DEL ESTERO,BANDERA,150
2026-03-26,SANTIAGO DEL ESTERO,LOS JURIES,30
2026-03-26,SANTIAGO DEL ESTERO,SANTIAGO DEL ESTERO,90
2026-03-26,SANTIAGO DEL ESTERO,SOL DE JULIO,140
2026-03-26,SANTIAGO DEL ESTERO,TOMAS YOUNG,200
2026-03-26,TUCUMÁN,BURRUYACU,1000
2026-03-27,BUENOS AIRES,AMERICA,1476
2026-03-27,BUENOS AIRES,ARRECIFES,299
2026-03-27,BUENOS AIRES,ARRIBEÑOS,1655
2026-03-27,BUENOS AIRES,BAHIA BLANCA,4880
2026-03-27,BUENOS AIRES,BALCARCE,150
2026-03-27,BUENOS AIRES,BANDERALO,100
2026-03-27,BUENOS AIRES,BARADERO,148
2026-03-27,BUENOS AIRES,BARRIO JULIO DE VEDI,400
2026-03-27,BUENOS AIRES,BRAGADO,1090
2026-03-27,BUENOS AIRES,CAMINERA LUJAN,300
2026-03-27,BUENOS AIRES,CAPILLA DEL SEÑOR,100
2026-03-27,BUENOS AIRES,CARABELAS,300
2026-03-27,BUENOS AIRES,CARHUE,50
2026-03-27,BUENOS AIRES,CARLOS CASARES,7517
2026-03-27,BUENOS AIRES,CARLOS MARIA NAON,210
2026-03-27,BUENOS AIRES,CASBAS,600
2026-03-27,BUENOS AIRES,CAÑADA SECA,2
2026-03-27,BUENOS AIRES,CHACABUCO,1950
2026-03-27,BUENOS AIRES,CHIVILCOY,3128
2026-03-27,BUENOS AIRES,COLON,353
2026-03-27,BUENOS AIRES,CORONEL PRINGLES,1730
2026-03-27,BUENOS AIRES,CORONEL SEGUI,500
2026-03-27,BUENOS AIRES,ESTACION ASCENSION,60
2026-03-27,BUENOS AIRES,GENERAL VILLEGAS,2000
2026-03-27,BUENOS AIRES,GONZALES CHAVES,1500
2026-03-27,BUENOS AIRES,GUAMINI,1000
2026-03-27,BUENOS AIRES,HENDERSON,150
2026-03-27,BUENOS AIRES,JUAN JOSE PASO,90
2026-03-27,BUENOS AIRES,JUNIN,210
2026-03-27,BUENOS AIRES,LAS FLORES,120
2026-03-27,BUENOS AIRES,LINCOLN,1571
2026-03-27,BUENOS AIRES,LOBOS,72
2026-03-27,BUENOS AIRES,LOS TOLDOS,140
2026-03-27,BUENOS AIRES,LUJAN,300
2026-03-27,BUENOS AIRES,MARCOS PAZ,21
2026-03-27,BUENOS AIRES,NAVARRO,150
2026-03-27,BUENOS AIRES,NECOCHEA,60
2026-03-27,BUENOS AIRES,PEHUAJO,510
2026-03-27,BUENOS AIRES,PERGAMINO,356
2026-03-27,BUENOS AIRES,PIGUE,305
2026-03-27,BUENOS AIRES,QUEQUEN,210
2026-03-27,BUENOS AIRES,RAFAEL OBLIGADO,210
2026-03-27,BUENOS AIRES,RANCHOS,140
2026-03-27,BUENOS AIRES,RAWSON,60
2026-03-27,BUENOS AIRES,ROJAS,268
2026-03-27,BUENOS AIRES,SALTO,600
2026-03-27,BUENOS AIRES,SAN ANTONIO DE ARECO,60
2026-03-27,BUENOS AIRES,SAN NICOLAS,28
2026-03-27,BUENOS AIRES,SOLIS,30
2026-03-27,BUENOS AIRES,TRENQUE LAUQUEN,3290
2026-03-27,BUENOS AIRES,TRES ARROYOS,400
2026-03-27,BUENOS AIRES,TRES LOMAS,120
2026-03-27,BUENOS AIRES,VEDIA,88
2026-03-27,CHACO,CAMPO LARGO,15
2026-03-27,CHACO,CERRITO,150
2026-03-27,CHACO,MESON DE FIERRO,20
2026-03-27,CIUDAD AUTÓNOMA DE BUENOS AIRES,CAPITAL FEDERAL,1360
2026-03-27,CÓRDOBA,ADELIA MARIA,1263
2026-03-27,CÓRDOBA,ALDEA SANTA MARIA,60
2026-03-27,CÓRDOBA,ALEJANDRO ROCA,446
2026-03-27,CÓRDOBA,ALEJO LEDESMA,267
2026-03-27,CÓRDOBA,ARIAS,116
2026-03-27,CÓRDOBA,ATAHONA,110
2026-03-27,CÓRDOBA,BALLESTEROS,3
2026-03-27,CÓRDOBA,BALNEARIA,358
2026-03-27,CÓRDOBA,BARRIO BELGRANO (BEL,90
2026-03-27,CÓRDOBA,BELL VILLE,2280
2026-03-27,CÓRDOBA,CALCHIN,36
2026-03-27,CÓRDOBA,CAMILO ALDAO,120
2026-03-27,CÓRDOBA,CANDELARIA (TOTORAL),40
2026-03-27,CÓRDOBA,CARRILOBO,344
2026-03-27,CÓRDOBA,CHAJAN,200
2026-03-27,CÓRDOBA,COLONIA ALMADA,502
2026-03-27,CÓRDOBA,COLONIA EL DORADO,30
2026-03-27,CÓRDOBA,COLONIA ITALIANA,3230
2026-03-27,CÓRDOBA,COLONIA SILVIO PELLI,6
2026-03-27,CÓRDOBA,CORONEL MOLDES,450
2026-03-27,CÓRDOBA,CORRAL DE BUSTOS,560
2026-03-27,CÓRDOBA,CRUZ ALTA,60
2026-03-27,CÓRDOBA,DEVOTO,46
2026-03-27,CÓRDOBA,ELENA,180
2026-03-27,CÓRDOBA,ESQUINA,75
2026-03-27,CÓRDOBA,GENERAL BALDISSERA,24
2026-03-27,CÓRDOBA,GENERAL CABRERA,330
2026-03-27,CÓRDOBA,GENERAL LEVALLE,1900
2026-03-27,CÓRDOBA,GUATIMOZIN,2050
2026-03-27,CÓRDOBA,HERNANDO,80
2026-03-27,CÓRDOBA,HIPOLITO BOUCHARD,3800
2026-03-27,CÓRDOBA,HUINCA RENANCO,210
2026-03-27,CÓRDOBA,INRIVILLE,500
2026-03-27,CÓRDOBA,ISLA VERDE (DPTO. MA,182
2026-03-27,CÓRDOBA,ITALO,200
2026-03-27,CÓRDOBA,JESUS MARIA,500
2026-03-27,CÓRDOBA,JUAREZ CELMAN,350
2026-03-27,CÓRDOBA,JUSTINIANO POSSE,6995
2026-03-27,CÓRDOBA,LA CARLOTA,60
2026-03-27,CÓRDOBA,LABOULAYE,3033
2026-03-27,CÓRDOBA,LEONES,450
2026-03-27,CÓRDOBA,LOS CISNES,36
2026-03-27,CÓRDOBA,MARCOS JUAREZ,1590
2026-03-27,CÓRDOBA,MATORRALES,120
2026-03-27,CÓRDOBA,MONTE BUEY,210
2026-03-27,CÓRDOBA,MONTE MAIZ,2620
2026-03-27,CÓRDOBA,ONCATIVO,700
2026-03-27,CÓRDOBA,PASCANAS,150
2026-03-27,CÓRDOBA,PUEBLO ITALIANO,60
2026-03-27,CÓRDOBA,RIO CUARTO,961
2026-03-27,CÓRDOBA,RIO PRIMERO,141
2026-03-27,CÓRDOBA,RIO TERCERO,400
2026-03-27,CÓRDOBA,SAN FRANCISCO (DPTO.,23
2026-03-27,CÓRDOBA,SAN MARCOS SUD,500
2026-03-27,CÓRDOBA,SINSACATE,3110
2026-03-27,CÓRDOBA,TOLEDO,150
2026-03-27,CÓRDOBA,TOSQUITA,103
2026-03-27,CÓRDOBA,UCACHA,180
2026-03-27,CÓRDOBA,VIAMONTE,461
2026-03-27,CÓRDOBA,VICUÑA MACKENNA,70
2026-03-27,CÓRDOBA,VILLA DEL ROSARIO,30
2026-03-27,CÓRDOBA,VILLA DOLORES,466
2026-03-27,CÓRDOBA,VILLA HUIDOBRO,200
2026-03-27,CÓRDOBA,WENCESLAO ESCALANTE,150
2026-03-27,ENTRE RÍOS,ALDEA BRASILERA,300
2026-03-27,ENTRE RÍOS,CRUCESITAS 7A. SECCI,100
2026-03-27,ENTRE RÍOS,GALARZA,300
2026-03-27,ENTRE RÍOS,GUALEGUAY,260
2026-03-27,ENTRE RÍOS,GUALEGUAYCHU,80
2026-03-27,ENTRE RÍOS,HERRERA,279
2026-03-27,ENTRE RÍOS,LA PAZ,186
2026-03-27,ENTRE RÍOS,LARROQUE,114
2026-03-27,ENTRE RÍOS,LAZO,36
2026-03-27,ENTRE RÍOS,URDINARRAIN,890
2026-03-27,ENTRE RÍOS,VIALE,160
2026-03-27,ENTRE RÍOS,VICTORIA,500
2026-03-27,ENTRE RÍOS,VILLA MANTERO,58
2026-03-27,LA PAMPA,BERNARDO LARROUDE,60
2026-03-27,LA PAMPA,CATRILO,3000
2026-03-27,LA PAMPA,EDUARDO CASTEX,1296
2026-03-27,LA PAMPA,GENERAL PICO,393
2026-03-27,LA PAMPA,INTENDENTE ALVEAR,3595
2026-03-27,LA PAMPA,QUEMU-QUEMU,200
2026-03-27,LA PAMPA,ROLON,240
2026-03-27,SALTA,LAS LAJITAS,400
2026-03-27,SAN LUIS,VILLA MERCEDES,600
2026-03-27,SANTA FE,ACEBAL,150
2026-03-27,SANTA FE,AMENABAR,240
2026-03-27,SANTA FE,AREQUITO,210
2026-03-27,SANTA FE,ARMSTRONG,2140
2026-03-27,SANTA FE,ARROYO SECO,500
2026-03-27,SANTA FE,BARRANCAS,60
2026-03-27,SANTA FE,BERNARDO DE IRIGOYEN,304
2026-03-27,SANTA FE,BERRETTA,700
2026-03-27,SANTA FE,BIGAND,10000
2026-03-27,SANTA FE,BOMBAL,120
2026-03-27,SANTA FE,BOUQUET,300
2026-03-27,SANTA FE,BUSTINZA,19
2026-03-27,SANTA FE,CARMEN,300
2026-03-27,SANTA FE,CAÑADA ROSQUIN,1015
2026-03-27,SANTA FE,CHABAS,30
2026-03-27,SANTA FE,CHAPUY,2035
2026-03-27,SANTA FE,CLUCELLAS,240
2026-03-27,SANTA FE,COLONIA ALDAO,29
2026-03-27,SANTA FE,DIAZ,960
2026-03-27,SANTA FE,INGENIERO CHANOURDIE,6
2026-03-27,SANTA FE,IRIGOYEN,60
2026-03-27,SANTA FE,LANDETA,30
2026-03-27,SANTA FE,LAS PAREJAS,70
2026-03-27,SANTA FE,LAS ROSAS,706
2026-03-27,SANTA FE,LOS MOLINOS,1260
2026-03-27,SANTA FE,LOS QUIRQUINCHOS,100
2026-03-27,SANTA FE,LUIS PALACIOS,3210
2026-03-27,SANTA FE,MAGGIOLO,30
2026-03-27,SANTA FE,MARIA JUANA,12010
2026-03-27,SANTA FE,MARIA SUSANA,1212
2026-03-27,SANTA FE,MURPHY,450
2026-03-27,SANTA FE,PEYRANO,393
2026-03-27,SANTA FE,PILAR,700
2026-03-27,SANTA FE,PUERTO GRAL SAN MARTIN,2400
2026-03-27,SANTA FE,PUERTO SAN LORENZO,360
2026-03-27,SANTA FE,ROSARIO,1880
2026-03-27,SANTA FE,RUFINO,600
2026-03-27,SANTA FE,RUNCIMAN,350
2026-03-27,SANTA FE,SAN EDUARDO,100
2026-03-27,SANTA FE,SAN GREGORIO,77
2026-03-27,SANTA FE,SAN JERONIMO NORTE,3770
2026-03-27,SANTA FE,SAN JERONIMO SUD,70
2026-03-27,SANTA FE,SAN JOSE DE LA ESQUI,429
2026-03-27,SANTA FE,SAN JUSTO,380
2026-03-27,SANTA FE,SAN LORENZO,33900
2026-03-27,SANTA FE,SAN MARCELO,175
2026-03-27,SANTA FE,SAN MARCOS DE VENADO,4500
2026-03-27,SANTA FE,SANCTI SPIRITU,90
2026-03-27,SANTA FE,SANTA FE,18150
2026-03-27,SANTA FE,SANTO DOMINGO,90
2026-03-27,SANTA FE,SARMIENTO,19
2026-03-27,SANTA FE,SUNCHALES,210
2026-03-27,SANTA FE,TEODELINA,2050
2026-03-27,SANTA FE,TOTORAS,120
2026-03-27,SANTA FE,VENADO TUERTO,3941
2026-03-27,SANTA FE,VIDELA,900
2026-03-27,SANTA FE,VILLA CAÑAS,30000
2026-03-27,SANTA FE,VILLA TRINIDAD,400
2026-03-27,SANTA FE,WHEELWRIGHT,3000
2026-03-27,SANTIAGO DEL ESTERO,AGUAS COLORADAS,355
2026-03-27,SANTIAGO DEL ESTERO,AVERIAS,1000
2026-03-27,SANTIAGO DEL ESTERO,BANDERA,2500
2026-03-27,SANTIAGO DEL ESTERO,OTUMPA,300
2026-03-27,SANTIAGO DEL ESTERO,QUIMILI,14
2026-03-27,SANTIAGO DEL ESTERO,SOL DE JULIO,70
2026-03-27,SANTIAGO DEL ESTERO,TOMAS YOUNG,5
2026-03-27,SANTIAGO DEL ESTERO,WEISBURD,60
2026-03-28,BUENOS AIRES,GENERAL VILLEGAS,800
2026-03-28,BUENOS AIRES,PEHUAJO,400
2026-03-28,CÓRDOBA,COLAZO,90
2026-03-28,SAN LUIS,QUINES,132
2026-03-30,BUENOS AIRES,ALBERTI,120
2026-03-30,BUENOS AIRES,AMEGHINO,331
2026-03-30,BUENOS AIRES,AMERICA,673
2026-03-30,BUENOS AIRES,ARRIBEÑOS,99
2026-03-30,BUENOS AIRES,BAHIA BLANCA,1320
2026-03-30,BUENOS AIRES,BOCAYUVA,244
2026-03-30,BUENOS AIRES,BRAGADO,675
2026-03-30,BUENOS AIRES,CAPILLA DEL SEÑOR,120
2026-03-30,BUENOS AIRES,CARLOS CASARES,1800
2026-03-30,BUENOS AIRES,CARMEN DE ARECO,8
2026-03-30,BUENOS AIRES,CHACABUCO,3100
2026-03-30,BUENOS AIRES,CHIVILCOY,910
2026-03-30,BUENOS AIRES,CORONEL DORREGO,660
2026-03-30,BUENOS AIRES,CUATRO DE NOVIEMBRE,1000
2026-03-30,BUENOS AIRES,DARREGUEIRA,28
2026-03-30,BUENOS AIRES,DEL CARRIL,792
2026-03-30,BUENOS AIRES,GENERAL ARENALES,25
2026-03-30,BUENOS AIRES,GENERAL PINTO,102
2026-03-30,BUENOS AIRES,GENERAL VILLEGAS,1005
2026-03-30,BUENOS AIRES,GONZALES CHAVES,4000
2026-03-30,BUENOS AIRES,IRALA,100
2026-03-30,BUENOS AIRES,JUAN JOSE PASO,30
2026-03-30,BUENOS AIRES,JUNIN,1020
2026-03-30,BUENOS AIRES,LIMA,150
2026-03-30,BUENOS AIRES,LINCOLN,2540
2026-03-30,BUENOS AIRES,LOBOS,13
2026-03-30,BUENOS AIRES,LOS TOLDOS,294
2026-03-30,BUENOS AIRES,MARCOS PAZ,26
2026-03-30,BUENOS AIRES,MARIANO H. ALFONZO,1000
2026-03-30,BUENOS AIRES,MERCEDES,91
2026-03-30,BUENOS AIRES,MICAELA CASCALLARES,13
2026-03-30,BUENOS AIRES,MORSE,390
2026-03-30,BUENOS AIRES,NECOCHEA,37
2026-03-30,BUENOS AIRES,PEHUAJO,146
2026-03-30,BUENOS AIRES,PERGAMINO,628
2026-03-30,BUENOS AIRES,PIEDRITAS,385
2026-03-30,BUENOS AIRES,PIGUE,30
2026-03-30,BUENOS AIRES,QUEQUEN,30
2026-03-30,BUENOS AIRES,ROJAS,1087
2026-03-30,BUENOS AIRES,SALADILLO,110
2026-03-30,BUENOS AIRES,SALTO,180
2026-03-30,BUENOS AIRES,SAN ANDRES DE GILES,500
2026-03-30,BUENOS AIRES,SAN NICOLAS,1000
2026-03-30,BUENOS AIRES,TANDIL,30
2026-03-30,BUENOS AIRES,TRENQUE LAUQUEN,600
2026-03-30,BUENOS AIRES,VEDIA,1808
2026-03-30,CHACO,BASAIL,18
2026-03-30,CHACO,CERRITO,500
2026-03-30,CHACO,PAMPA DEL INFIERNO,1600
2026-03-30,CIUDAD AUTÓNOMA DE BUENOS AIRES,CAPITAL FEDERAL,3690
2026-03-30,CÓRDOBA,ADELIA MARIA,3820
2026-03-30,CÓRDOBA,ALEJANDRO ROCA,639
2026-03-30,CÓRDOBA,ALEJO LEDESMA,200
2026-03-30,CÓRDOBA,ARIAS,8
2026-03-30,CÓRDOBA,BALNEARIA,16
2026-03-30,CÓRDOBA,BELL VILLE,90
2026-03-30,CÓRDOBA,BLAS DE ROSALES,120
2026-03-30,CÓRDOBA,CALCHIN,150
2026-03-30,CÓRDOBA,CHARRAS,93
2026-03-30,CÓRDOBA,COLONIA ALMADA,592
2026-03-30,CÓRDOBA,COLONIA EL MILAGRO,15
2026-03-30,CÓRDOBA,COLONIA EL TRABAJO,39
2026-03-30,CÓRDOBA,COLONIA LAS CUATRO E,30
2026-03-30,CÓRDOBA,COLONIA SAN PEDRO,11
2026-03-30,CÓRDOBA,COLONIA TIROLESA,24
2026-03-30,CÓRDOBA,CORONEL MOLDES,2500
2026-03-30,CÓRDOBA,DEVOTO,15
2026-03-30,CÓRDOBA,GENERAL BALDISSERA,150
2026-03-30,CÓRDOBA,GENERAL CABRERA,305
2026-03-30,CÓRDOBA,GENERAL LEVALLE,3253
2026-03-30,CÓRDOBA,HERNANDO,4592
2026-03-30,CÓRDOBA,HOLMBERG,153
2026-03-30,CÓRDOBA,HUANCHILLA,202
2026-03-30,CÓRDOBA,INRIVILLE,33
2026-03-30,CÓRDOBA,JESUS MARIA,2449
2026-03-30,CÓRDOBA,JOVITA,727
2026-03-30,CÓRDOBA,JUSTINIANO POSSE,1060
2026-03-30,CÓRDOBA,LA CESIRA,300
2026-03-30,CÓRDOBA,LA HERRADURA,60
2026-03-30,CÓRDOBA,LABOULAYE,6942
2026-03-30,CÓRDOBA,LAS VARAS,8
2026-03-30,CÓRDOBA,LOS CISNES,1
2026-03-30,CÓRDOBA,MARCOS JUAREZ,298
2026-03-30,CÓRDOBA,MATORRALES,590
2026-03-30,CÓRDOBA,MONTE BUEY,4
2026-03-30,CÓRDOBA,MONTE MAIZ,1580
2026-03-30,CÓRDOBA,MORRISON,123
2026-03-30,CÓRDOBA,NICOLAS BRUZONE,300
2026-03-30,CÓRDOBA,NOETINGER,690
2026-03-30,CÓRDOBA,OLIVA,1000
2026-03-30,CÓRDOBA,ONCATIVO,1933
2026-03-30,CÓRDOBA,PASCANAS,783
2026-03-30,CÓRDOBA,PILAR,500
2026-03-30,CÓRDOBA,PIQUILLIN,35
2026-03-30,CÓRDOBA,PORTEÑA,41
2026-03-30,CÓRDOBA,POZO DEL MOLLE (SALT,360
2026-03-30,CÓRDOBA,RIO CUARTO,3300
2026-03-30,CÓRDOBA,RIO PRIMERO,1063
2026-03-30,CÓRDOBA,RIO TERCERO,1230
2026-03-30,CÓRDOBA,RODEO VIEJO,27
2026-03-30,CÓRDOBA,ROSALES,28
2026-03-30,CÓRDOBA,SAMPACHO,151
2026-03-30,CÓRDOBA,SAN BASILIO,58
2026-03-30,CÓRDOBA,SAN FRANCISCO (DPTO.,181
2026-03-30,CÓRDOBA,SATURNINO M. LASPIUR,92
2026-03-30,CÓRDOBA,SERRANO,59
2026-03-30,CÓRDOBA,TRANSITO,500
2026-03-30,CÓRDOBA,VIAMONTE,120
2026-03-30,CÓRDOBA,VICUÑA MACKENNA,890
2026-03-30,CÓRDOBA,VILLA ASCASUBI,219
2026-03-30,CÓRDOBA,VILLA CIUDAD PARQUE,300
2026-03-30,CÓRDOBA,VILLA MARIA (DPTO. G,17
2026-03-30,CÓRDOBA,WENCESLAO ESCALANTE,540
2026-03-30,ENTRE RÍOS,ALBARDON,1500
2026-03-30,ENTRE RÍOS,ALDEA BRASILERA,150
2026-03-30,ENTRE RÍOS,ALDEA MARIA LUISA,1140
2026-03-30,ENTRE RÍOS,ALDEA PROTESTANTE,30
2026-03-30,ENTRE RÍOS,DIAMANTE,160
2026-03-30,ENTRE RÍOS,DON CRISTOBAL,69
2026-03-30,ENTRE RÍOS,GENERAL GALARZA,234
2026-03-30,ENTRE RÍOS,GUALEGUAY,540
2026-03-30,ENTRE RÍOS,INGENIERO MIGUEL SAJ,216
2026-03-30,ENTRE RÍOS,LA PAZ,36
2026-03-30,ENTRE RÍOS,LUCAS GONZALEZ,4
2026-03-30,ENTRE RÍOS,MACIA,343
2026-03-30,ENTRE RÍOS,MARIA GRANDE,32
2026-03-30,ENTRE RÍOS,MOJONES SUD,2
2026-03-30,ENTRE RÍOS,PASO DE LA ARENA,535
2026-03-30,ENTRE RÍOS,URDINARRAIN,600
2026-03-30,ENTRE RÍOS,VIALE,20
2026-03-30,ENTRE RÍOS,VILLA MANTERO,70
2026-03-30,ENTRE RÍOS,VILLA SAN MARCIAL,11
2026-03-30,ENTRE RÍOS,VILLAGUAY,428
2026-03-30,LA PAMPA,AGUSTONI,108
2026-03-30,LA PAMPA,BERNARDO LARROUDE,2000
2026-03-30,LA PAMPA,EDUARDO CASTEX,1633
2026-03-30,LA PAMPA,EMBAJADOR MARTINI,14
2026-03-30,LA PAMPA,GENERAL PICO,1731
2026-03-30,LA PAMPA,INTENDENTE ALVEAR,355
2026-03-30,LA PAMPA,QUEMU-QUEMU,159
2026-03-30,LA PAMPA,SARAH,26
2026-03-30,SALTA,PIZARRO,321
2026-03-30,SALTA,ROSARIO DE LA FRONTE,700
2026-03-30,SAN LUIS,ELEODORO LOBOS,500
2026-03-30,SAN LUIS,JUAN LLERENA,70
2026-03-30,SAN LUIS,SAN LUIS,500
2026-03-30,SANTA FE,AMBROSETTI,39
2026-03-30,SANTA FE,AMENABAR,30
2026-03-30,SANTA FE,ARMSTRONG,120
2026-03-30,SANTA FE,ARROYO SECO,2000
2026-03-30,SANTA FE,AVENA,500
2026-03-30,SANTA FE,BIGAND,1590
2026-03-30,SANTA FE,BOMBAL,120
2026-03-30,SANTA FE,CABAL,30
2026-03-30,SANTA FE,CARRIZALES,30
2026-03-30,SANTA FE,CASILDA,127
2026-03-30,SANTA FE,CAÑADA ROSQUIN,117
2026-03-30,SANTA FE,CHABAS,690
2026-03-30,SANTA FE,CHAPUY,1165
2026-03-30,SANTA FE,CHAÑAR LADEADO,10
2026-03-30,SANTA FE,DIAZ,680
2026-03-30,SANTA FE,ESMERALDA,107
2026-03-30,SANTA FE,HUGHES,30
2026-03-30,SANTA FE,INGENIERO CHANOURDIE,16
2026-03-30,SANTA FE,LANDETA,60
2026-03-30,SANTA FE,LAS PAREJAS,75
2026-03-30,SANTA FE,LAS ROSAS,395
2026-03-30,SANTA FE,LOGROÑO,500
2026-03-30,SANTA FE,LOS LAURELES,96
2026-03-30,SANTA FE,LUIS PALACIOS,4025
2026-03-30,SANTA FE,MAGGIOLO,30
2026-03-30,SANTA FE,MARIA SUSANA,1610
2026-03-30,SANTA FE,PAZ,120
2026-03-30,SANTA FE,PUERTO GRAL SAN MARTIN,300
2026-03-30,SANTA FE,RECREO,4
2026-03-30,SANTA FE,ROLDAN,500
2026-03-30,SANTA FE,ROSARIO,1300
2026-03-30,SANTA FE,SAN GREGORIO,10
2026-03-30,SANTA FE,SAN JERONIMO NORTE,30
2026-03-30,SANTA FE,SAN JERONIMO SUD,70
2026-03-30,SANTA FE,SAN JORGE,60
2026-03-30,SANTA FE,SAN JUSTO,30
2026-03-30,SANTA FE,SAN LORENZO,1936
2026-03-30,SANTA FE,SAN MARCOS DE VENADO,8500
2026-03-30,SANTA FE,SAN MARTIN DE LAS ES,44
2026-03-30,SANTA FE,SANTA FE,335
2026-03-30,SANTA FE,SANTO DOMINGO,30
2026-03-30,SANTA FE,SANTO TOME,187
2026-03-30,SANTA FE,SOUTOMAYOR,296
2026-03-30,SANTA FE,TACURAL,31
2026-03-30,SANTA FE,TEODELINA,770
2026-03-30,SANTA FE,TOSTADO,99
2026-03-30,SANTA FE,URANGA,180
2026-03-30,SANTA FE,VENADO TUERTO,8595
2026-03-30,SANTA FE,VILA,26
2026-03-30,SANTA FE,VILLA CAÑAS,270
2026-03-30,SANTA FE,VILLA TRINIDAD,1960
2026-03-30,SANTA FE,ZENON PEREYRA,90
2026-03-30,SANTIAGO DEL ESTERO,AGUAS COLORADAS,13
2026-03-30,SANTIAGO DEL ESTERO,BANDERA,165
2026-03-30,SANTIAGO DEL ESTERO,GUASAYAN,2000
2026-03-30,SANTIAGO DEL ESTERO,LOS JURIES,76
2026-03-30,SANTIAGO DEL ESTERO,QUIMILI,5000
2026-03-30,SANTIAGO DEL ESTERO,SANTIAGO DEL ESTERO,120
2026-03-30,TUCUMÁN,GOBERNADOR GARMENDIA,500
2026-03-30,TUCUMÁN,POZO LARGO,400
2026-03-31,BUENOS AIRES,9 DE JULIO,58
2026-03-31,BUENOS AIRES,ACEVEDO,150
2026-03-31,BUENOS AIRES,AMEGHINO,650
2026-03-31,BUENOS AIRES,AMERICA,6033
2026-03-31,BUENOS AIRES,ARRECIFES,30
2026-03-31,BUENOS AIRES,ARRIBEÑOS,1396
2026-03-31,BUENOS AIRES,BAHIA BLANCA,200
2026-03-31,BUENOS AIRES,BAIGORRITA,240
2026-03-31,BUENOS AIRES,BANDERALO,600
2026-03-31,BUENOS AIRES,BENITO JUAREZ,180
2026-03-31,BUENOS AIRES,BRAGADO,700
2026-03-31,BUENOS AIRES,CARABELAS,345
2026-03-31,BUENOS AIRES,CARHUE,400
2026-03-31,BUENOS AIRES,CHIVILCOY,14
2026-03-31,BUENOS AIRES,COLON,380
2026-03-31,BUENOS AIRES,CORONEL DORREGO,120
2026-03-31,BUENOS AIRES,CORONEL PRINGLES,704
2026-03-31,BUENOS AIRES,DUGGAN,150
2026-03-31,BUENOS AIRES,GENERAL PINTO,905
2026-03-31,BUENOS AIRES,GENERAL VILLEGAS,4103
2026-03-31,BUENOS AIRES,JUAN BAUTISTA ALBERD,120
2026-03-31,BUENOS AIRES,JUAN JOSE PASO,60
2026-03-31,BUENOS AIRES,JUNIN,90
2026-03-31,BUENOS AIRES,LA DULCE,562
2026-03-31,BUENOS AIRES,LIMA,215
2026-03-31,BUENOS AIRES,LINCOLN,29
2026-03-31,BUENOS AIRES,LOBERIA,1215
2026-03-31,BUENOS AIRES,LOBOS,1000
2026-03-31,BUENOS AIRES,LOS TOLDOS,262
2026-03-31,BUENOS AIRES,MERCEDES,23
2026-03-31,BUENOS AIRES,NECOCHEA,21
2026-03-31,BUENOS AIRES,PEHUAJO,594
2026-03-31,BUENOS AIRES,PEREZ MILLAN,300
2026-03-31,BUENOS AIRES,PERGAMINO,1033
2026-03-31,BUENOS AIRES,PIEDRITAS,105
2026-03-31,BUENOS AIRES,PIGUE,443
2026-03-31,BUENOS AIRES,RAUCH,1000
2026-03-31,BUENOS AIRES,ROJAS,60
2026-03-31,BUENOS AIRES,ROOSEVELT,200
2026-03-31,BUENOS AIRES,SALLIQUELO,1000
2026-03-31,BUENOS AIRES,SALTO,112
2026-03-31,BUENOS AIRES,SAN ANDRES DE GILES,258
2026-03-31,BUENOS AIRES,SAN CAYETANO,450
2026-03-31,BUENOS AIRES,SAN MARTIN,150
2026-03-31,BUENOS AIRES,SAN PEDRO,1000
2026-03-31,BUENOS AIRES,SUIPACHA,510
2026-03-31,BUENOS AIRES,TANDIL,1000
2026-03-31,BUENOS AIRES,TORNQUIST,560
2026-03-31,BUENOS AIRES,TRENQUE LAUQUEN,1910
2026-03-31,BUENOS AIRES,TRES ARROYOS,360
2026-03-31,BUENOS AIRES,VEDIA,60
2026-03-31,BUENOS AIRES,VELA,1400
2026-03-31,CHACO,MESON DE FIERRO,143
2026-03-31,CIUDAD AUTÓNOMA DE BUENOS AIRES,CAPITAL FEDERAL,22510
2026-03-31,CÓRDOBA,ACHIRAS (DPTO. RIO C,1000
2026-03-31,CÓRDOBA,ADELIA MARIA,30
2026-03-31,CÓRDOBA,ALEJANDRO ROCA,22556
2026-03-31,CÓRDOBA,ALEJO LEDESMA,275
2026-03-31,CÓRDOBA,ALICIA,30
2026-03-31,CÓRDOBA,ALMAFUERTE,31
2026-03-31,CÓRDOBA,ARIAS,51
2026-03-31,CÓRDOBA,BELL VILLE,218
2026-03-31,CÓRDOBA,BLAS DE ROSALES,30
2026-03-31,CÓRDOBA,CARRILOBO,240
2026-03-31,CÓRDOBA,CHARRAS,70
2026-03-31,CÓRDOBA,COLONIA MARINA,12
2026-03-31,CÓRDOBA,CORDOBA,434
2026-03-31,CÓRDOBA,CORONEL MOLDES,57
2026-03-31,CÓRDOBA,CORRAL DE BUSTOS,400
2026-03-31,CÓRDOBA,CORRAL DEL BAJO,46
2026-03-31,CÓRDOBA,EL POTOSI,10
2026-03-31,CÓRDOBA,ELENA,467
2026-03-31,CÓRDOBA,GENERAL LEVALLE,1666
2026-03-31,CÓRDOBA,GUATIMOZIN,1338
2026-03-31,CÓRDOBA,HUANCHILLA,9
2026-03-31,CÓRDOBA,HUINCA RENANCO,571
2026-03-31,CÓRDOBA,IMPIRA,91
2026-03-31,CÓRDOBA,INRIVILLE,303
2026-03-31,CÓRDOBA,ISLA VERDE (DPTO. MA,120
2026-03-31,CÓRDOBA,ITALO,485
2026-03-31,CÓRDOBA,JESUS MARIA,548
2026-03-31,CÓRDOBA,JUSTINIANO POSSE,1140
2026-03-31,CÓRDOBA,LA CARLOTA,62
2026-03-31,CÓRDOBA,LA CAUTIVA,0
2026-03-31,CÓRDOBA,LA PUERTA (DPTO. RIO,130
2026-03-31,CÓRDOBA,LABORDE,160
2026-03-31,CÓRDOBA,LABOULAYE,419
2026-03-31,CÓRDOBA,LAGUNA LARGA,33
2026-03-31,CÓRDOBA,LAGUNA OSCURA,114
2026-03-31,CÓRDOBA,LAS ACEQUIAS,130
2026-03-31,CÓRDOBA,LAS VARILLAS,300
2026-03-31,CÓRDOBA,LEONES,598
2026-03-31,CÓRDOBA,LOS SURGENTES,121
2026-03-31,CÓRDOBA,MARCOS JUAREZ,983
2026-03-31,CÓRDOBA,MATORRALES,89
2026-03-31,CÓRDOBA,MAUNIER,64
2026-03-31,CÓRDOBA,MONTE BUEY,627
2026-03-31,CÓRDOBA,MONTE CRISTO,150
2026-03-31,CÓRDOBA,MONTE MAIZ,5300
2026-03-31,CÓRDOBA,MORRISON,110
2026-03-31,CÓRDOBA,NICOLAS BRUZONE,70
2026-03-31,CÓRDOBA,OLIVA,24
2026-03-31,CÓRDOBA,ORDOÑEZ,300
2026-03-31,CÓRDOBA,PASCANAS,150
2026-03-31,CÓRDOBA,PAUNERO,150
2026-03-31,CÓRDOBA,PILAR,570
2026-03-31,CÓRDOBA,RIO BAMBA,299
2026-03-31,CÓRDOBA,RIO CUARTO,1534
2026-03-31,CÓRDOBA,RIO PRIMERO,740
2026-03-31,CÓRDOBA,RIO TERCERO,28
2026-03-31,CÓRDOBA,SAN FRANCISCO (DPTO.,700
2026-03-31,CÓRDOBA,SINSACATE,850
2026-03-31,CÓRDOBA,TOLEDO,60
2026-03-31,CÓRDOBA,TOSQUITA,500
2026-03-31,CÓRDOBA,VICUÑA MACKENNA,450
2026-03-31,CÓRDOBA,VILLA CIUDAD PARQUE,300
2026-03-31,CÓRDOBA,VILLA DEL ROSARIO,136
2026-03-31,CÓRDOBA,VILLA DEL TOTORAL,221
2026-03-31,CÓRDOBA,VILLA ESQUIU,30
2026-03-31,CÓRDOBA,VILLA VALERIA,60
2026-03-31,CÓRDOBA,WENCESLAO ESCALANTE,150
2026-03-31,ENTRE RÍOS,ALDEA MARIA LUISA,0
2026-03-31,ENTRE RÍOS,ALDEA PROTESTANTE,10
2026-03-31,ENTRE RÍOS,ALDEA SAN ANTONIO,156
2026-03-31,ENTRE RÍOS,COLONIA SANTA ELENA,120
2026-03-31,ENTRE RÍOS,CRESPO,120
2026-03-31,ENTRE RÍOS,CRUCESITAS 7A. SECCI,150
2026-03-31,ENTRE RÍOS,GUALEGUAY,1090
2026-03-31,ENTRE RÍOS,LA PAZ,595
2026-03-31,ENTRE RÍOS,LAS MULITAS,2862
2026-03-31,ENTRE RÍOS,MACIA,210
2026-03-31,ENTRE RÍOS,SANTA ANITA,30
2026-03-31,ENTRE RÍOS,SANTA ELENA (DPTO. L,153
2026-03-31,ENTRE RÍOS,URDINARRAIN,660
2026-03-31,ENTRE RÍOS,VILLAGUAY,113
2026-03-31,LA PAMPA,BERNARDO LARROUDE,918
2026-03-31,LA PAMPA,CATRILO,2090
2026-03-31,LA PAMPA,COLONIA CASTEX,189
2026-03-31,LA PAMPA,EDUARDO CASTEX,243
2026-03-31,LA PAMPA,GENERAL PICO,940
2026-03-31,LA PAMPA,PICHI-HUINCA,160
2026-03-31,SALTA,RIO DEL VALLE,1000
2026-03-31,SALTA,SALTA,500
2026-03-31,SAN LUIS,ALTO PELADO,1320
2026-03-31,SAN LUIS,COMANDANTE GRANVILLE,864
2026-03-31,SAN LUIS,EL MORRO,120
2026-03-31,SAN LUIS,FRAGA,336
2026-03-31,SAN LUIS,JUAN JORBA,150
2026-03-31,SAN LUIS,LUJAN,1500
2026-03-31,SAN LUIS,QUINES,460
2026-03-31,SAN LUIS,VILLA MERCEDES,1860
2026-03-31,SANTA FE,AMENABAR,354
2026-03-31,SANTA FE,ARMSTRONG,630
2026-03-31,SANTA FE,AROCENA,30
2026-03-31,SANTA FE,ARRUFO,180
2026-03-31,SANTA FE,ATALIVA,8
2026-03-31,SANTA FE,BARRANCAS,90
2026-03-31,SANTA FE,BERNARDO DE IRIGOYEN,210
2026-03-31,SANTA FE,BOMBAL,50
2026-03-31,SANTA FE,BOUQUET,300
2026-03-31,SANTA FE,BUSTINZA,8
2026-03-31,SANTA FE,CARCARAÑA,975
2026-03-31,SANTA FE,CARRERAS,30
2026-03-31,SANTA FE,CHABAS,150
2026-03-31,SANTA FE,CHAPUY,48
2026-03-31,SANTA FE,CLUCELLAS,120
2026-03-31,SANTA FE,COLONIA FIDELA,30
2026-03-31,SANTA FE,COLONIA HANSEN,150
2026-03-31,SANTA FE,COLONIA ROSA,203
2026-03-31,SANTA FE,DIAZ,660
2026-03-31,SANTA FE,ESTACION JOSEFINA,21
2026-03-31,SANTA FE,GALISTEO,11
2026-03-31,SANTA FE,IRIGOYEN,60
2026-03-31,SANTA FE,LA CAMILA,14
2026-03-31,SANTA FE,LAS PAREJAS,22
2026-03-31,SANTA FE,LAS ROSAS,396
2026-03-31,SANTA FE,LLAMBI CAMPBELL,120
2026-03-31,SANTA FE,LOPEZ,150
2026-03-31,SANTA FE,LUIS PALACIOS,1905
2026-03-31,SANTA FE,MARGARITA,500
2026-03-31,SANTA FE,MARIA JUANA,240
2026-03-31,SANTA FE,MARIA SUSANA,700
2026-03-31,SANTA FE,MONTES DE OCA,120
2026-03-31,SANTA FE,PAZ,180
2026-03-31,SANTA FE,POZO BORRADO,10
2026-03-31,SANTA FE,PUEBLO ESTHER,92
2026-03-31,SANTA FE,PUEBLO MARINI,2
2026-03-31,SANTA FE,PUEBLO RAMONA,600
2026-03-31,SANTA FE,PUERTO GRAL SAN MARTIN,1240
2026-03-31,SANTA FE,PUERTO SAN LORENZO,180
2026-03-31,SANTA FE,PUJATO,210
2026-03-31,SANTA FE,RAFAELA,1000
2026-03-31,SANTA FE,ROSARIO,2000
2026-03-31,SANTA FE,RUFINO,850
2026-03-31,SANTA FE,SAGUIER,25
2026-03-31,SANTA FE,SAN CARLOS CENTRO,60
2026-03-31,SANTA FE,SAN GREGORIO,35
2026-03-31,SANTA FE,SAN JERONIMO SUD,178
2026-03-31,SANTA FE,SAN JOSE DE LA ESQUI,240
2026-03-31,SANTA FE,SAN JUSTO,700
2026-03-31,SANTA FE,SAN LORENZO,8270
2026-03-31,SANTA FE,SAN MARCELO,105
2026-03-31,SANTA FE,SAN MARCOS DE VENADO,2900
2026-03-31,SANTA FE,SANCTI SPIRITU,180
2026-03-31,SANTA FE,SANTA CLARA DE BUENA,550
2026-03-31,SANTA FE,SANTA FE,1600
2026-03-31,SANTA FE,SUNCHALES,732
2026-03-31,SANTA FE,TOTORAS,8120
2026-03-31,SANTA FE,VENADO TUERTO,5550
2026-03-31,SANTA FE,VIDELA,600
2026-03-31,SANTA FE,VILLA CAÑAS,1360
2026-03-31,SANTA FE,ZENON PEREYRA,90
2026-03-31,SANTIAGO DEL ESTERO,SANTIAGO DEL ESTERO,66
2026-04-01,BUENOS AIRES,30 DE AGOSTO,180
2026-04-01,BUENOS AIRES,ALBERTI,30
2026-04-01,BUENOS AIRES,AMEGHINO,190
2026-04-01,BUENOS AIRES,AMERICA,260
2026-04-01,BUENOS AIRES,ARRECIFES,30
2026-04-01,BUENOS AIRES,ASCENSION,5000
2026-04-01,BUENOS AIRES,AZUL,30
2026-04-01,BUENOS AIRES,BAHIA BLANCA,1500
2026-04-01,BUENOS AIRES,BALCARCE,285
2026-04-01,BUENOS AIRES,BANDERALO,159
2026-04-01,BUENOS AIRES,BARADERO,10
2026-04-01,BUENOS AIRES,BRAGADO,1586
2026-04-01,BUENOS AIRES,CARLOS CASARES,10000
2026-04-01,BUENOS AIRES,CHACABUCO,770
2026-04-01,BUENOS AIRES,CHIVILCOY,173
2026-04-01,BUENOS AIRES,CORONEL DORREGO,1560
2026-04-01,BUENOS AIRES,CORONEL GRANADA,570
2026-04-01,BUENOS AIRES,CORONEL SUAREZ,150
2026-04-01,BUENOS AIRES,GENERAL VILLEGAS,1000
2026-04-01,BUENOS AIRES,GERMANIA,31
2026-04-01,BUENOS AIRES,JUAN JOSE PASO,180
2026-04-01,BUENOS AIRES,JUNIN,113
2026-04-01,BUENOS AIRES,LA ANGELITA,53
2026-04-01,BUENOS AIRES,LA REFORMA (PDO. ROQ,5
2026-04-01,BUENOS AIRES,LINCOLN,85
2026-04-01,BUENOS AIRES,LOBERIA,120
2026-04-01,BUENOS AIRES,MARIANO H. ALFONZO,4000
2026-04-01,BUENOS AIRES,NAVARRO,180
2026-04-01,BUENOS AIRES,O HIGGINS,120
2026-04-01,BUENOS AIRES,PEHUAJO,1612
2026-04-01,BUENOS AIRES,PERGAMINO,673
2026-04-01,BUENOS AIRES,PIEDRITAS,210
2026-04-01,BUENOS AIRES,PINZON,60
2026-04-01,BUENOS AIRES,ROJAS,95
2026-04-01,BUENOS AIRES,SALLIQUELO,1000
2026-04-01,BUENOS AIRES,SAN ANDRES DE GILES,500
2026-04-01,BUENOS AIRES,SAN ANTONIO DE ARECO,360
2026-04-01,BUENOS AIRES,SANTA REGINA,38
2026-04-01,BUENOS AIRES,TRENQUE LAUQUEN,2490
2026-04-01,BUENOS AIRES,TRES ARROYOS,1000
2026-04-01,BUENOS AIRES,VEDIA,866
2026-04-01,BUENOS AIRES,VILLA MAZA,90
2026-04-01,CHACO,CHARATA,400
2026-04-01,CHACO,LOS FRENTONES,1300
2026-04-01,CIUDAD AUTÓNOMA DE BUENOS AIRES,CAPITAL FEDERAL,197
2026-04-01,CÓRDOBA,ACHIRAS (DPTO. RIO C,700
2026-04-01,CÓRDOBA,ADELIA MARIA,268
2026-04-01,CÓRDOBA,ALTOS DE CHIPION,150
2026-04-01,CÓRDOBA,ARIAS,410
2026-04-01,CÓRDOBA,BALLESTEROS,40
2026-04-01,CÓRDOBA,CAPILLA DE SITON,150
2026-04-01,CÓRDOBA,CAVANAGH,1600
2026-04-01,CÓRDOBA,COLONIA VALTELINA,50
2026-04-01,CÓRDOBA,COTAGAITA,59
2026-04-01,CÓRDOBA,DEL CAMPILLO,200
2026-04-01,CÓRDOBA,DEVOTO,11
2026-04-01,CÓRDOBA,ELENA,185
2026-04-01,CÓRDOBA,GENERAL BALDISSERA,60
2026-04-01,CÓRDOBA,GENERAL CABRERA,300
2026-04-01,CÓRDOBA,GENERAL LEVALLE,500
2026-04-01,CÓRDOBA,HUANCHILLA,150
2026-04-01,CÓRDOBA,HUINCA RENANCO,765
2026-04-01,CÓRDOBA,INRIVILLE,85
2026-04-01,CÓRDOBA,ITALO,155
2026-04-01,CÓRDOBA,JUSTINIANO POSSE,3244
2026-04-01,CÓRDOBA,LA CARLOTA,205
2026-04-01,CÓRDOBA,LA TORDILLA NORTE,30
2026-04-01,CÓRDOBA,LABOULAYE,309
2026-04-01,CÓRDOBA,LAS VARAS,600
2026-04-01,CÓRDOBA,LOS JAGUELES,30
2026-04-01,CÓRDOBA,MARCOS JUAREZ,169
2026-04-01,CÓRDOBA,MONTE BUEY,2530
2026-04-01,CÓRDOBA,MONTE CRISTO,90
2026-04-01,CÓRDOBA,MONTE MAIZ,20
2026-04-01,CÓRDOBA,OLIVA,263
2026-04-01,CÓRDOBA,ORDOÑEZ,21
2026-04-01,CÓRDOBA,QUEBRACHO HERRADO,30
2026-04-01,CÓRDOBA,RIO CUARTO,420
2026-04-01,CÓRDOBA,SAN BARTOLOME,30
2026-04-01,CÓRDOBA,SAN FRANCISCO (DPTO.,350
2026-04-01,CÓRDOBA,SAN MARCOS,120
2026-04-01,CÓRDOBA,SANTIAGO TEMPLE,30
2026-04-01,CÓRDOBA,SINSACATE,300
2026-04-01,CÓRDOBA,VIAMONTE,123
2026-04-01,CÓRDOBA,VICUÑA MACKENNA,260
2026-04-01,CÓRDOBA,VILLA CONCEPCION DEL,30
2026-04-01,CÓRDOBA,VILLA MARIA (DPTO. G,210
2026-04-01,ENTRE RÍOS,ALDEA PROTESTANTE,10
2026-04-01,ENTRE RÍOS,ARROYO BARU,156
2026-04-01,ENTRE RÍOS,COLONIA BAILINA,91
2026-04-01,ENTRE RÍOS,COLONIA SAN CIPRIANO,88
2026-04-01,ENTRE RÍOS,COLONIA SAN MIGUEL,95
2026-04-01,ENTRE RÍOS,COLONIA SANTA TERESI,125
2026-04-01,ENTRE RÍOS,CONCEPCION DEL URUGU,90
2026-04-01,ENTRE RÍOS,CONCORDIA,391
2026-04-01,ENTRE RÍOS,COSTA URUGUAY,142
2026-04-01,ENTRE RÍOS,CRUCESITAS 8A. SECCI,21
2026-04-01,ENTRE RÍOS,DIAMANTE,33
2026-04-01,ENTRE RÍOS,DOMINGUEZ,121
2026-04-01,ENTRE RÍOS,DON CRISTOBAL PRIMER,137
2026-04-01,ENTRE RÍOS,FEDERAL,95
2026-04-01,ENTRE RÍOS,GALARZA,222
2026-04-01,ENTRE RÍOS,GENERAL CAMPOS,408
2026-04-01,ENTRE RÍOS,GENERAL GALARZA,300
2026-04-01,ENTRE RÍOS,GILBERT,295
2026-04-01,ENTRE RÍOS,GUALEGUAY,707
2026-04-01,ENTRE RÍOS,HERRERA,150
2026-04-01,ENTRE RÍOS,INGENIERO MIGUEL SAJ,210
2026-04-01,ENTRE RÍOS,LA PAZ,252
2026-04-01,ENTRE RÍOS,LARROQUE,360
2026-04-01,ENTRE RÍOS,LAS TUNAS,96
2026-04-01,ENTRE RÍOS,LUCAS SUD,29
2026-04-01,ENTRE RÍOS,MACIA,73
2026-04-01,ENTRE RÍOS,MOJONES SUD,188
2026-04-01,ENTRE RÍOS,PASO DE LAS PIEDRAS,227
2026-04-01,ENTRE RÍOS,PUEBLO CAZES,210
2026-04-01,ENTRE RÍOS,SAN MIGUEL,215
2026-04-01,ENTRE RÍOS,TIRO FEDERAL,32
2026-04-01,ENTRE RÍOS,VIALE,24
2026-04-01,ENTRE RÍOS,VICTORIA,330
2026-04-01,ENTRE RÍOS,VILLA CLARA,104
2026-04-01,ENTRE RÍOS,VILLA ELISA,698
2026-04-01,ENTRE RÍOS,VILLAGUAY,916
2026-04-01,LA PAMPA,CATRILO,2380
2026-04-01,LA PAMPA,CEBALLOS,30
2026-04-01,LA PAMPA,INTENDENTE ALVEAR,120
2026-04-01,LA PAMPA,PARERA,60
2026-04-01,LA PAMPA,TRILI,288
2026-04-01,SANTA FE,AMENABAR,120
2026-04-01,SANTA FE,ARMSTRONG,55
2026-04-01,SANTA FE,CARLOS PELLEGRINI,11
2026-04-01,SANTA FE,CASILDA,120
2026-04-01,SANTA FE,CAÑADA DE GOMEZ,70
2026-04-01,SANTA FE,CHABAS,60
2026-04-01,SANTA FE,CHAPUY,65
2026-04-01,SANTA FE,CORONEL ARNOLD,60
2026-04-01,SANTA FE,DIEGO DE ALVEAR,289
2026-04-01,SANTA FE,GALVEZ,7
2026-04-01,SANTA FE,GENERAL GELLY,118
2026-04-01,SANTA FE,GOBERNADOR CRESPO,21
2026-04-01,SANTA FE,HUGHES,497
2026-04-01,SANTA FE,HUMBOLDT,7
2026-04-01,SANTA FE,LARRECHEA (DPTO. SAN,45
2026-04-01,SANTA FE,LAS PAREJAS,24
2026-04-01,SANTA FE,LAS ROSAS,1142
2026-04-01,SANTA FE,LEHMANN,10
2026-04-01,SANTA FE,LUIS PALACIOS,410
2026-04-01,SANTA FE,MARIA SUSANA,40
2026-04-01,SANTA FE,NELSON,12
2026-04-01,SANTA FE,PAZ,252
2026-04-01,SANTA FE,PUERTO GRAL SAN MARTIN,300
2026-04-01,SANTA FE,RAFAELA,500
2026-04-01,SANTA FE,RICARDONE,58
2026-04-01,SANTA FE,ROLDAN,720
2026-04-01,SANTA FE,ROSARIO,1000
2026-04-01,SANTA FE,RUFINO,40
2026-04-01,SANTA FE,SAN CARLOS CENTRO,120
2026-04-01,SANTA FE,SAN JOSE DE LA ESQUI,400
2026-04-01,SANTA FE,SAN JUSTO,17
2026-04-01,SANTA FE,SAN LORENZO,2510
2026-04-01,SANTA FE,SAN MARIANO,203
2026-04-01,SANTA FE,SANCTI SPIRITU,790
2026-04-01,SANTA FE,SANTA CLARA DE BUENA,36
2026-04-01,SANTA FE,SANTA FE,3000
2026-04-01,SANTA FE,SANTO DOMINGO,19
2026-04-01,SANTA FE,SUNCHALES,65
2026-04-01,SANTA FE,TOSTADO,102
2026-04-01,SANTA FE,VENADO TUERTO,687
2026-04-01,SANTA FE,VILA,300
2026-04-01,SANTA FE,VILLA CAÑAS,1500
2026-04-01,SANTA FE,VILLA TRINIDAD,240
2026-04-01,SANTIAGO DEL ESTERO,QUIMILI,1000
2026-04-01,SANTIAGO DEL ESTERO,SANTIAGO DEL ESTERO,60
2026-04-01,SANTIAGO DEL ESTERO,WEISBURD,25
2026-04-01,TUCUMÁN,BURRUYACU,300
2026-04-01,TUCUMÁN,LOS PEREYRA,300
2026-04-02,ENTRE RÍOS,COLONIA SAN MIGUEL,60
2026-04-02,SANTA FE,EMILIA,30
2026-04-02,SANTA FE,ESPERANZA,35
2026-04-02,SANTA FE,"HUMBERTO I""",16
2026-04-02,SANTA FE,LLAMBI CAMPBELL,30
2026-04-03,BUENOS AIRES,PIGUE,200
2026-04-03,CÓRDOBA,CARNERILLO (DPTO. JU,69
2026-04-04,CÓRDOBA,COLONIA LA TORDILLA,210
2026-04-04,ENTRE RÍOS,ALDEA SANTA ROSA,31
2026-04-04,ENTRE RÍOS,SEGUI,24
2026-04-04,SANTIAGO DEL ESTERO,OTUMPA,2000
2026-04-06,BUENOS AIRES,ACEVEDO,197
2026-04-06,BUENOS AIRES,AMERICA,615
2026-04-06,BUENOS AIRES,ARRECIFES,500
2026-04-06,BUENOS AIRES,ARRIBEÑOS,587
2026-04-06,BUENOS AIRES,ASCENSION,1000
2026-04-06,BUENOS AIRES,BAHIA BLANCA,540
2026-04-06,BUENOS AIRES,BANDERALO,60
2026-04-06,BUENOS AIRES,BRAGADO,500
2026-04-06,BUENOS AIRES,CARABELAS,100
2026-04-06,BUENOS AIRES,CAÑADA MARIANO (EMBA,360
2026-04-06,BUENOS AIRES,CAÑADA SECA,1000
2026-04-06,BUENOS AIRES,CHACABUCO,630
2026-04-06,BUENOS AIRES,CHIVILCOY,1650
2026-04-06,BUENOS AIRES,COLON,2652
2026-04-06,BUENOS AIRES,CORONEL DORREGO,60
2026-04-06,BUENOS AIRES,DRABBLE,31
2026-04-06,BUENOS AIRES,EDMUNDO B. PERKINS,140
2026-04-06,BUENOS AIRES,EDUARDO COSTA,5
2026-04-06,BUENOS AIRES,EL DORADO,11
2026-04-06,BUENOS AIRES,FRANCISCO DE VITORIA,10
2026-04-06,BUENOS AIRES,GENERAL VILLEGAS,742
2026-04-06,BUENOS AIRES,HENDERSON,150
2026-04-06,BUENOS AIRES,LIMA,315
2026-04-06,BUENOS AIRES,LINCOLN,1767
2026-04-06,BUENOS AIRES,LOBERIA,1015
2026-04-06,BUENOS AIRES,LOBOS,96
2026-04-06,BUENOS AIRES,LOS TOLDOS,400
2026-04-06,BUENOS AIRES,MARIANO H. ALFONZO,1000
2026-04-06,BUENOS AIRES,NECOCHEA,500
2026-04-06,BUENOS AIRES,O HIGGINS,90
2026-04-06,BUENOS AIRES,PARADA ROBLES,300
2026-04-06,BUENOS AIRES,PEHUAJO,988
2026-04-06,BUENOS AIRES,PERGAMINO,308
2026-04-06,BUENOS AIRES,PIEDRITAS,1397
2026-04-06,BUENOS AIRES,RIVADAVIA,809
2026-04-06,BUENOS AIRES,ROJAS,1548
2026-04-06,BUENOS AIRES,SALTO,177
2026-04-06,BUENOS AIRES,SAN ANTONIO DE ARECO,118
2026-04-06,BUENOS AIRES,SAN MAURICIO,970
2026-04-06,BUENOS AIRES,SAN MIGUEL DEL MONTE,600
2026-04-06,BUENOS AIRES,TRENQUE LAUQUEN,158
2026-04-06,BUENOS AIRES,TRES ARROYOS,1300
2026-04-06,BUENOS AIRES,VEDIA,2109
2026-04-06,BUENOS AIRES,VILLA SABOYA,185
2026-04-06,CHACO,LOS FRENTONES,990
2026-04-06,CHACO,MESON DE FIERRO,12
2026-04-06,CIUDAD AUTÓNOMA DE BUENOS AIRES,CAPITAL FEDERAL,2230
2026-04-06,CÓRDOBA,ADELIA MARIA,394
2026-04-06,CÓRDOBA,ALEJANDRO ROCA,493
2026-04-06,CÓRDOBA,ALEJO LEDESMA,373
2026-04-06,CÓRDOBA,ALMAFUERTE,234
2026-04-06,CÓRDOBA,ALTA GRACIA,672
2026-04-06,CÓRDOBA,ARIAS,96
2026-04-06,CÓRDOBA,BALLESTEROS SUD,630
2026-04-06,CÓRDOBA,BARRIO BELGRANO (BEL,800
2026-04-06,CÓRDOBA,BELL VILLE,1276
2026-04-06,CÓRDOBA,CANALS,142
2026-04-06,CÓRDOBA,CAPILLA DE SITON,113
2026-04-06,CÓRDOBA,CAVANAGH,30
2026-04-06,CÓRDOBA,CAÑADA DE LUQUE,497
2026-04-06,CÓRDOBA,COLONIA ALMADA,428
2026-04-06,CÓRDOBA,COLONIA VICENTE AGUE,64
2026-04-06,CÓRDOBA,CORRAL DE BUSTOS,100
2026-04-06,CÓRDOBA,CRUZ ALTA,11
2026-04-06,CÓRDOBA,DEVOTO,97
2026-04-06,CÓRDOBA,ESTACION GENERAL PAZ,37
2026-04-06,CÓRDOBA,FREYRE,470
2026-04-06,CÓRDOBA,GENERAL BALDISSERA,125
2026-04-06,CÓRDOBA,GENERAL LEVALLE,28
2026-04-06,CÓRDOBA,HERNANDO,1182
2026-04-06,CÓRDOBA,HUANCHILLA,798
2026-04-06,CÓRDOBA,HUINCA RENANCO,700
2026-04-06,CÓRDOBA,IDIAZABAL,147
2026-04-06,CÓRDOBA,INRIVILLE,444
2026-04-06,CÓRDOBA,ISLA VERDE (DPTO. MA,12
2026-04-06,CÓRDOBA,ITALO,190
2026-04-06,CÓRDOBA,JESUS MARIA,2389
2026-04-06,CÓRDOBA,JUSTINIANO POSSE,180
2026-04-06,CÓRDOBA,LA CARLOTA,153
2026-04-06,CÓRDOBA,LA CAUTIVA,10
2026-04-06,CÓRDOBA,LA FRANCIA,60
2026-04-06,CÓRDOBA,LA PUERTA (DPTO. RIO,135
2026-04-06,CÓRDOBA,LABOULAYE,664
2026-04-06,CÓRDOBA,LAGUNA LARGA,44
2026-04-06,CÓRDOBA,LAS BAJADAS,46
2026-04-06,CÓRDOBA,LAS GRAMILLAS (DPTO.,120
2026-04-06,CÓRDOBA,LAS PERDICES,157
2026-04-06,CÓRDOBA,LOS CISNES,200
2026-04-06,CÓRDOBA,LOS COMETIERRA,236
2026-04-06,CÓRDOBA,LOS SURGENTES,6
2026-04-06,CÓRDOBA,LOS ZORROS,210
2026-04-06,CÓRDOBA,LUXARDO,58
2026-04-06,CÓRDOBA,MARCOS JUAREZ,1722
2026-04-06,CÓRDOBA,MATORRALES,60
2026-04-06,CÓRDOBA,MONTE BUEY,144
2026-04-06,CÓRDOBA,MONTE CRISTO,500
2026-04-06,CÓRDOBA,MONTE MAIZ,1489
2026-04-06,CÓRDOBA,MORRISON,4
2026-04-06,CÓRDOBA,NOETINGER,210
2026-04-06,CÓRDOBA,ONCATIVO,1235
2026-04-06,CÓRDOBA,ORDOÑEZ,200
2026-04-06,CÓRDOBA,PLAZA SAN FRANCISCO,137
2026-04-06,CÓRDOBA,PORTEÑA,178
2026-04-06,CÓRDOBA,POZO DEL MOLLE (DPTO,1200
2026-04-06,CÓRDOBA,PUEBLO ITALIANO,200
2026-04-06,CÓRDOBA,QUEBRACHO HERRADO,36
2026-04-06,CÓRDOBA,RIO CUARTO,1300
2026-04-06,CÓRDOBA,RIO PRIMERO,160
2026-04-06,CÓRDOBA,RIO TERCERO,515
2026-04-06,CÓRDOBA,SAN FRANCISCO (DPTO.,300
2026-04-06,CÓRDOBA,SAN JOSE DE LA DORMI,37
2026-04-06,CÓRDOBA,SANTIAGO TEMPLE,180
2026-04-06,CÓRDOBA,TRANSITO,48
2026-04-06,CÓRDOBA,VICUÑA MACKENNA,68
2026-04-06,CÓRDOBA,VILLA ASCASUBI,33
2026-04-06,CÓRDOBA,VILLA DEL ROSARIO,150
2026-04-06,CÓRDOBA,VILLA MARIA (JESUS M,150
2026-04-06,CÓRDOBA,WENCESLAO ESCALANTE,300
2026-04-06,ENTRE RÍOS,ALDEA MARIA LUISA,140
2026-04-06,ENTRE RÍOS,BASAVILBASO,120
2026-04-06,ENTRE RÍOS,COLONIA ELIA,696
2026-04-06,ENTRE RÍOS,COLONIA SANTA ELENA,30
2026-04-06,ENTRE RÍOS,CONCORDIA,120
2026-04-06,ENTRE RÍOS,COSTA GRANDE,68
2026-04-06,ENTRE RÍOS,DIAMANTE,142
2026-04-06,ENTRE RÍOS,ESTACION SOLA,29
2026-04-06,ENTRE RÍOS,GENERAL RAMIREZ,2100
2026-04-06,ENTRE RÍOS,GOBERNADOR MANSILLA,60
2026-04-06,ENTRE RÍOS,GUALEGUAY,600
2026-04-06,ENTRE RÍOS,GUALEGUAYCHU,663
2026-04-06,ENTRE RÍOS,LA PAZ,600
2026-04-06,ENTRE RÍOS,LAS TUNAS,4
2026-04-06,ENTRE RÍOS,LIBAROS,131
2026-04-06,ENTRE RÍOS,MACIA,202
2026-04-06,ENTRE RÍOS,NOGOYA,141
2026-04-06,ENTRE RÍOS,PEHUAJO NORTE,369
2026-04-06,ENTRE RÍOS,RAICES OESTE,142
2026-04-06,ENTRE RÍOS,ROSARIO DEL TALA,367
2026-04-06,ENTRE RÍOS,URDINARRAIN,1254
2026-04-06,ENTRE RÍOS,VALLE MARIA,30
2026-04-06,ENTRE RÍOS,VIALE,14
2026-04-06,ENTRE RÍOS,VICTORIA,30
2026-04-06,ENTRE RÍOS,VILLA SAN MARCIAL,263
2026-04-06,ENTRE RÍOS,VILLAGUAY,289
2026-04-06,LA PAMPA,BERNARDO LARROUDE,30
2026-04-06,LA PAMPA,CATRILO,14000
2026-04-06,LA PAMPA,EMBAJADOR MARTINI,150
2026-04-06,LA PAMPA,GENERAL PICO,440
2026-04-06,LA PAMPA,QUEMU-QUEMU,24
2026-04-06,SAN LUIS,JUSTO DARACT,937
2026-04-06,SAN LUIS,QUINES,300
2026-04-06,SANTA FE,ACEBAL,90
2026-04-06,SANTA FE,ALCORTA DTO CONSTITU,564
2026-04-06,SANTA FE,ARMSTRONG,1518
2026-04-06,SANTA FE,ARROYO CEIBAL,150
2026-04-06,SANTA FE,BARRANCAS,420
2026-04-06,SANTA FE,BERNARDO DE IRIGOYEN,370
2026-04-06,SANTA FE,BIGAND,11030
2026-04-06,SANTA FE,BOMBAL,100
2026-04-06,SANTA FE,BOUQUET,390
2026-04-06,SANTA FE,CABAL,60
2026-04-06,SANTA FE,CARCARAÑA,70
2026-04-06,SANTA FE,CARMEN,150
2026-04-06,SANTA FE,CARRERAS,260
2026-04-06,SANTA FE,CARRIZALES,19
2026-04-06,SANTA FE,CAÑADA DEL UCLE,60
2026-04-06,SANTA FE,CENTENO,600
2026-04-06,SANTA FE,CHABAS,60
2026-04-06,SANTA FE,CHAÑAR LADEADO,50
2026-04-06,SANTA FE,CLASON,114
2026-04-06,SANTA FE,CLUCELLAS,78
2026-04-06,SANTA FE,CORONEL ARNOLD,1000
2026-04-06,SANTA FE,DIAZ,315
2026-04-06,SANTA FE,ESMERALDA,60
2026-04-06,SANTA FE,HUMBOLDT,4
2026-04-06,SANTA FE,IRIGOYEN,850
2026-04-06,SANTA FE,JUNCAL,1000
2026-04-06,SANTA FE,LANDETA,1030
2026-04-06,SANTA FE,LAS ROSAS,627
2026-04-06,SANTA FE,LOPEZ,600
2026-04-06,SANTA FE,LOS QUIRQUINCHOS,34
2026-04-06,SANTA FE,LUIS PALACIOS,4800
2026-04-06,SANTA FE,MARCELINO ESCALADA,60
2026-04-06,SANTA FE,MARGARITA,102
2026-04-06,SANTA FE,MARIA JUANA,10000
2026-04-06,SANTA FE,MARIA SUSANA,1000
2026-04-06,SANTA FE,MAXIMO PAZ,178
2026-04-06,SANTA FE,MONTES DE OCA,155
2026-04-06,SANTA FE,PAZ,270
2026-04-06,SANTA FE,PEYRANO,597
2026-04-06,SANTA FE,PILAR,1180
2026-04-06,SANTA FE,PROGRESO,130
2026-04-06,SANTA FE,PUEBLO RAMONA,600
2026-04-06,SANTA FE,PUERTO GRAL SAN MARTIN,9835
2026-04-06,SANTA FE,PUJATO,180
2026-04-06,SANTA FE,RAFAELA,1138
2026-04-06,SANTA FE,RICARDONE,2
2026-04-06,SANTA FE,ROSARIO,20560
2026-04-06,SANTA FE,RUFINO,135
2026-04-06,SANTA FE,SAN BERNARDO,65
2026-04-06,SANTA FE,SAN CARLOS CENTRO,275
2026-04-06,SANTA FE,SAN GENARO,50
2026-04-06,SANTA FE,SAN JERONIMO SUD,31
2026-04-06,SANTA FE,SAN JUSTO,60
2026-04-06,SANTA FE,SAN LORENZO,2680
2026-04-06,SANTA FE,SAN MARCELO,210
2026-04-06,SANTA FE,SAN MARCOS DE VENADO,2003
2026-04-06,SANTA FE,SAN MARTIN DE LAS ES,10000
2026-04-06,SANTA FE,SAN VICENTE (DPTO. C,60
2026-04-06,SANTA FE,SANCTI SPIRITU,30
2026-04-06,SANTA FE,SANTA EMILIA,900
2026-04-06,SANTA FE,TEODELINA,343
2026-04-06,SANTA FE,VENADO TUERTO,1328
2026-04-06,SANTA FE,VILLA CAÑAS,1800
2026-04-06,SANTA FE,VILLA TRINIDAD,655
2026-04-06,SANTIAGO DEL ESTERO,BANDERA,342
2026-04-06,SANTIAGO DEL ESTERO,PAMPA DE LOS GUANACO,200
2026-04-06,SANTIAGO DEL ESTERO,QUIMILI,750
2026-04-06,SANTIAGO DEL ESTERO,SOL DE JULIO,250
2026-04-06,TUCUMÁN,LA COCHA,3000
2026-04-07,BUENOS AIRES,25 DE MAYO,150
2026-04-07,BUENOS AIRES,9 DE JULIO,141
2026-04-07,BUENOS AIRES,ALBERTI,260
2026-04-07,BUENOS AIRES,AMEGHINO,29
2026-04-07,BUENOS AIRES,AMERICA,270
2026-04-07,BUENOS AIRES,ARRIBEÑOS,340
2026-04-07,BUENOS AIRES,ASCENSION,500
2026-04-07,BUENOS AIRES,BAHIA BLANCA,1200
2026-04-07,BUENOS AIRES,BALCARCE,59
2026-04-07,BUENOS AIRES,BANDERALO,570
2026-04-07,BUENOS AIRES,BOLIVAR,114
2026-04-07,BUENOS AIRES,BRAGADO,2540
2026-04-07,BUENOS AIRES,CAPILLA DEL SEÑOR,150
2026-04-07,BUENOS AIRES,CARHUE,60
2026-04-07,BUENOS AIRES,CHIVILCOY,7116
2026-04-07,BUENOS AIRES,COLON,1546
2026-04-07,BUENOS AIRES,CONESA,60
2026-04-07,BUENOS AIRES,DAIREAUX,200
2026-04-07,BUENOS AIRES,DEL CARRIL,102
2026-04-07,BUENOS AIRES,GENERAL VILLEGAS,879
2026-04-07,BUENOS AIRES,GONZALES CHAVES,2000
2026-04-07,BUENOS AIRES,HUANGUELEN,600
2026-04-07,BUENOS AIRES,JUAN BAUTISTA ALBERD,17
2026-04-07,BUENOS AIRES,JUNIN,203
2026-04-07,BUENOS AIRES,LINCOLN,299
2026-04-07,BUENOS AIRES,LOS TOLDOS,150
2026-04-07,BUENOS AIRES,MICAELA CASCALLARES,1000
2026-04-07,BUENOS AIRES,PERGAMINO,803
2026-04-07,BUENOS AIRES,PIEDRITAS,231
2026-04-07,BUENOS AIRES,QUEQUEN,1500
2026-04-07,BUENOS AIRES,ROJAS,30
2026-04-07,BUENOS AIRES,ROQUE PEREZ,35
2026-04-07,BUENOS AIRES,SALLIQUELO,500
2026-04-07,BUENOS AIRES,SALTO,150
2026-04-07,BUENOS AIRES,SAN ANTONIO DE ARECO,83
2026-04-07,BUENOS AIRES,SAN MIGUEL DEL MONTE,30
2026-04-07,BUENOS AIRES,SUIPACHA,180
2026-04-07,BUENOS AIRES,TORNQUIST,150
2026-04-07,BUENOS AIRES,TRENQUE LAUQUEN,1110
2026-04-07,BUENOS AIRES,TRES ARROYOS,1150
2026-04-07,BUENOS AIRES,TRES LOMAS,1000
2026-04-07,BUENOS AIRES,VEDIA,1379
2026-04-07,BUENOS AIRES,ZARATE,30
2026-04-07,CHACO,CERRITO,150
2026-04-07,CHACO,CHARATA,42
2026-04-07,CHACO,GANCEDO,180
2026-04-07,CIUDAD AUTÓNOMA DE BUENOS AIRES,CAPITAL FEDERAL,13495
2026-04-07,CÓRDOBA,ADELIA MARIA,100
2026-04-07,CÓRDOBA,ALEJANDRO ROCA,250
2026-04-07,CÓRDOBA,ALEJO LEDESMA,148
2026-04-07,CÓRDOBA,ALMAFUERTE,147
2026-04-07,CÓRDOBA,ARIAS,912
2026-04-07,CÓRDOBA,BALLESTEROS,310
2026-04-07,CÓRDOBA,BELL VILLE,500
2026-04-07,CÓRDOBA,CALCHIN,73
2026-04-07,CÓRDOBA,CAMILO ALDAO,5
2026-04-07,CÓRDOBA,CANALS,238
2026-04-07,CÓRDOBA,CHUCUL,210
2026-04-07,CÓRDOBA,COLONIA CAROYA,350
2026-04-07,CÓRDOBA,COLONIA DOS HERMANOS,252
2026-04-07,CÓRDOBA,COLONIA SANTA RITA (,95
2026-04-07,CÓRDOBA,COLONIA VALTELINA,46
2026-04-07,CÓRDOBA,CORONEL MOLDES,230
2026-04-07,CÓRDOBA,DEVOTO,345
2026-04-07,CÓRDOBA,GENERAL BALDISSERA,21
2026-04-07,CÓRDOBA,GENERAL CABRERA,120
2026-04-07,CÓRDOBA,GUATIMOZIN,15
2026-04-07,CÓRDOBA,HUANCHILLA,252
2026-04-07,CÓRDOBA,HUINCA RENANCO,100
2026-04-07,CÓRDOBA,IMPIRA,36
2026-04-07,CÓRDOBA,JESUS MARIA,602
2026-04-07,CÓRDOBA,JUSTINIANO POSSE,1193
2026-04-07,CÓRDOBA,LA CARLOTA,822
2026-04-07,CÓRDOBA,LA CAUTIVA,89
2026-04-07,CÓRDOBA,LA PARA,120
2026-04-07,CÓRDOBA,LA QUINTA (DPTO. RIO,29
2026-04-07,CÓRDOBA,LABORDE,70
2026-04-07,CÓRDOBA,LABOULAYE,880
2026-04-07,CÓRDOBA,LAGUNA LARGA SUD,165
2026-04-07,CÓRDOBA,LAS JUNTURAS,133
2026-04-07,CÓRDOBA,LAS VARILLAS,30
2026-04-07,CÓRDOBA,LOS CISNES,5
2026-04-07,CÓRDOBA,LOS COMETIERRA,765
2026-04-07,CÓRDOBA,LUQUE,3
2026-04-07,CÓRDOBA,MARCOS JUAREZ,3060
2026-04-07,CÓRDOBA,MATORRALES,47
2026-04-07,CÓRDOBA,MONTE BUEY,166
2026-04-07,CÓRDOBA,MONTE MAIZ,635
2026-04-07,CÓRDOBA,NOETINGER,180
2026-04-07,CÓRDOBA,ONCATIVO,305
2026-04-07,CÓRDOBA,PILAR,500
2026-04-07,CÓRDOBA,PORTEÑA,100
2026-04-07,CÓRDOBA,POZO DEL MOLLE (DPTO,485
2026-04-07,CÓRDOBA,RIO CUARTO,971
2026-04-07,CÓRDOBA,RIO PRIMERO,1755
2026-04-07,CÓRDOBA,SAN FRANCISCO (DPTO.,537
2026-04-07,CÓRDOBA,SANTIAGO TEMPLE,60
2026-04-07,CÓRDOBA,SERRANO,1050
2026-04-07,CÓRDOBA,SINSACATE,120
2026-04-07,CÓRDOBA,TRANSITO,50
2026-04-07,CÓRDOBA,VIAMONTE,16
2026-04-07,CÓRDOBA,VICUÑA MACKENNA,267
2026-04-07,CÓRDOBA,VILLA ASCASUBI,1266
2026-04-07,CÓRDOBA,VILLA CONCEPCION DEL,60
2026-04-07,CÓRDOBA,VILLA DEL ROSARIO,591
2026-04-07,CÓRDOBA,VILLA DEL TOTORAL,1000
2026-04-07,CÓRDOBA,VILLA VALERIA,23
2026-04-07,CÓRDOBA,WENCESLAO ESCALANTE,300
2026-04-07,ENTRE RÍOS,ARROYO BARU,147
2026-04-07,ENTRE RÍOS,COLON,72
2026-04-07,ENTRE RÍOS,COLONIA BAILINA,37
2026-04-07,ENTRE RÍOS,COLONIA BELGA AMERIC,27
2026-04-07,ENTRE RÍOS,COLONIA LA PAZ,94
2026-04-07,ENTRE RÍOS,COLONIA SAN MIGUEL,95
2026-04-07,ENTRE RÍOS,COLONIA SANTA ROSA,206
2026-04-07,ENTRE RÍOS,COLONIA SANTA TERESI,123
2026-04-07,ENTRE RÍOS,COLONIA VAZQUEZ,94
2026-04-07,ENTRE RÍOS,DIAMANTE,51
2026-04-07,ENTRE RÍOS,GALARZA,860
2026-04-07,ENTRE RÍOS,GENERAL CAMPOS,67
2026-04-07,ENTRE RÍOS,GENERAL GALARZA,300
2026-04-07,ENTRE RÍOS,GUALEGUAY,630
2026-04-07,ENTRE RÍOS,HASENKAMP,30
2026-04-07,ENTRE RÍOS,HERRERA,131
2026-04-07,ENTRE RÍOS,LA PAZ,300
2026-04-07,ENTRE RÍOS,LARROQUE,60
2026-04-07,ENTRE RÍOS,MOJONES SUD,634
2026-04-07,ENTRE RÍOS,NUEVA VIZCAYA,97
2026-04-07,ENTRE RÍOS,PRIMERO DE MAYO,98
2026-04-07,ENTRE RÍOS,PRONUNCIAMIENTO,317
2026-04-07,ENTRE RÍOS,PUEBLO CAZES,218
2026-04-07,ENTRE RÍOS,URDINARRAIN,600
2026-04-07,ENTRE RÍOS,VIALE,280
2026-04-07,ENTRE RÍOS,VILLA ELISA,126
2026-04-07,ENTRE RÍOS,VILLA FONTANA,135
2026-04-07,ENTRE RÍOS,VILLAGUAY,23
2026-04-07,LA PAMPA,BERNARDO LARROUDE,258
2026-04-07,LA PAMPA,EMBAJADOR MARTINI,150
2026-04-07,LA PAMPA,INTENDENTE ALVEAR,120
2026-04-07,SALTA,CORONEL OLLEROS,10000
2026-04-07,SALTA,PIQUETE CABADO,20000
2026-04-07,SAN LUIS,JUSTO DARACT,58
2026-04-07,SAN LUIS,LA TOMA,200
2026-04-07,SANTA FE,ANGELICA,60
2026-04-07,SANTA FE,ARMSTRONG,1130
2026-04-07,SANTA FE,BARRANCAS,30
2026-04-07,SANTA FE,BERNARDO DE IRIGOYEN,330
2026-04-07,SANTA FE,BIGAND,300
2026-04-07,SANTA FE,BOMBAL,100
2026-04-07,SANTA FE,BUSTINZA,1000
2026-04-07,SANTA FE,CARRERAS,150
2026-04-07,SANTA FE,CAÑADA DEL UCLE,270
2026-04-07,SANTA FE,CAÑADA ROSQUIN,500
2026-04-07,SANTA FE,CENTENO,90
2026-04-07,SANTA FE,CHAPUY,995
2026-04-07,SANTA FE,CHAÑAR LADEADO,115
2026-04-07,SANTA FE,CLASON,346
2026-04-07,SANTA FE,CLUCELLAS,133
2026-04-07,SANTA FE,COLONIA BELGRANO,300
2026-04-07,SANTA FE,COLONIA CASTELAR,30
2026-04-07,SANTA FE,COLONIA ROSA,80
2026-04-07,SANTA FE,DIAZ,300
2026-04-07,SANTA FE,ELORTONDO,133
2026-04-07,SANTA FE,EMILIA,59
2026-04-07,SANTA FE,ESMERALDA,15
2026-04-07,SANTA FE,ESTACION CLUCELLAS,30
2026-04-07,SANTA FE,GENERAL GELLY,150
2026-04-07,SANTA FE,GOBERNADOR CRESPO,28
2026-04-07,SANTA FE,HUGHES,107
2026-04-07,SANTA FE,IBARLUCEA,111
2026-04-07,SANTA FE,IRIGOYEN,265
2026-04-07,SANTA FE,LA RUBIA,49
2026-04-07,SANTA FE,LANDETA,530
2026-04-07,SANTA FE,LAS PAREJAS,210
2026-04-07,SANTA FE,LEHMANN,36
2026-04-07,SANTA FE,LLAMBI CAMPBELL,7
2026-04-07,SANTA FE,LOGROÑO,108
2026-04-07,SANTA FE,LOPEZ,30
2026-04-07,SANTA FE,LOS MOLINOS,300
2026-04-07,SANTA FE,LUIS PALACIOS,1120
2026-04-07,SANTA FE,MACIEL,4
2026-04-07,SANTA FE,MARIA JUANA,6839
2026-04-07,SANTA FE,MARIA SUSANA,700
2026-04-07,SANTA FE,MONJE,600
2026-04-07,SANTA FE,MONTES DE OCA,423
2026-04-07,SANTA FE,PAZ,240
2026-04-07,SANTA FE,PEYRANO,660
2026-04-07,SANTA FE,PIAMONTE,121
2026-04-07,SANTA FE,PILAR,600
2026-04-07,SANTA FE,POZO BORRADO,53
2026-04-07,SANTA FE,PUERTO GRAL SAN MARTIN,1300
2026-04-07,SANTA FE,PUJATO,300
2026-04-07,SANTA FE,ROSARIO,22100
2026-04-07,SANTA FE,RUFINO,173
2026-04-07,SANTA FE,SALADERO M. CABAL,90
2026-04-07,SANTA FE,SAN GREGORIO,5
2026-04-07,SANTA FE,SAN JORGE,2504
2026-04-07,SANTA FE,SAN JOSE DE LA ESQUI,350
2026-04-07,SANTA FE,SAN JUSTO,171
2026-04-07,SANTA FE,SAN MARCELO,95
2026-04-07,SANTA FE,SAN MARCOS DE VENADO,1850
2026-04-07,SANTA FE,SAN VICENTE (DPTO. C,260
2026-04-07,SANTA FE,SANCTI SPIRITU,720
2026-04-07,SANTA FE,SANTA FE,2150
2026-04-07,SANTA FE,SANTA TERESA (DPTO.,29
2026-04-07,SANTA FE,SUARDI,60
2026-04-07,SANTA FE,SUNCHALES,300
2026-04-07,SANTA FE,TOTORAS,180
2026-04-07,SANTA FE,VENADO TUERTO,4079
2026-04-07,SANTA FE,VILLA CAÑAS,1680
2026-04-07,SANTIAGO DEL ESTERO,AVERIAS,500
2026-04-07,SANTIAGO DEL ESTERO,GUASAYAN,2000
2026-04-07,SANTIAGO DEL ESTERO,LOS JURIES,207
2026-04-07,TUCUMÁN,LOS PEREYRA,400
2026-04-08,BUENOS AIRES,9 DE JULIO,3090
2026-04-08,BUENOS AIRES,ALBERTI,492
2026-04-08,BUENOS AIRES,AMERICA,586
2026-04-08,BUENOS AIRES,ARRECIFES,445
2026-04-08,BUENOS AIRES,ARRIBEÑOS,315
2026-04-08,BUENOS AIRES,BAHIA BLANCA,3240
2026-04-08,BUENOS AIRES,BANDERALO,300
2026-04-08,BUENOS AIRES,BOLIVAR,100
2026-04-08,BUENOS AIRES,BRAGADO,810
2026-04-08,BUENOS AIRES,CAPILLA DEL SEÑOR,150
2026-04-08,BUENOS AIRES,CARHUE,70
2026-04-08,BUENOS AIRES,CARLOS CASARES,1000
2026-04-08,BUENOS AIRES,CARMEN DE ARECO,120
2026-04-08,BUENOS AIRES,CASBAS,9
2026-04-08,BUENOS AIRES,CAÑADA SECA,57
2026-04-08,BUENOS AIRES,CHACABUCO,810
2026-04-08,BUENOS AIRES,CHIVILCOY,1879
2026-04-08,BUENOS AIRES,COLON,793
2026-04-08,BUENOS AIRES,CORONEL PRINGLES,1620
2026-04-08,BUENOS AIRES,DAIREAUX,1858
2026-04-08,BUENOS AIRES,DEL CARRIL,90
2026-04-08,BUENOS AIRES,DOS HERMANOS,120
2026-04-08,BUENOS AIRES,GENERAL VILLEGAS,1205
2026-04-08,BUENOS AIRES,GONZALES CHAVES,1500
2026-04-08,BUENOS AIRES,GUAMINI,19
2026-04-08,BUENOS AIRES,HENDERSON,300
2026-04-08,BUENOS AIRES,IRALA,100
2026-04-08,BUENOS AIRES,JUAN JOSE PASO,60
2026-04-08,BUENOS AIRES,JUNIN,270
2026-04-08,BUENOS AIRES,LIMA,120
2026-04-08,BUENOS AIRES,LINCOLN,334
2026-04-08,BUENOS AIRES,LOBERIA,390
2026-04-08,BUENOS AIRES,LOS TOLDOS,349
2026-04-08,BUENOS AIRES,LUJAN,2141
2026-04-08,BUENOS AIRES,MARIANO H. ALFONZO,600
2026-04-08,BUENOS AIRES,MORSE,390
2026-04-08,BUENOS AIRES,OLAVARRIA,400
2026-04-08,BUENOS AIRES,PEHUAJO,68
2026-04-08,BUENOS AIRES,PERGAMINO,2482
2026-04-08,BUENOS AIRES,PIROVANO,400
2026-04-08,BUENOS AIRES,PORVENIR,22
2026-04-08,BUENOS AIRES,QUEQUEN,300
2026-04-08,BUENOS AIRES,RAFAEL OBLIGADO,150
2026-04-08,BUENOS AIRES,RAUCH,60
2026-04-08,BUENOS AIRES,ROJAS,416
2026-04-08,BUENOS AIRES,SALLIQUELO,300
2026-04-08,BUENOS AIRES,SALTO,152
2026-04-08,BUENOS AIRES,SAN PEDRO,1503
2026-04-08,BUENOS AIRES,TANDIL,180
2026-04-08,BUENOS AIRES,TORNQUIST,120
2026-04-08,BUENOS AIRES,TRENQUE LAUQUEN,4476
2026-04-08,BUENOS AIRES,TRES ARROYOS,550
2026-04-08,BUENOS AIRES,TRES LOMAS,500
2026-04-08,BUENOS AIRES,VEDIA,562
2026-04-08,CHACO,TRES ISLETAS,102
2026-04-08,CHACO,VILLA BERTHET,30
2026-04-08,CIUDAD AUTÓNOMA DE BUENOS AIRES,CAPITAL FEDERAL,2381
2026-04-08,CÓRDOBA,ADELIA MARIA,2000
2026-04-08,CÓRDOBA,ARIAS,200
2026-04-08,CÓRDOBA,ARROYITO,200
2026-04-08,CÓRDOBA,BELL VILLE,1900
2026-04-08,CÓRDOBA,BENGOLEA,270
2026-04-08,CÓRDOBA,BLAS DE ROSALES,30
2026-04-08,CÓRDOBA,CAMILO ALDAO,19
2026-04-08,CÓRDOBA,CANALS,435
2026-04-08,CÓRDOBA,CAPILLA DE LA SAGRAD,69
2026-04-08,CÓRDOBA,CARRILOBO,690
2026-04-08,CÓRDOBA,CHALACEA,366
2026-04-08,CÓRDOBA,CHUCUL,25
2026-04-08,CÓRDOBA,COLONIA ARROYO DE AL,390
2026-04-08,CÓRDOBA,CORONEL BAIGORRIA,100
2026-04-08,CÓRDOBA,CORONEL MOLDES,400
2026-04-08,CÓRDOBA,CORRAL DE BUSTOS,432
2026-04-08,CÓRDOBA,DEVOTO,47
2026-04-08,CÓRDOBA,ESQUINA,87
2026-04-08,CÓRDOBA,FREYRE,350
2026-04-08,CÓRDOBA,GENERAL CABRERA,473
2026-04-08,CÓRDOBA,GENERAL LEVALLE,411
2026-04-08,CÓRDOBA,HERNANDO,691
2026-04-08,CÓRDOBA,HUANCHILLA,105
2026-04-08,CÓRDOBA,HUINCA RENANCO,1750
2026-04-08,CÓRDOBA,INRIVILLE,90
2026-04-08,CÓRDOBA,ISLA VERDE (DPTO. MA,53
2026-04-08,CÓRDOBA,ITALO,200
2026-04-08,CÓRDOBA,JUSTINIANO POSSE,920
2026-04-08,CÓRDOBA,LA CARLOTA,586
2026-04-08,CÓRDOBA,LA CESIRA,200
2026-04-08,CÓRDOBA,LA PUERTA (DPTO. RIO,300
2026-04-08,CÓRDOBA,LABOULAYE,2659
2026-04-08,CÓRDOBA,LAGUNA LARGA SUD,30
2026-04-08,CÓRDOBA,LAS PEÑAS SUD,240
2026-04-08,CÓRDOBA,LAS VARILLAS,30
2026-04-08,CÓRDOBA,LOS CISNES,548
2026-04-08,CÓRDOBA,LOS COMETIERRA,80
2026-04-08,CÓRDOBA,LUQUE,90
2026-04-08,CÓRDOBA,MARCOS JUAREZ,2971
2026-04-08,CÓRDOBA,MATORRALES,1284
2026-04-08,CÓRDOBA,MATTALDI,725
2026-04-08,CÓRDOBA,MONTE BUEY,709
2026-04-08,CÓRDOBA,MONTE MAIZ,352
2026-04-08,CÓRDOBA,NOETINGER,120
2026-04-08,CÓRDOBA,PASCANAS,90
2026-04-08,CÓRDOBA,RIO CUARTO,179
2026-04-08,CÓRDOBA,RIO PRIMERO,572
2026-04-08,CÓRDOBA,RIO SEGUNDO,4
2026-04-08,CÓRDOBA,RIO TERCERO,660
2026-04-08,CÓRDOBA,SAN BASILIO,300
2026-04-08,CÓRDOBA,SAN FRANCISCO (DPTO.,642
2026-04-08,CÓRDOBA,SANTA ROSA DE RIO PR,30
2026-04-08,CÓRDOBA,SINSACATE,213
2026-04-08,CÓRDOBA,TRANSITO,62
2026-04-08,CÓRDOBA,VIAMONTE,2222
2026-04-08,CÓRDOBA,VICUÑA MACKENNA,914
2026-04-08,CÓRDOBA,VILLA HUIDOBRO,400
2026-04-08,CÓRDOBA,VILLA NUEVA,36
2026-04-08,ENTRE RÍOS,ALDEA PROTESTANTE,1308
2026-04-08,ENTRE RÍOS,ALDEA SAN ANTONIO,140
2026-04-08,ENTRE RÍOS,ALDEA VALLE MARIA,200
2026-04-08,ENTRE RÍOS,DIAMANTE,11
2026-04-08,ENTRE RÍOS,GUALEGUAY,2860
2026-04-08,ENTRE RÍOS,GUALEGUAYCHU,60
2026-04-08,ENTRE RÍOS,LA PAZ,2274
2026-04-08,ENTRE RÍOS,LARROQUE,60
2026-04-08,ENTRE RÍOS,LUCAS SUD,1500
2026-04-08,ENTRE RÍOS,MARIA GRANDE,60
2026-04-08,ENTRE RÍOS,VIALE,40
2026-04-08,ENTRE RÍOS,VICTORIA,170
2026-04-08,ENTRE RÍOS,VILLA FONTANA,140
2026-04-08,ENTRE RÍOS,VILLAGUAY,1060
2026-04-08,LA PAMPA,BERNARDO LARROUDE,126
2026-04-08,LA PAMPA,DORILA,1000
2026-04-08,LA PAMPA,INTENDENTE ALVEAR,579
2026-04-08,SALTA,SALTA,600
2026-04-08,SAN LUIS,SAN LUIS,8000
2026-04-08,SANTA FE,ALBARELLOS,88
2026-04-08,SANTA FE,AMENABAR,400
2026-04-08,SANTA FE,AREQUITO,1000
2026-04-08,SANTA FE,ARMSTRONG,1650
2026-04-08,SANTA FE,ARROYO SECO,1500
2026-04-08,SANTA FE,BARRANCAS,30
2026-04-08,SANTA FE,BERNARDO DE IRIGOYEN,90
2026-04-08,SANTA FE,BIGAND,2000
2026-04-08,SANTA FE,BOMBAL,100
2026-04-08,SANTA FE,BOUQUET,450
2026-04-08,SANTA FE,CAMPO LA AMISTAD,30
2026-04-08,SANTA FE,CARLOS PELLEGRINI,82
2026-04-08,SANTA FE,CARMEN,90
2026-04-08,SANTA FE,CARRERAS,630
2026-04-08,SANTA FE,CAÑADA DEL UCLE,120
2026-04-08,SANTA FE,CENTENO,90
2026-04-08,SANTA FE,CHAPUY,4115
2026-04-08,SANTA FE,CLUCELLAS,19
2026-04-08,SANTA FE,ESTACION JOSEFINA,20
2026-04-08,SANTA FE,GOBERNADOR CRESPO,25
2026-04-08,SANTA FE,HUGHES,31
2026-04-08,SANTA FE,"HUMBERTO I""",250
2026-04-08,SANTA FE,IRIGOYEN,370
2026-04-08,SANTA FE,JUNCAL,300
2026-04-08,SANTA FE,LAS PAREJAS,301
2026-04-08,SANTA FE,LAS PETACAS,75
2026-04-08,SANTA FE,LAS ROSAS,180
2026-04-08,SANTA FE,LOPEZ,1020
2026-04-08,SANTA FE,LOS QUIRQUINCHOS,74
2026-04-08,SANTA FE,LUIS PALACIOS,3840
2026-04-08,SANTA FE,MARIA JUANA,348
2026-04-08,SANTA FE,MARIA SUSANA,115
2026-04-08,SANTA FE,MONTES DE OCA,705
2026-04-08,SANTA FE,MURPHY,426
2026-04-08,SANTA FE,PAZ,893
2026-04-08,SANTA FE,PEYRANO,420
2026-04-08,SANTA FE,PILAR,128
2026-04-08,SANTA FE,PROGRESO,77
2026-04-08,SANTA FE,PUEBLO ESTHER,63
2026-04-08,SANTA FE,PUEBLO RAMONA,150
2026-04-08,SANTA FE,PUJATO,60
2026-04-08,SANTA FE,RAFAELA,1528
2026-04-08,SANTA FE,ROSARIO,25600
2026-04-08,SANTA FE,RUFINO,2843
2026-04-08,SANTA FE,SAGUIER,24
2026-04-08,SANTA FE,SAN GUILLERMO (DPTO.,150
2026-04-08,SANTA FE,SAN JORGE,300
2026-04-08,SANTA FE,SAN JUSTO,1726
2026-04-08,SANTA FE,SAN LORENZO,9240
2026-04-08,SANTA FE,SAN MARCELO,35
2026-04-08,SANTA FE,SAN MARCOS DE VENADO,6000
2026-04-08,SANTA FE,SANCTI SPIRITU,540
2026-04-08,SANTA FE,SANTA CLARA DE BUENA,600
2026-04-08,SANTA FE,SANTA FE,2000
2026-04-08,SANTA FE,SERODINO,21
2026-04-08,SANTA FE,SUNCHALES,300
2026-04-08,SANTA FE,TACURAL,112
2026-04-08,SANTA FE,TEODELINA,905
2026-04-08,SANTA FE,VENADO TUERTO,5984
2026-04-08,SANTA FE,VICTOR MANUEL II,38
2026-04-08,SANTA FE,VILA,30
2026-04-08,SANTA FE,VILLA CAÑAS,186
2026-04-08,SANTA FE,VILLA MINETTI,500
2026-04-08,SANTA FE,VILLA TRINIDAD,150
2026-04-08,SANTA FE,WHEELWRIGHT,1089
2026-04-08,SANTA FE,ZENON PEREYRA,38
2026-04-08,SANTIAGO DEL ESTERO,AVERIAS,500
2026-04-08,SANTIAGO DEL ESTERO,FORTIN INCA,14
2026-04-08,SANTIAGO DEL ESTERO,GUASAYAN,1000
2026-04-08,TUCUMÁN,LA RAMADA,300
2026-04-08,TUCUMÁN,SAN MIGUEL DE TUCUMA,500
2026-04-09,BUENOS AIRES,9 DE JULIO,120
2026-04-09,BUENOS AIRES,ALBERTI,180
2026-04-09,BUENOS AIRES,AMERICA,750
2026-04-09,BUENOS AIRES,ARRECIFES,180
2026-04-09,BUENOS AIRES,ARRIBEÑOS,234
2026-04-09,BUENOS AIRES,BAIGORRITA,117
2026-04-09,BUENOS AIRES,BARADERO,60
2026-04-09,BUENOS AIRES,BOLIVAR,120
2026-04-09,BUENOS AIRES,BRAGADO,4000
2026-04-09,BUENOS AIRES,CAPILLA DEL SEÑOR,150
2026-04-09,BUENOS AIRES,CARABELAS,28
2026-04-09,BUENOS AIRES,CARMEN DE ARECO,1000
2026-04-09,BUENOS AIRES,CAÑADA MARIANO (EMBA,360
2026-04-09,BUENOS AIRES,CAÑADA SECA,20
2026-04-09,BUENOS AIRES,CHIVILCOY,368
2026-04-09,BUENOS AIRES,CLAUDIO C. MOLINA,1000
2026-04-09,BUENOS AIRES,COLON,330
2026-04-09,BUENOS AIRES,CORONEL DORREGO,510
2026-04-09,BUENOS AIRES,CORONEL SUAREZ,300
2026-04-09,BUENOS AIRES,DUGGAN,343
2026-04-09,BUENOS AIRES,GENERAL PINTO,53
2026-04-09,BUENOS AIRES,GENERAL VILLEGAS,737
2026-04-09,BUENOS AIRES,HENDERSON,330
2026-04-09,BUENOS AIRES,JUNIN,1100
2026-04-09,BUENOS AIRES,LARTIGAU,210
2026-04-09,BUENOS AIRES,LIMA,30
2026-04-09,BUENOS AIRES,LOBERIA,18
2026-04-09,BUENOS AIRES,LOS TOLDOS,810
2026-04-09,BUENOS AIRES,MICAELA CASCALLARES,3000
2026-04-09,BUENOS AIRES,PERGAMINO,85
2026-04-09,BUENOS AIRES,QUEQUEN,300
2026-04-09,BUENOS AIRES,RAFAEL OBLIGADO,500
2026-04-09,BUENOS AIRES,RAUCH,210
2026-04-09,BUENOS AIRES,ROJAS,1470
2026-04-09,BUENOS AIRES,SALTO,110
2026-04-09,BUENOS AIRES,SAN MAURICIO,100
2026-04-09,BUENOS AIRES,SAN MIGUEL DEL MONTE,70
2026-04-09,BUENOS AIRES,SIERRA DE LA VENTANA,300
2026-04-09,BUENOS AIRES,TRENQUE LAUQUEN,201
2026-04-09,BUENOS AIRES,TRES ARROYOS,390
2026-04-09,BUENOS AIRES,VEDIA,493
2026-04-09,CIUDAD AUTÓNOMA DE BUENOS AIRES,CAPITAL FEDERAL,1584
2026-04-09,CÓRDOBA,ALEJANDRO ROCA,227
2026-04-09,CÓRDOBA,ALEJO LEDESMA,641
2026-04-09,CÓRDOBA,ALICIA,24
2026-04-09,CÓRDOBA,ARIAS,191
2026-04-09,CÓRDOBA,ARROYO CABRAL,1000
2026-04-09,CÓRDOBA,BARRIO ALBERIONE,35
2026-04-09,CÓRDOBA,BELL VILLE,571
2026-04-09,CÓRDOBA,BOUWER,36000
2026-04-09,CÓRDOBA,CALCHIN,300
2026-04-09,CÓRDOBA,CANALS,208
2026-04-09,CÓRDOBA,CARRILOBO,36
2026-04-09,CÓRDOBA,CAVANAGH,420
2026-04-09,CÓRDOBA,CAÑADA DE MACHADO,5
2026-04-09,CÓRDOBA,CORDOBA,1000
2026-04-09,CÓRDOBA,CORONEL BAIGORRIA,68
2026-04-09,CÓRDOBA,CORRAL DE BUSTOS,3326
2026-04-09,CÓRDOBA,DEVOTO,120
2026-04-09,CÓRDOBA,EL ARAÑADO,60
2026-04-09,CÓRDOBA,EL TIO,29
2026-04-09,CÓRDOBA,ESTACION GENERAL PAZ,32
2026-04-09,CÓRDOBA,GENERAL BALDISSERA,234
2026-04-09,CÓRDOBA,GENERAL CABRERA,680
2026-04-09,CÓRDOBA,GENERAL LEVALLE,212
2026-04-09,CÓRDOBA,GUATIMOZIN,60
2026-04-09,CÓRDOBA,HERNANDO,105
2026-04-09,CÓRDOBA,HUANCHILLA,1084
2026-04-09,CÓRDOBA,INRIVILLE,34
2026-04-09,CÓRDOBA,JUSTINIANO POSSE,1737
2026-04-09,CÓRDOBA,LA CARLOTA,200
2026-04-09,CÓRDOBA,LA HERRADURA,60
2026-04-09,CÓRDOBA,LA TORDILLA NORTE,283
2026-04-09,CÓRDOBA,LABOULAYE,127
2026-04-09,CÓRDOBA,MANFREDI,49
2026-04-09,CÓRDOBA,MARCOS JUAREZ,598
2026-04-09,CÓRDOBA,MARIA,28
2026-04-09,CÓRDOBA,MATORRALES,36
2026-04-09,CÓRDOBA,MONTE BUEY,1154
2026-04-09,CÓRDOBA,MONTE CRISTO,124
2026-04-09,CÓRDOBA,MONTE MAIZ,2520
2026-04-09,CÓRDOBA,NOETINGER,165
2026-04-09,CÓRDOBA,OLIVA,193
2026-04-09,CÓRDOBA,PILAR,965
2026-04-09,CÓRDOBA,PORTEÑA,500
2026-04-09,CÓRDOBA,POZO DEL MOLLE (DPTO,300
2026-04-09,CÓRDOBA,RIO CUARTO,100
2026-04-09,CÓRDOBA,RIO PRIMERO,102
2026-04-09,CÓRDOBA,SAN FRANCISCO (DPTO.,60
2026-04-09,CÓRDOBA,SERRANO,210
2026-04-09,CÓRDOBA,SITON,12
2026-04-09,CÓRDOBA,TICINO,700
2026-04-09,CÓRDOBA,VIAMONTE,210
2026-04-09,CÓRDOBA,VICUÑA MACKENNA,116
2026-04-09,CÓRDOBA,VILLA DEL ROSARIO,71
2026-04-09,CÓRDOBA,VILLA MARIA (JESUS M,60
2026-04-09,CÓRDOBA,WENCESLAO ESCALANTE,3130
2026-04-09,ENTRE RÍOS,ALDEA PROTESTANTE,40
2026-04-09,ENTRE RÍOS,ALDEA VALLE MARIA,500
2026-04-09,ENTRE RÍOS,BASAVILBASO,450
2026-04-09,ENTRE RÍOS,CHAJARI,107
2026-04-09,ENTRE RÍOS,CONCORDIA,90
2026-04-09,ENTRE RÍOS,CRESPO,30
2026-04-09,ENTRE RÍOS,CRUCESITAS 7A. SECCI,10
2026-04-09,ENTRE RÍOS,DIAMANTE,53
2026-04-09,ENTRE RÍOS,GALARZA,240
2026-04-09,ENTRE RÍOS,GENERAL CAMPOS,90
2026-04-09,ENTRE RÍOS,GENERAL GALARZA,200
2026-04-09,ENTRE RÍOS,GENERAL RAMIREZ,108
2026-04-09,ENTRE RÍOS,GOBERNADOR MANSILLA,117
2026-04-09,ENTRE RÍOS,GUALEGUAY,81
2026-04-09,ENTRE RÍOS,LA PAZ,1120
2026-04-09,ENTRE RÍOS,MARIA GRANDE,31
2026-04-09,ENTRE RÍOS,NOGOYA,75
2026-04-09,ENTRE RÍOS,PAJONAL,93
2026-04-09,ENTRE RÍOS,RINCON DE NOGOYA,20
2026-04-09,ENTRE RÍOS,SAN JOSE DE FELICIAN,1281
2026-04-09,ENTRE RÍOS,URDINARRAIN,600
2026-04-09,ENTRE RÍOS,VIALE,57
2026-04-09,ENTRE RÍOS,VICTORIA,2500
2026-04-09,ENTRE RÍOS,VILLA FONTANA,178
2026-04-09,ENTRE RÍOS,VILLAGUAY,44
2026-04-09,LA PAMPA,AGUSTONI,35
2026-04-09,LA PAMPA,BERNARDO LARROUDE,176
2026-04-09,LA PAMPA,GENERAL PICO,400
2026-04-09,LA PAMPA,GUATRACHE,300
2026-04-09,SALTA,SALTA,140
2026-04-09,SAN LUIS,CORONEL ALZOGARAY,90
2026-04-09,SAN LUIS,JUSTO DARACT,500
2026-04-09,SAN LUIS,LA ESCONDIDA (HIPOLI,1000
2026-04-09,SANTA FE,AREQUITO,360
2026-04-09,SANTA FE,ARMSTRONG,2150
2026-04-09,SANTA FE,AVELLANEDA,1200
2026-04-09,SANTA FE,BARRANCAS,120
2026-04-09,SANTA FE,BERNARDO DE IRIGOYEN,180
2026-04-09,SANTA FE,BIGAND,522
2026-04-09,SANTA FE,BOUQUET,90
2026-04-09,SANTA FE,CARLOS PELLEGRINI,120
2026-04-09,SANTA FE,CARRERAS,150
2026-04-09,SANTA FE,CAÑADA DEL UCLE,40
2026-04-09,SANTA FE,CENTENO,180
2026-04-09,SANTA FE,CHABAS,12
2026-04-09,SANTA FE,CHAPUY,800
2026-04-09,SANTA FE,COLONIA CELLO,35
2026-04-09,SANTA FE,DIAZ,1600
2026-04-09,SANTA FE,ELORTONDO,300
2026-04-09,SANTA FE,ESPERANZA,124
2026-04-09,SANTA FE,GALVEZ,45
2026-04-09,SANTA FE,GENERAL GELLY,145
2026-04-09,SANTA FE,IRIGOYEN,200
2026-04-09,SANTA FE,LANDETA,60
2026-04-09,SANTA FE,LAS PAREJAS,35
2026-04-09,SANTA FE,LAS ROSAS,1039
2026-04-09,SANTA FE,LOS MOLINOS,1000
2026-04-09,SANTA FE,LUIS PALACIOS,1843
2026-04-09,SANTA FE,MARIA JUANA,8500
2026-04-09,SANTA FE,MONJE,690
2026-04-09,SANTA FE,MONTES DE OCA,132
2026-04-09,SANTA FE,PAZ,270
2026-04-09,SANTA FE,PEYRANO,210
2026-04-09,SANTA FE,PILAR,1800
2026-04-09,SANTA FE,PRESIDENTE ROCA,54
2026-04-09,SANTA FE,PUERTO GRAL SAN MARTIN,150
2026-04-09,SANTA FE,PUJATO,90
2026-04-09,SANTA FE,RAFAELA,1000
2026-04-09,SANTA FE,RICARDONE,120
2026-04-09,SANTA FE,ROSARIO,7900
2026-04-09,SANTA FE,SALTO GRANDE,93
2026-04-09,SANTA FE,SAN CARLOS CENTRO,125
2026-04-09,SANTA FE,SAN JOSE DE LA ESQUI,205
2026-04-09,SANTA FE,SAN JUSTO,177
2026-04-09,SANTA FE,SAN LORENZO,4903
2026-04-09,SANTA FE,SAN MARCELO,70
2026-04-09,SANTA FE,SAN MARCOS DE VENADO,1500
2026-04-09,SANTA FE,SAN MARTIN DE LAS ES,10048
2026-04-09,SANTA FE,SANCTI SPIRITU,181
2026-04-09,SANTA FE,SANTA CLARA DE BUENA,170
2026-04-09,SANTA FE,SANTA FE,8760
2026-04-09,SANTA FE,SARGENTO CABRAL,60
2026-04-09,SANTA FE,SUNCHALES,101
2026-04-09,SANTA FE,TEODELINA,210
2026-04-09,SANTA FE,TOTORAS,311
2026-04-09,SANTA FE,VENADO TUERTO,2774
2026-04-09,SANTA FE,VILLA CAÑAS,2048
2026-04-09,SANTA FE,VILLA TRINIDAD,300
2026-04-09,SANTA FE,WHEELWRIGHT,372
2026-04-10,BUENOS AIRES,ALBERTI,865
2026-04-10,BUENOS AIRES,AMERICA,22
2026-04-10,BUENOS AIRES,ARRIBEÑOS,70
2026-04-10,BUENOS AIRES,ASCENSION,5000
2026-04-10,BUENOS AIRES,BAHIA BLANCA,1000
2026-04-10,BUENOS AIRES,BARADERO,30
2026-04-10,BUENOS AIRES,BRAGADO,2400
2026-04-10,BUENOS AIRES,CARABELAS,60
2026-04-10,BUENOS AIRES,CARHUE,180
2026-04-10,BUENOS AIRES,CARLOS CASARES,18
2026-04-10,BUENOS AIRES,CAÑADA SECA,18
2026-04-10,BUENOS AIRES,CHACABUCO,1360
2026-04-10,BUENOS AIRES,CHIVILCOY,255
2026-04-10,BUENOS AIRES,COLON,237
2026-04-10,BUENOS AIRES,CORONEL DORREGO,100
2026-04-10,BUENOS AIRES,GENERAL LAS HERAS,173
2026-04-10,BUENOS AIRES,GENERAL VILLEGAS,405
2026-04-10,BUENOS AIRES,GOBERNADOR UGARTE,90
2026-04-10,BUENOS AIRES,HENDERSON,23
2026-04-10,BUENOS AIRES,NECOCHEA,1300
2026-04-10,BUENOS AIRES,OLAVARRIA,200
2026-04-10,BUENOS AIRES,PEHUAJO,501
2026-04-10,BUENOS AIRES,PERGAMINO,170
2026-04-10,BUENOS AIRES,PIGUE,650
2026-04-10,BUENOS AIRES,QUEQUEN,220
2026-04-10,BUENOS AIRES,RAUCH,180
2026-04-10,BUENOS AIRES,SALLIQUELO,85
2026-04-10,BUENOS AIRES,SALTO,150
2026-04-10,BUENOS AIRES,TANDIL,2500
2026-04-10,BUENOS AIRES,TRES ARROYOS,2690
2026-04-10,BUENOS AIRES,VEDIA,11
2026-04-10,CIUDAD AUTÓNOMA DE BUENOS AIRES,CAPITAL FEDERAL,1360
2026-04-10,CÓRDOBA,AGUA DE ORO (VILLA D,200
2026-04-10,CÓRDOBA,ALEJANDRO ROCA,12
2026-04-10,CÓRDOBA,ALEJO LEDESMA,65
2026-04-10,CÓRDOBA,ARROYITO,1750
2026-04-10,CÓRDOBA,BELL VILLE,2035
2026-04-10,CÓRDOBA,CALCHIN,35
2026-04-10,CÓRDOBA,CANALS,1243
2026-04-10,CÓRDOBA,CAVANAGH,1121
2026-04-10,CÓRDOBA,COLONIA ITALIANA,70
2026-04-10,CÓRDOBA,COLONIA SANTA RITA (,23
2026-04-10,CÓRDOBA,COMECHINGONES (DPTO.,150
2026-04-10,CÓRDOBA,CORONEL MOLDES,123
2026-04-10,CÓRDOBA,CUATRO VIENTOS,120
2026-04-10,CÓRDOBA,DEVOTO,131
2026-04-10,CÓRDOBA,GENERAL CABRERA,200
2026-04-10,CÓRDOBA,GENERAL LEVALLE,400
2026-04-10,CÓRDOBA,GUATIMOZIN,60
2026-04-10,CÓRDOBA,HIPOLITO BOUCHARD,500
2026-04-10,CÓRDOBA,HUANCHILLA,58
2026-04-10,CÓRDOBA,IDIAZABAL,525
2026-04-10,CÓRDOBA,JUSTINIANO POSSE,6
2026-04-10,CÓRDOBA,LABOULAYE,745
2026-04-10,CÓRDOBA,LAS PEÑAS SUD,60
2026-04-10,CÓRDOBA,LUXARDO,30
2026-04-10,CÓRDOBA,MARCOS JUAREZ,1337
2026-04-10,CÓRDOBA,MONTE BUEY,707
2026-04-10,CÓRDOBA,MONTE CRISTO,30
2026-04-10,CÓRDOBA,MONTE MAIZ,4600
2026-04-10,CÓRDOBA,NOETINGER,1130
2026-04-10,CÓRDOBA,ONCATIVO,35
2026-04-10,CÓRDOBA,PORTEÑA,30
2026-04-10,CÓRDOBA,QUEBRACHO HERRADO,30
2026-04-10,CÓRDOBA,RAFAEL GARCIA,3
2026-04-10,CÓRDOBA,RIO CUARTO,100
2026-04-10,CÓRDOBA,RIO PRIMERO,365
2026-04-10,CÓRDOBA,SAN FRANCISCO (DPTO.,685
2026-04-10,CÓRDOBA,SAN MARCOS,90
2026-04-10,ENTRE RÍOS,ALDEA SPATZENKUTTER,200
2026-04-10,ENTRE RÍOS,ALDEA VALLE MARIA,30
2026-04-10,ENTRE RÍOS,CONCORDIA,213
2026-04-10,ENTRE RÍOS,DIAMANTE,32
2026-04-10,ENTRE RÍOS,EL PALENQUE,59
2026-04-10,ENTRE RÍOS,GOBERNADOR SOLA,420
2026-04-10,ENTRE RÍOS,GUALEGUAY,1590
2026-04-10,ENTRE RÍOS,GUALEGUAYCHU,330
2026-04-10,ENTRE RÍOS,HAMBIS,200
2026-04-10,ENTRE RÍOS,INGENIERO MIGUEL SAJ,154
2026-04-10,ENTRE RÍOS,LA PAZ,1260
2026-04-10,ENTRE RÍOS,LARROQUE,60
2026-04-10,ENTRE RÍOS,MARIA GRANDE,250
2026-04-10,ENTRE RÍOS,PRONUNCIAMIENTO,31
2026-04-10,ENTRE RÍOS,SAN MIGUEL,218
2026-04-10,ENTRE RÍOS,SANTA ANITA,92
2026-04-10,ENTRE RÍOS,VICTORIA,72
2026-04-10,ENTRE RÍOS,VILLA ELISA,213
2026-04-10,ENTRE RÍOS,VILLA FONTANA,176
2026-04-10,ENTRE RÍOS,VILLA MANTERO,197
2026-04-10,ENTRE RÍOS,VILLAGUAY,419
2026-04-10,LA PAMPA,EMBAJADOR MARTINI,35
2026-04-10,LA PAMPA,GENERAL PICO,1000
2026-04-10,LA PAMPA,LONQUIMAY,200
2026-04-10,LA PAMPA,TREBOLARES,157
2026-04-10,LA PAMPA,WINIFREDA,70
2026-04-10,SAN LUIS,ALFALAND,36
2026-04-10,SAN LUIS,AVANZADA,31
2026-04-10,SAN LUIS,JUSTO DARACT,4000
2026-04-10,SAN LUIS,LA PETRA,136
2026-04-10,SANTA FE,ALBARELLOS,60
2026-04-10,SANTA FE,ALVAREZ,30
2026-04-10,SANTA FE,AMENABAR,524
2026-04-10,SANTA FE,ARMINDA,210
2026-04-10,SANTA FE,ARMSTRONG,926
2026-04-10,SANTA FE,BERNARDO DE IRIGOYEN,450
2026-04-10,SANTA FE,BIGAND,300
2026-04-10,SANTA FE,BOUQUET,300
2026-04-10,SANTA FE,BUSTINZA,90
2026-04-10,SANTA FE,CAMPO QUIRNO,3
2026-04-10,SANTA FE,CARCARAÑA,50
2026-04-10,SANTA FE,CARRERAS,30
2026-04-10,SANTA FE,CAÑADA DEL UCLE,90
2026-04-10,SANTA FE,CAÑADA ROSQUIN,180
2026-04-10,SANTA FE,CENTENO,330
2026-04-10,SANTA FE,CHABAS,150
2026-04-10,SANTA FE,CHAPUY,3000
2026-04-10,SANTA FE,COLONIA CASTELLANOS,700
2026-04-10,SANTA FE,EL ARAZA,82
2026-04-10,SANTA FE,EL TREBOL,13
2026-04-10,SANTA FE,ELISA,29
2026-04-10,SANTA FE,ELORTONDO,600
2026-04-10,SANTA FE,GALVEZ,560
2026-04-10,SANTA FE,HUGHES,565
2026-04-10,SANTA FE,IRIGOYEN,270
2026-04-10,SANTA FE,LANDETA,33
2026-04-10,SANTA FE,LAS PAREJAS,29
2026-04-10,SANTA FE,LAS ROSAS,60
2026-04-10,SANTA FE,LOS MOLINOS,500
2026-04-10,SANTA FE,LUIS PALACIOS,2300
2026-04-10,SANTA FE,MACIEL,49
2026-04-10,SANTA FE,MARIA JUANA,18120
2026-04-10,SANTA FE,MARIA SUSANA,300
2026-04-10,SANTA FE,MURPHY,180
2026-04-10,SANTA FE,PAZ,210
2026-04-10,SANTA FE,PEYRANO,300
2026-04-10,SANTA FE,PILAR,300
2026-04-10,SANTA FE,PUJATO,60
2026-04-10,SANTA FE,ROSARIO,3000
2026-04-10,SANTA FE,SALTO GRANDE,120
2026-04-10,SANTA FE,SAN JORGE,180
2026-04-10,SANTA FE,SAN LORENZO,840
2026-04-10,SANTA FE,SAN MARCOS DE VENADO,2346
2026-04-10,SANTA FE,SANCTI SPIRITU,420
2026-04-10,SANTA FE,SANTA FE,2210
2026-04-10,SANTA FE,TACURAL,293
2026-04-10,SANTA FE,TEODELINA,107
2026-04-10,SANTA FE,TOTORAS,47
2026-04-10,SANTA FE,VENADO TUERTO,2630
2026-04-10,SANTA FE,VILLA CAÑAS,4135
2026-04-10,SANTIAGO DEL ESTERO,BANDERA,1000
2026-04-11,BUENOS AIRES,BRAGADO,90
2026-04-11,ENTRE RÍOS,INGENIERO MIGUEL SAJ,180
2026-04-11,SANTA FE,GOBERNADOR CRESPO,100
2026-04-12,BUENOS AIRES,BAHIA BLANCA,70
2026-04-13,BUENOS AIRES,9 DE JULIO,3053
2026-04-13,BUENOS AIRES,ACHUPALLAS,440
2026-04-13,BUENOS AIRES,ALBERTI,600
2026-04-13,BUENOS AIRES,ARRIBEÑOS,120
2026-04-13,BUENOS AIRES,BAHIA BLANCA,300
2026-04-13,BUENOS AIRES,BANDERALO,90
2026-04-13,BUENOS AIRES,BARADERO,90
2026-04-13,BUENOS AIRES,BOLIVAR,236
2026-04-13,BUENOS AIRES,BRAGADO,500
2026-04-13,BUENOS AIRES,CARHUE,310
2026-04-13,BUENOS AIRES,CARMEN DE ARECO,111
2026-04-13,BUENOS AIRES,CAÑADA MARIANO (EMBA,300
2026-04-13,BUENOS AIRES,CHIVILCOY,70
2026-04-13,BUENOS AIRES,COLON,4060
2026-04-13,BUENOS AIRES,CORONEL SEGUI,600
2026-04-13,BUENOS AIRES,EDMUNDO B. PERKINS,72
2026-04-13,BUENOS AIRES,GENERAL VILLEGAS,1100
2026-04-13,BUENOS AIRES,JUNIN,330
2026-04-13,BUENOS AIRES,LAS FLORES,27
2026-04-13,BUENOS AIRES,LINCOLN,317
2026-04-13,BUENOS AIRES,LOBOS,240
2026-04-13,BUENOS AIRES,MARIANO H. ALFONZO,1200
2026-04-13,BUENOS AIRES,MERCEDES,300
2026-04-13,BUENOS AIRES,NAVARRO,600
2026-04-13,BUENOS AIRES,NECOCHEA,240
2026-04-13,BUENOS AIRES,PEHUAJO,500
2026-04-13,BUENOS AIRES,PERGAMINO,1028
2026-04-13,BUENOS AIRES,PIEDRITAS,602
2026-04-13,BUENOS AIRES,PIGUE,370
2026-04-13,BUENOS AIRES,RAWSON,360
2026-04-13,BUENOS AIRES,ROJAS,3294
2026-04-13,BUENOS AIRES,SALTO,1523
2026-04-13,BUENOS AIRES,SAN ANDRES DE GILES,26
2026-04-13,BUENOS AIRES,SAN ANTONIO DE ARECO,500
2026-04-13,BUENOS AIRES,SAN NICOLAS,60
2026-04-13,BUENOS AIRES,SANTA REGINA,342
2026-04-13,BUENOS AIRES,SUIPACHA,450
2026-04-13,BUENOS AIRES,TRENQUE LAUQUEN,1300
2026-04-13,BUENOS AIRES,TRES ARROYOS,240
2026-04-13,BUENOS AIRES,VEDIA,2508
2026-04-13,CHACO,TRES ISLETAS,11
2026-04-13,CIUDAD AUTÓNOMA DE BUENOS AIRES,CAPITAL FEDERAL,964
2026-04-13,CÓRDOBA,ALEJANDRO ROCA,150
2026-04-13,CÓRDOBA,ALEJO LEDESMA,63
2026-04-13,CÓRDOBA,ALTA GRACIA,282
2026-04-13,CÓRDOBA,ARIAS,97
2026-04-13,CÓRDOBA,ARROYITO,338
2026-04-13,CÓRDOBA,BELL VILLE,1320
2026-04-13,CÓRDOBA,CALCHIN OESTE,30
2026-04-13,CÓRDOBA,CAMILO ALDAO,2000
2026-04-13,CÓRDOBA,CANALS,156
2026-04-13,CÓRDOBA,COLONIA TIROLESA,365
2026-04-13,CÓRDOBA,CORRAL DE BUSTOS,12
2026-04-13,CÓRDOBA,CORRALITO,62
2026-04-13,CÓRDOBA,COSTA SACATE,39
2026-04-13,CÓRDOBA,DIEGO DE ROJAS,30
2026-04-13,CÓRDOBA,ESTACION GENERAL PAZ,68
2026-04-13,CÓRDOBA,GENERAL BALDISSERA,77
2026-04-13,CÓRDOBA,GENERAL LEVALLE,460
2026-04-13,CÓRDOBA,HERNANDO,400
2026-04-13,CÓRDOBA,IDIAZABAL,100
2026-04-13,CÓRDOBA,INRIVILLE,370
2026-04-13,CÓRDOBA,LA CESIRA,300
2026-04-13,CÓRDOBA,LA PUERTA-COLON,120
2026-04-13,CÓRDOBA,LABOULAYE,1000
2026-04-13,CÓRDOBA,LAS ACEQUIAS,147
2026-04-13,CÓRDOBA,LOS COMETIERRA,2000
2026-04-13,CÓRDOBA,LUQUE,30
2026-04-13,CÓRDOBA,MARCOS JUAREZ,970
2026-04-13,CÓRDOBA,MATORRALES,195
2026-04-13,CÓRDOBA,MONTE BUEY,2066
2026-04-13,CÓRDOBA,MONTE CRISTO,30
2026-04-13,CÓRDOBA,MONTE MAIZ,1900
2026-04-13,CÓRDOBA,MONTE RALO,464
2026-04-13,CÓRDOBA,MORRISON,100
2026-04-13,CÓRDOBA,NOETINGER,35
2026-04-13,CÓRDOBA,OLIVA,32
2026-04-13,CÓRDOBA,ONCATIVO,101
2026-04-13,CÓRDOBA,PLAZA SAN FRANCISCO,20
2026-04-13,CÓRDOBA,POZO DEL MOLLE (DPTO,180
2026-04-13,CÓRDOBA,RIO CUARTO,400
2026-04-13,CÓRDOBA,RIO TERCERO,500
2026-04-13,CÓRDOBA,SACANTA,495
2026-04-13,CÓRDOBA,SAN FRANCISCO (DPTO.,60
2026-04-13,CÓRDOBA,SANTIAGO TEMPLE,330
2026-04-13,CÓRDOBA,SARMIENTO,150
2026-04-13,CÓRDOBA,TRANSITO,210
2026-04-13,CÓRDOBA,TULUMBA,70
2026-04-13,CÓRDOBA,VICUÑA MACKENNA,302
2026-04-13,CÓRDOBA,VILLA DEL ROSARIO,43
2026-04-13,CÓRDOBA,WENCESLAO ESCALANTE,605
2026-04-13,ENTRE RÍOS,ALDEA PROTESTANTE,30
2026-04-13,ENTRE RÍOS,ARROYO LAS TUNAS,33
2026-04-13,ENTRE RÍOS,CERRITO,8
2026-04-13,ENTRE RÍOS,CRESPO,103
2026-04-13,ENTRE RÍOS,GENERAL CAMPOS,520
2026-04-13,ENTRE RÍOS,GENERAL RAMIREZ,1000
2026-04-13,ENTRE RÍOS,GUALEGUAYCHU,29
2026-04-13,ENTRE RÍOS,LARROQUE,56
2026-04-13,ENTRE RÍOS,MACIA,346
2026-04-13,ENTRE RÍOS,MARIA GRANDE PRIMERA,13
2026-04-13,ENTRE RÍOS,PAJONAL,1000
2026-04-13,ENTRE RÍOS,URDINARRAIN,19
2026-04-13,ENTRE RÍOS,VIALE,368
2026-04-13,ENTRE RÍOS,VICTORIA,25
2026-04-13,ENTRE RÍOS,VILLA FONTANA,2107
2026-04-13,ENTRE RÍOS,VILLA SAN MARCIAL,89
2026-04-13,ENTRE RÍOS,VILLAGUAY,427
2026-04-13,LA PAMPA,BERNARDO LARROUDE,2
2026-04-13,LA PAMPA,GENERAL PICO,700
2026-04-13,LA PAMPA,LA HUMADA,600
2026-04-13,SAN LUIS,ALFALAND,164
2026-04-13,SAN LUIS,AVANZADA,175
2026-04-13,SAN LUIS,CANDELARIA,1012
2026-04-13,SAN LUIS,JUSTO DARACT,500
2026-04-13,SAN LUIS,LA CUMBRE (SAN LUIS-,361
2026-04-13,SAN LUIS,LUJAN,300
2026-04-13,SAN LUIS,VILLA MERCEDES,215
2026-04-13,SANTA FE,ALCORTA DTO CONSTITU,360
2026-04-13,SANTA FE,AMENABAR,673
2026-04-13,SANTA FE,ARMSTRONG,300
2026-04-13,SANTA FE,ARTEAGA,14
2026-04-13,SANTA FE,BARRANCAS,120
2026-04-13,SANTA FE,BERNARDO DE IRIGOYEN,60
2026-04-13,SANTA FE,BIGAND,300
2026-04-13,SANTA FE,CAFFERATA,60
2026-04-13,SANTA FE,CAMPO LA AMISTAD,29
2026-04-13,SANTA FE,CARCARAÑA,150
2026-04-13,SANTA FE,CARRIZALES,60
2026-04-13,SANTA FE,CASILDA,90
2026-04-13,SANTA FE,CAÑADA DEL UCLE,120
2026-04-13,SANTA FE,CHABAS,192
2026-04-13,SANTA FE,CHAPUY,2500
2026-04-13,SANTA FE,CHAÑAR LADEADO,300
2026-04-13,SANTA FE,COLONIA CASTELAR,61
2026-04-13,SANTA FE,COLONIA FIDELA,21
2026-04-13,SANTA FE,COLONIA LA YERBA,54
2026-04-13,SANTA FE,CORONEL ARNOLD,570
2026-04-13,SANTA FE,DIAZ,808
2026-04-13,SANTA FE,ELORTONDO,1300
2026-04-13,SANTA FE,ESMERALDA,30
2026-04-13,SANTA FE,FRONTERA,182
2026-04-13,SANTA FE,"HUMBERTO I""",11
2026-04-13,SANTA FE,IRIGOYEN,290
2026-04-13,SANTA FE,JUNCAL,600
2026-04-13,SANTA FE,LANDETA,90
2026-04-13,SANTA FE,LAS PAREJAS,325
2026-04-13,SANTA FE,LAS ROSAS,504
2026-04-13,SANTA FE,LOGROÑO,100
2026-04-13,SANTA FE,LOPEZ,1020
2026-04-13,SANTA FE,LUIS PALACIOS,500
2026-04-13,SANTA FE,MACIEL,30
2026-04-13,SANTA FE,MARIA JUANA,333
2026-04-13,SANTA FE,MARIA LUISA,160
2026-04-13,SANTA FE,MARIA SUSANA,234
2026-04-13,SANTA FE,MONTES DE OCA,300
2026-04-13,SANTA FE,MURPHY,400
2026-04-13,SANTA FE,PAZ,270
2026-04-13,SANTA FE,PILAR,31
2026-04-13,SANTA FE,RICARDONE,14
2026-04-13,SANTA FE,ROSARIO,1077
2026-04-13,SANTA FE,SAN CARLOS CENTRO,150
2026-04-13,SANTA FE,SAN EDUARDO,100
2026-04-13,SANTA FE,SAN JAVIER,30
2026-04-13,SANTA FE,SAN JERONIMO SUD,120
2026-04-13,SANTA FE,SAN JUSTO,23
2026-04-13,SANTA FE,SAN LORENZO,1773
2026-04-13,SANTA FE,SAN MARTIN DE LAS ES,20000
2026-04-13,SANTA FE,SANCTI SPIRITU,1620
2026-04-13,SANTA FE,SANTA CLARA DE BUENA,545
2026-04-13,SANTA FE,SANTA CLARA DE SAGUI,360
2026-04-13,SANTA FE,SANTA EMILIA,1000
2026-04-13,SANTA FE,SANTA FE,3380
2026-04-13,SANTA FE,SANTO DOMINGO,270
2026-04-13,SANTA FE,TEODELINA,570
2026-04-13,SANTA FE,TIMBUES,60
2026-04-13,SANTA FE,VENADO TUERTO,14090
2026-04-13,SANTA FE,VIDELA,60
2026-04-13,SANTA FE,VILLA CAÑAS,1000
2026-04-13,SANTA FE,ÑANDUCITA,91
2026-04-13,SANTIAGO DEL ESTERO,BANDERA,500
2026-04-13,SANTIAGO DEL ESTERO,LOS JURIES,200
2026-04-13,SANTIAGO DEL ESTERO,SANTIAGO DEL ESTERO,30
2026-04-14,BUENOS AIRES,9 DE JULIO,175
2026-04-14,BUENOS AIRES,ALBERTI,630
2026-04-14,BUENOS AIRES,AMERICA,39
2026-04-14,BUENOS AIRES,ARRECIFES,560
2026-04-14,BUENOS AIRES,ARRIBEÑOS,88
2026-04-14,BUENOS AIRES,BAHIA BLANCA,3620
2026-04-14,BUENOS AIRES,BARRIO VILLA GAUCHO,330
2026-04-14,BUENOS AIRES,BOLIVAR,28
2026-04-14,BUENOS AIRES,BRAGADO,59
2026-04-14,BUENOS AIRES,CARABELAS,420
2026-04-14,BUENOS AIRES,CARHUE,600
2026-04-14,BUENOS AIRES,CARMEN DE ARECO,7
2026-04-14,BUENOS AIRES,CHIVILCOY,120
2026-04-14,BUENOS AIRES,CLAUDIO C. MOLINA,1500
2026-04-14,BUENOS AIRES,COLON,1000
2026-04-14,BUENOS AIRES,CORONEL SUAREZ,30
2026-04-14,BUENOS AIRES,DAIREAUX,700
2026-04-14,BUENOS AIRES,GENERAL PINTO,400
2026-04-14,BUENOS AIRES,GENERAL VILLEGAS,1825
2026-04-14,BUENOS AIRES,GERMANIA,30
2026-04-14,BUENOS AIRES,HENDERSON,330
2026-04-14,BUENOS AIRES,IRENEO PORTELA,300
2026-04-14,BUENOS AIRES,JUNIN,300
2026-04-14,BUENOS AIRES,LINCOLN,536
2026-04-14,BUENOS AIRES,LOBERIA,60
2026-04-14,BUENOS AIRES,LOBOS,326
2026-04-14,BUENOS AIRES,MARIANO H. ALFONZO,600
2026-04-14,BUENOS AIRES,NORBERTO DE LA RIEST,174
2026-04-14,BUENOS AIRES,PERGAMINO,650
2026-04-14,BUENOS AIRES,RAUCH,210
2026-04-14,BUENOS AIRES,ROJAS,250
2026-04-14,BUENOS AIRES,ROQUE PEREZ,300
2026-04-14,BUENOS AIRES,SALADILLO,120
2026-04-14,BUENOS AIRES,SALLIQUELO,270
2026-04-14,BUENOS AIRES,SALTO,300
2026-04-14,BUENOS AIRES,SAN NICOLAS,60
2026-04-14,BUENOS AIRES,SAN PEDRO,180
2026-04-14,BUENOS AIRES,SANSINENA,73
2026-04-14,BUENOS AIRES,TRENQUE LAUQUEN,1307
2026-04-14,BUENOS AIRES,TRES ALGARROBOS,42
2026-04-14,BUENOS AIRES,TRES ARROYOS,2680
2026-04-14,BUENOS AIRES,VEDIA,330
2026-04-14,CIUDAD AUTÓNOMA DE BUENOS AIRES,CAPITAL FEDERAL,2212
2026-04-14,CÓRDOBA,ALEJO LEDESMA,117
2026-04-14,CÓRDOBA,ANTONIO CATALANO,600
2026-04-14,CÓRDOBA,ARIAS,50
2026-04-14,CÓRDOBA,ARROYITO,126
2026-04-14,CÓRDOBA,BELL VILLE,1517
2026-04-14,CÓRDOBA,CAVANAGH,90
2026-04-14,CÓRDOBA,COLONIA ALMADA,135
2026-04-14,CÓRDOBA,COLONIA SILVIO PELLI,32
2026-04-14,CÓRDOBA,CORONEL MOLDES,22
2026-04-14,CÓRDOBA,COSTA SACATE,90
2026-04-14,CÓRDOBA,DEVOTO,13
2026-04-14,CÓRDOBA,GENERAL BALDISSERA,200
2026-04-14,CÓRDOBA,GENERAL CABRERA,270
2026-04-14,CÓRDOBA,GENERAL LEVALLE,410
2026-04-14,CÓRDOBA,GUATIMOZIN,90
2026-04-14,CÓRDOBA,HERNANDO,1536
2026-04-14,CÓRDOBA,IMPIRA,17
2026-04-14,CÓRDOBA,INRIVILLE,122
2026-04-14,CÓRDOBA,ISLA VERDE (DPTO. MA,1000
2026-04-14,CÓRDOBA,JESUS MARIA,378
2026-04-14,CÓRDOBA,JUSTINIANO POSSE,760
2026-04-14,CÓRDOBA,LA CARLOTA,149
2026-04-14,CÓRDOBA,LA FRANCIA,18
2026-04-14,CÓRDOBA,LA PARA,100
2026-04-14,CÓRDOBA,LA PUERTA (MEDIA NAR,29
2026-04-14,CÓRDOBA,LAS JUNTURAS,4
2026-04-14,CÓRDOBA,LAS VARILLAS,30
2026-04-14,CÓRDOBA,LEGUIZAMON,69
2026-04-14,CÓRDOBA,LEONES,8
2026-04-14,CÓRDOBA,LOS CISNES,241
2026-04-14,CÓRDOBA,LOS CONDORES,3000
2026-04-14,CÓRDOBA,LOS ZORROS,110
2026-04-14,CÓRDOBA,MARCOS JUAREZ,1621
2026-04-14,CÓRDOBA,MATORRALES,11
2026-04-14,CÓRDOBA,MATTALDI,35
2026-04-14,CÓRDOBA,MONTE BUEY,2
2026-04-14,CÓRDOBA,MONTE CRISTO,200
2026-04-14,CÓRDOBA,MONTE MAIZ,100
2026-04-14,CÓRDOBA,NOETINGER,100
2026-04-14,CÓRDOBA,OLIVA,200
2026-04-14,CÓRDOBA,RIO BAMBA,150
2026-04-14,CÓRDOBA,RIO CUARTO,255
2026-04-14,CÓRDOBA,RIO PRIMERO,500
2026-04-14,CÓRDOBA,SAN BASILIO,31
2026-04-14,CÓRDOBA,SAN FRANCISCO (DPTO.,95
2026-04-14,CÓRDOBA,SINSACATE,2000
2026-04-14,CÓRDOBA,TRANSITO,640
2026-04-14,CÓRDOBA,VILLA MARIA (DPTO. G,262
2026-04-14,CÓRDOBA,WENCESLAO ESCALANTE,460
2026-04-14,ENTRE RÍOS,ALDEA MARIA LUISA,500
2026-04-14,ENTRE RÍOS,ARROYO BARU,148
2026-04-14,ENTRE RÍOS,BASAVILBASO,300
2026-04-14,ENTRE RÍOS,COLON,135
2026-04-14,ENTRE RÍOS,COLONIA LA PAZ,95
2026-04-14,ENTRE RÍOS,COLONIA SAGASTUME,92
2026-04-14,ENTRE RÍOS,COLONIA SAN MIGUEL,61
2026-04-14,ENTRE RÍOS,COLONIA SANTA TERESI,129
2026-04-14,ENTRE RÍOS,CONCORDIA,30
2026-04-14,ENTRE RÍOS,DIAMANTE,42
2026-04-14,ENTRE RÍOS,FEDERAL,97
2026-04-14,ENTRE RÍOS,GENERAL CAMPOS,31
2026-04-14,ENTRE RÍOS,GUALEGUAY,360
2026-04-14,ENTRE RÍOS,HASENKAMP,30
2026-04-14,ENTRE RÍOS,LA PAZ,750
2026-04-14,ENTRE RÍOS,MARIA GRANDE,447
2026-04-14,ENTRE RÍOS,NOGOYA,42
2026-04-14,ENTRE RÍOS,NUEVA VIZCAYA,104
2026-04-14,ENTRE RÍOS,PRONUNCIAMIENTO,134
2026-04-14,ENTRE RÍOS,PUEBLO CAZES,219
2026-04-14,ENTRE RÍOS,RAICES,100
2026-04-14,ENTRE RÍOS,SAN MIGUEL,213
2026-04-14,ENTRE RÍOS,TABOSSI,70
2026-04-14,ENTRE RÍOS,URDINARRAIN,1660
2026-04-14,ENTRE RÍOS,VALLE MARIA,90
2026-04-14,ENTRE RÍOS,VIALE,359
2026-04-14,ENTRE RÍOS,VICTORIA,65
2026-04-14,ENTRE RÍOS,VILLA ELISA,157
2026-04-14,ENTRE RÍOS,VILLAGUAY,99
2026-04-14,LA PAMPA,BERNARDO LARROUDE,1360
2026-04-14,LA PAMPA,CATRILO,300
2026-04-14,LA PAMPA,DORILA,1000
2026-04-14,SALTA,LAS LAJITAS,2300
2026-04-14,SALTA,METAN,2000
2026-04-14,SALTA,PIQUETE CABADO,4000
2026-04-14,SALTA,SALTA,1000
2026-04-14,SALTA,SAN RAMON DE LA NUEV,1600
2026-04-14,SAN LUIS,ALFALAND,83
2026-04-14,SAN LUIS,AVANZADA,89
2026-04-14,SAN LUIS,LA CUMBRE (SAN LUIS-,278
2026-04-14,SANTA FE,ALCORTA DTO CONSTITU,60
2026-04-14,SANTA FE,ALVAREZ,30
2026-04-14,SANTA FE,AMENABAR,127
2026-04-14,SANTA FE,ARMSTRONG,1616
2026-04-14,SANTA FE,ARROYO SECO,93
2026-04-14,SANTA FE,BARRANCAS,60
2026-04-14,SANTA FE,BERNARDO DE IRIGOYEN,210
2026-04-14,SANTA FE,BIGAND,60
2026-04-14,SANTA FE,BOUQUET,361
2026-04-14,SANTA FE,BUSTINZA,24
2026-04-14,SANTA FE,CARLOS PELLEGRINI,12
2026-04-14,SANTA FE,CARRERAS,60
2026-04-14,SANTA FE,CASILDA,30
2026-04-14,SANTA FE,CAÑADA ROSQUIN,13
2026-04-14,SANTA FE,CHABAS,310
2026-04-14,SANTA FE,CHAPUY,2300
2026-04-14,SANTA FE,CHAÑAR LADEADO,3
2026-04-14,SANTA FE,ELORTONDO,400
2026-04-14,SANTA FE,ESMERALDA,550
2026-04-14,SANTA FE,GALVEZ,44
2026-04-14,SANTA FE,GENERAL GELLY,145
2026-04-14,SANTA FE,GOBERNADOR CRESPO,73
2026-04-14,SANTA FE,HUGHES,161
2026-04-14,SANTA FE,IRIGOYEN,230
2026-04-14,SANTA FE,JUNCAL,450
2026-04-14,SANTA FE,LAS PAREJAS,101
2026-04-14,SANTA FE,LAS PETACAS,24
2026-04-14,SANTA FE,LAS ROSAS,420
2026-04-14,SANTA FE,MAGGIOLO,1032
2026-04-14,SANTA FE,MARIA JUANA,3315
2026-04-14,SANTA FE,MARIA SUSANA,60
2026-04-14,SANTA FE,MONJE,600
2026-04-14,SANTA FE,MONTES DE OCA,300
2026-04-14,SANTA FE,PAZ,480
2026-04-14,SANTA FE,PEYRANO,480
2026-04-14,SANTA FE,PILAR,600
2026-04-14,SANTA FE,PUERTO GRAL SAN MARTIN,700
2026-04-14,SANTA FE,RAFAELA,1231
2026-04-14,SANTA FE,ROSARIO,210
2026-04-14,SANTA FE,RUFINO,25
2026-04-14,SANTA FE,SALADERO M. CABAL,60
2026-04-14,SANTA FE,SAN CARLOS CENTRO,125
2026-04-14,SANTA FE,SAN EDUARDO,50
2026-04-14,SANTA FE,SAN GREGORIO,13
2026-04-14,SANTA FE,SAN JERONIMO SUD,130
2026-04-14,SANTA FE,SAN JORGE,70
2026-04-14,SANTA FE,SAN JUSTO,111
2026-04-14,SANTA FE,SAN LORENZO,3090
2026-04-14,SANTA FE,SAN MARCOS DE VENADO,1300
2026-04-14,SANTA FE,SAN MARTIN DE LAS ES,27000
2026-04-14,SANTA FE,SANCTI SPIRITU,240
2026-04-14,SANTA FE,SANTA FE,2500
2026-04-14,SANTA FE,SARGENTO CABRAL,32
2026-04-14,SANTA FE,SUNCHALES,37
2026-04-14,SANTA FE,TEODELINA,35
2026-04-14,SANTA FE,TOTORAS,50
2026-04-14,SANTA FE,VENADO TUERTO,5474
2026-04-14,SANTA FE,VILLA CAÑAS,800
2026-04-14,SANTA FE,VILLA TRINIDAD,17
2026-04-14,SANTA FE,ZENON PEREYRA,31
2026-04-15,BUENOS AIRES,9 DE JULIO,60
2026-04-15,BUENOS AIRES,ALBERTI,60
2026-04-15,BUENOS AIRES,APARICIO,810
2026-04-15,BUENOS AIRES,ARRECIFES,532
2026-04-15,BUENOS AIRES,ARRIBEÑOS,360
2026-04-15,BUENOS AIRES,ASCENSION,3000
2026-04-15,BUENOS AIRES,AZUL,1100
2026-04-15,BUENOS AIRES,BAHIA BLANCA,500
2026-04-15,BUENOS AIRES,BAIGORRITA,150
2026-04-15,BUENOS AIRES,BALNEARIO CLAROMECO,10000
2026-04-15,BUENOS AIRES,BARRIO ACEVEDO,475
2026-04-15,BUENOS AIRES,BARRIO JARDIN,10000
2026-04-15,BUENOS AIRES,BORDENAVE,150
2026-04-15,BUENOS AIRES,BRAGADO,330
2026-04-15,BUENOS AIRES,CARABELAS,210
2026-04-15,BUENOS AIRES,CARHUE,1500
2026-04-15,BUENOS AIRES,CARLOS CASARES,15000
2026-04-15,BUENOS AIRES,CARMEN DE ARECO,4
2026-04-15,BUENOS AIRES,CAÑADA MARIANO (EMBA,1110
2026-04-15,BUENOS AIRES,CHACABUCO,2700
2026-04-15,BUENOS AIRES,CHIVILCOY,339
2026-04-15,BUENOS AIRES,CLAUDIO C. MOLINA,1500
2026-04-15,BUENOS AIRES,COLON,282
2026-04-15,BUENOS AIRES,CORONEL DORREGO,340
2026-04-15,BUENOS AIRES,CORONEL PRINGLES,500
2026-04-15,BUENOS AIRES,DAIREAUX,400
2026-04-15,BUENOS AIRES,DARREGUEIRA,1400
2026-04-15,BUENOS AIRES,GONZALES CHAVES,8450
2026-04-15,BUENOS AIRES,JUNIN,65
2026-04-15,BUENOS AIRES,LARTIGAU,1090
2026-04-15,BUENOS AIRES,LINCOLN,5115
2026-04-15,BUENOS AIRES,LOS TOLDOS,309
2026-04-15,BUENOS AIRES,MANUEL ALBERTI (APEA,700
2026-04-15,BUENOS AIRES,MARIANO H. ALFONZO,1000
2026-04-15,BUENOS AIRES,MAZA,3000
2026-04-15,BUENOS AIRES,MICAELA CASCALLARES,500
2026-04-15,BUENOS AIRES,NECOCHEA,600
2026-04-15,BUENOS AIRES,PEDERNALES,390
2026-04-15,BUENOS AIRES,PEHUAJO,3264
2026-04-15,BUENOS AIRES,PERGAMINO,380
2026-04-15,BUENOS AIRES,PIEDRITAS,666
2026-04-15,BUENOS AIRES,PIGUE,80
2026-04-15,BUENOS AIRES,QUEQUEN,1000
2026-04-15,BUENOS AIRES,RAFAEL OBLIGADO,617
2026-04-15,BUENOS AIRES,RAUCH,180
2026-04-15,BUENOS AIRES,ROJAS,2942
2026-04-15,BUENOS AIRES,SALLIQUELO,2500
2026-04-15,BUENOS AIRES,SALTO,1155
2026-04-15,BUENOS AIRES,SAN MIGUEL ARCANGEL,60
2026-04-15,BUENOS AIRES,TANDIL,1090
2026-04-15,BUENOS AIRES,TRENQUE LAUQUEN,3000
2026-04-15,BUENOS AIRES,TRES ARROYOS,2930
2026-04-15,BUENOS AIRES,TRES LOMAS,1000
2026-04-15,BUENOS AIRES,VEDIA,282
2026-04-15,CATAMARCA,PUERTA GRANDE,200
2026-04-15,CHACO,GENERAL PINEDO,140
2026-04-15,CHACO,PAMPA DEL INFIERNO,400
2026-04-15,CHACO,RIO MUERTO,500
2026-04-15,CIUDAD AUTÓNOMA DE BUENOS AIRES,CAPITAL FEDERAL,14822
2026-04-15,CÓRDOBA,ACHIRAS (DPTO. RIO C,30
2026-04-15,CÓRDOBA,ADELIA MARIA,1000
2026-04-15,CÓRDOBA,AGUA DE ORO (VILLA D,450
2026-04-15,CÓRDOBA,ALCIRA,468
2026-04-15,CÓRDOBA,ALEJANDRO ROCA,488
2026-04-15,CÓRDOBA,ALEJO LEDESMA,200
2026-04-15,CÓRDOBA,ALICIA,100
2026-04-15,CÓRDOBA,ARIAS,200
2026-04-15,CÓRDOBA,AVELLANEDA,100
2026-04-15,CÓRDOBA,BELL VILLE,1330
2026-04-15,CÓRDOBA,BENGOLEA,4
2026-04-15,CÓRDOBA,CALCHIN,120
2026-04-15,CÓRDOBA,CANALS,552
2026-04-15,CÓRDOBA,CAPILLA LOS ZORROS,126
2026-04-15,CÓRDOBA,CARRILOBO,190
2026-04-15,CÓRDOBA,CAVANAGH,360
2026-04-15,CÓRDOBA,COLONIA ALMADA,372
2026-04-15,CÓRDOBA,COLONIA ARROYO DE AL,1320
2026-04-15,CÓRDOBA,COLONIA CAROYA,23
2026-04-15,CÓRDOBA,COLONIA MALBERTINA,17
2026-04-15,CÓRDOBA,COLONIA SILVIO PELLI,35
2026-04-15,CÓRDOBA,CORONEL MOLDES,2060
2026-04-15,CÓRDOBA,CORRAL DE BUSTOS,55
2026-04-15,CÓRDOBA,DEL CAMPILLO,2500
2026-04-15,CÓRDOBA,ELENA,2000
2026-04-15,CÓRDOBA,ESTACION CALCHIN,60
2026-04-15,CÓRDOBA,GENERAL BALDISSERA,520
2026-04-15,CÓRDOBA,HERNANDO,255
2026-04-15,CÓRDOBA,HIPOLITO BOUCHARD,200
2026-04-15,CÓRDOBA,HUINCA RENANCO,300
2026-04-15,CÓRDOBA,INRIVILLE,10
2026-04-15,CÓRDOBA,JESUS MARIA,1173
2026-04-15,CÓRDOBA,JUSTINIANO POSSE,452
2026-04-15,CÓRDOBA,LA CARLOTA,99
2026-04-15,CÓRDOBA,LA CESIRA,300
2026-04-15,CÓRDOBA,LA PUERTA (DPTO. RIO,904
2026-04-15,CÓRDOBA,LA PUERTA (MEDIA NAR,101
2026-04-15,CÓRDOBA,LABOULAYE,6745
2026-04-15,CÓRDOBA,LAGUNA LARGA,52
2026-04-15,CÓRDOBA,LAS BAJADAS,100
2026-04-15,CÓRDOBA,LAS PEÑAS SUD,209
2026-04-15,CÓRDOBA,LAS VARILLAS,60
2026-04-15,CÓRDOBA,LOS JAGUELES,30
2026-04-15,CÓRDOBA,LOS ZORROS,647
2026-04-15,CÓRDOBA,MARCOS JUAREZ,1150
2026-04-15,CÓRDOBA,MARULL,105
2026-04-15,CÓRDOBA,MONTE BUEY,60
2026-04-15,CÓRDOBA,MONTE CRISTO,660
2026-04-15,CÓRDOBA,MONTE MAIZ,900
2026-04-15,CÓRDOBA,MORTEROS,1200
2026-04-15,CÓRDOBA,NOETINGER,60
2026-04-15,CÓRDOBA,OBISPO TREJO,37
2026-04-15,CÓRDOBA,PASCANAS,7
2026-04-15,CÓRDOBA,POZO DEL MOLLE (DPTO,18
2026-04-15,CÓRDOBA,RIO CUARTO,2222
2026-04-15,CÓRDOBA,RIO PRIMERO,1220
2026-04-15,CÓRDOBA,RIO SECO (DPTO. RIO,240
2026-04-15,CÓRDOBA,RIO SEGUNDO,22
2026-04-15,CÓRDOBA,RIO TERCERO,2530
2026-04-15,CÓRDOBA,SAIRA,140
2026-04-15,CÓRDOBA,SAN BASILIO,300
2026-04-15,CÓRDOBA,SANTA ROSA DE RIO PR,90
2026-04-15,CÓRDOBA,SINSACATE,1396
2026-04-15,CÓRDOBA,TOTORAL (KILOMETRO 3,400
2026-04-15,CÓRDOBA,VICUÑA MACKENNA,4850
2026-04-15,CÓRDOBA,VILLA DEL TOTORAL,700
2026-04-15,CÓRDOBA,VILLA HUIDOBRO,748
2026-04-15,CÓRDOBA,VILLA VALERIA,100
2026-04-15,CÓRDOBA,VIVERO,30
2026-04-15,CÓRDOBA,WENCESLAO ESCALANTE,213
2026-04-15,ENTRE RÍOS,ALCARAZ 1RO.,101
2026-04-15,ENTRE RÍOS,ALDEA SALTO,17
2026-04-15,ENTRE RÍOS,CASEROS,40
2026-04-15,ENTRE RÍOS,DOMINGUEZ,30
2026-04-15,ENTRE RÍOS,DON CRISTOBAL SEGUND,4
2026-04-15,ENTRE RÍOS,GENERAL RAMIREZ,1000
2026-04-15,ENTRE RÍOS,GOBERNADOR SOLA,65
2026-04-15,ENTRE RÍOS,GUALEGUAY,904
2026-04-15,ENTRE RÍOS,HASENKAMP,197
2026-04-15,ENTRE RÍOS,MACIA,10
2026-04-15,ENTRE RÍOS,VICTORIA,2000
2026-04-15,ENTRE RÍOS,VILLA FONTANA,107
2026-04-15,LA PAMPA,BERNARDO LARROUDE,200
2026-04-15,LA PAMPA,CATRILO,8140
2026-04-15,LA PAMPA,QUEMU-QUEMU,3200
2026-04-15,SALTA,CAMPO DURAN,500
2026-04-15,SALTA,CORONEL MOLLINEDO,500
2026-04-15,SALTA,GENERAL PIZARRO,1500
2026-04-15,SALTA,LAS LAJITAS,2000
2026-04-15,SALTA,MOLLINEDO,1000
2026-04-15,SALTA,RIO DEL VALLE,1500
2026-04-15,SALTA,ROSARIO DE LA FRONTE,240
2026-04-15,SALTA,SALTA,535
2026-04-15,SAN LUIS,AGUA FRIA,118
2026-04-15,SAN LUIS,ALFALAND,151
2026-04-15,SAN LUIS,VILLA MERCEDES,2000
2026-04-15,SANTA FE,AARON CASTELLANOS,1200
2026-04-15,SANTA FE,ACEBAL,4
2026-04-15,SANTA FE,ALVAREZ,60
2026-04-15,SANTA FE,ARMSTRONG,1460
2026-04-15,SANTA FE,ARROYO AGUIAR,13
2026-04-15,SANTA FE,BERNARDO DE IRIGOYEN,60
2026-04-15,SANTA FE,BOMBAL,97
2026-04-15,SANTA FE,BOUQUET,213
2026-04-15,SANTA FE,CARLOS PELLEGRINI,450
2026-04-15,SANTA FE,CARRERAS,125
2026-04-15,SANTA FE,CAÑADA DE GOMEZ,2
2026-04-15,SANTA FE,CAÑADA DEL UCLE,150
2026-04-15,SANTA FE,CHAPUY,1890
2026-04-15,SANTA FE,CORONEL ARNOLD,1945
2026-04-15,SANTA FE,DIAZ,5000
2026-04-15,SANTA FE,ESTACION JOSEFINA,110
2026-04-15,SANTA FE,FIGHIERA,300
2026-04-15,SANTA FE,GOBERNADOR CRESPO,73
2026-04-15,SANTA FE,HUGHES,690
2026-04-15,SANTA FE,IRIGOYEN,1190
2026-04-15,SANTA FE,JUNCAL,480
2026-04-15,SANTA FE,LAS PAREJAS,90
2026-04-15,SANTA FE,LAS ROSAS,581
2026-04-15,SANTA FE,LAZZARINO,500
2026-04-15,SANTA FE,LOMA ALTA,1572
2026-04-15,SANTA FE,LOPEZ,840
2026-04-15,SANTA FE,LOS MOLINOS,300
2026-04-15,SANTA FE,LOS QUIRQUINCHOS,140
2026-04-15,SANTA FE,LUIS PALACIOS,3000
2026-04-15,SANTA FE,MARGARITA,70
2026-04-15,SANTA FE,MARIA JUANA,760
2026-04-15,SANTA FE,MARIA SUSANA,200
2026-04-15,SANTA FE,MARIA TERESA,120
2026-04-15,SANTA FE,MONTES DE OCA,500
2026-04-15,SANTA FE,MURPHY,60
2026-04-15,SANTA FE,PAZ,500
2026-04-15,SANTA FE,PEYRANO,500
2026-04-15,SANTA FE,PILAR,300
2026-04-15,SANTA FE,PUEBLO RAMONA,500
2026-04-15,SANTA FE,PUERTO GRAL SAN MARTIN,300
2026-04-15,SANTA FE,PUJATO,180
2026-04-15,SANTA FE,RAFAELA,800
2026-04-15,SANTA FE,ROSARIO,7060
2026-04-15,SANTA FE,RUFINO,2000
2026-04-15,SANTA FE,SAGUIER,6
2026-04-15,SANTA FE,SAN CARLOS CENTRO,60
2026-04-15,SANTA FE,SAN EDUARDO,200
2026-04-15,SANTA FE,SAN JORGE,500
2026-04-15,SANTA FE,SAN JUSTO,80
2026-04-15,SANTA FE,SAN LORENZO,2200
2026-04-15,SANTA FE,SAN MARCOS DE VENADO,14000
2026-04-15,SANTA FE,SAN VICENTE (DPTO. C,7500
2026-04-15,SANTA FE,SANCTI SPIRITU,60
2026-04-15,SANTA FE,SANTA CLARA,19
2026-04-15,SANTA FE,SANTA EMILIA,450
2026-04-15,SANTA FE,SANTA FE,1500
2026-04-15,SANTA FE,SANTA MARGARITA,1000
2026-04-15,SANTA FE,SUNCHALES,90
2026-04-15,SANTA FE,TEODELINA,612
2026-04-15,SANTA FE,VENADO TUERTO,19596
2026-04-15,SANTA FE,VIDELA,4
2026-04-15,SANTA FE,VILLA CAÑAS,10000
2026-04-15,SANTIAGO DEL ESTERO,AEROLITO,1000
2026-04-15,SANTIAGO DEL ESTERO,AGUSTINA LIBARONA,2000
2026-04-15,SANTIAGO DEL ESTERO,OTUMPA,2000
2026-04-15,SANTIAGO DEL ESTERO,PAMPA DE LOS GUANACO,400
2026-04-15,SANTIAGO DEL ESTERO,QUIMILI,3
2026-04-15,SANTIAGO DEL ESTERO,SACHAYOJ,600
2026-04-15,TUCUMÁN,BURRUYACU,1000
2026-04-16,BUENOS AIRES,ALBERTI,90
2026-04-16,BUENOS AIRES,AMERICA,208
2026-04-16,BUENOS AIRES,ARRECIFES,4700
2026-04-16,BUENOS AIRES,ARRIBEÑOS,405
2026-04-16,BUENOS AIRES,BALCARCE,1100
2026-04-16,BUENOS AIRES,BANDERALO,310
2026-04-16,BUENOS AIRES,BORDENAVE,60
2026-04-16,BUENOS AIRES,BRAGADO,120
2026-04-16,BUENOS AIRES,CARHUE,700
2026-04-16,BUENOS AIRES,CARLOS CASARES,560
2026-04-16,BUENOS AIRES,CARMEN DE ARECO,152
2026-04-16,BUENOS AIRES,CHACABUCO,1000
2026-04-16,BUENOS AIRES,CHIVILCOY,39
2026-04-16,BUENOS AIRES,COLON,260
2026-04-16,BUENOS AIRES,DEL CARRIL,340
2026-04-16,BUENOS AIRES,DUGGAN,102
2026-04-16,BUENOS AIRES,EDMUNDO B. PERKINS,370
2026-04-16,BUENOS AIRES,GENERAL VIAMONTE,1000
2026-04-16,BUENOS AIRES,GENERAL VILLEGAS,500
2026-04-16,BUENOS AIRES,HUANGUELEN,60
2026-04-16,BUENOS AIRES,INGENIERO BALBIN,1000
2026-04-16,BUENOS AIRES,JUAN JOSE PASO,60
2026-04-16,BUENOS AIRES,JUNIN,76
2026-04-16,BUENOS AIRES,LINCOLN,2378
2026-04-16,BUENOS AIRES,LOBERIA,460
2026-04-16,BUENOS AIRES,LOBOS,660
2026-04-16,BUENOS AIRES,LOS TOLDOS,230
2026-04-16,BUENOS AIRES,NECOCHEA,670
2026-04-16,BUENOS AIRES,O HIGGINS,150
2026-04-16,BUENOS AIRES,PEDERNALES,150
2026-04-16,BUENOS AIRES,PEHUAJO,60
2026-04-16,BUENOS AIRES,PERGAMINO,202
2026-04-16,BUENOS AIRES,ROJAS,323
2026-04-16,BUENOS AIRES,SALTO,4168
2026-04-16,BUENOS AIRES,SAN ANTONIO DE ARECO,515
2026-04-16,BUENOS AIRES,TANDIL,60
2026-04-16,BUENOS AIRES,TORNQUIST,180
2026-04-16,BUENOS AIRES,TRENQUE LAUQUEN,1300
2026-04-16,BUENOS AIRES,TRES ARROYOS,210
2026-04-16,BUENOS AIRES,VEDIA,280
2026-04-16,CHACO,GANCEDO,300
2026-04-16,CHACO,HERMOSO CAMPO,70
2026-04-16,CHACO,PAMPA DEL INFIERNO,2000
2026-04-16,CHACO,SAN BERNARDO,56
2026-04-16,CIUDAD AUTÓNOMA DE BUENOS AIRES,CAPITAL FEDERAL,1292
2026-04-16,CÓRDOBA,ADELIA MARIA,1085
2026-04-16,CÓRDOBA,ALCIRA,2
2026-04-16,CÓRDOBA,ALICIA,420
2026-04-16,CÓRDOBA,ARIAS,109
2026-04-16,CÓRDOBA,BELL VILLE,803
2026-04-16,CÓRDOBA,CALCHIN,360
2026-04-16,CÓRDOBA,CAMILO ALDAO,150
2026-04-16,CÓRDOBA,CANALS,35
2026-04-16,CÓRDOBA,CANDELARIA (TOTORAL),390
2026-04-16,CÓRDOBA,CAVANAGH,134
2026-04-16,CÓRDOBA,CHUCUL,120
2026-04-16,CÓRDOBA,COLONIA ALMADA,150
2026-04-16,CÓRDOBA,COLONIA ARROYO DE AL,160
2026-04-16,CÓRDOBA,CORONEL BAIGORRIA,100
2026-04-16,CÓRDOBA,CORONEL MOLDES,1260
2026-04-16,CÓRDOBA,CORRAL DE BUSTOS,73
2026-04-16,CÓRDOBA,COSTA SACATE,180
2026-04-16,CÓRDOBA,DEL CAMPILLO,233
2026-04-16,CÓRDOBA,DIEGO DE ROJAS,30
2026-04-16,CÓRDOBA,EL TIO,37
2026-04-16,CÓRDOBA,ELENA,540
2026-04-16,CÓRDOBA,GUATIMOZIN,1880
2026-04-16,CÓRDOBA,HIPOLITO BOUCHARD,600
2026-04-16,CÓRDOBA,INRIVILLE,40
2026-04-16,CÓRDOBA,ITALO,180
2026-04-16,CÓRDOBA,JESUS MARIA,711
2026-04-16,CÓRDOBA,LA CARLOTA,205
2026-04-16,CÓRDOBA,LA HERRADURA,60
2026-04-16,CÓRDOBA,LA PLAYOSA,37
2026-04-16,CÓRDOBA,LABOULAYE,375
2026-04-16,CÓRDOBA,LOZADA,150
2026-04-16,CÓRDOBA,MARCOS JUAREZ,479
2026-04-16,CÓRDOBA,MATTALDI,2600
2026-04-16,CÓRDOBA,MONTE CRISTO,775
2026-04-16,CÓRDOBA,MONTE MAIZ,100
2026-04-16,CÓRDOBA,NICOLAS BRUZONE,281
2026-04-16,CÓRDOBA,OLIVA,300
2026-04-16,CÓRDOBA,ONCATIVO,60
2026-04-16,CÓRDOBA,POCHO,500
2026-04-16,CÓRDOBA,PORTEÑA,90
2026-04-16,CÓRDOBA,RIO CUARTO,150
2026-04-16,CÓRDOBA,RIO PRIMERO,338
2026-04-16,CÓRDOBA,RIO TERCERO,650
2026-04-16,CÓRDOBA,SAN MARCOS,90
2026-04-16,CÓRDOBA,SERRANO,90
2026-04-16,CÓRDOBA,TRANSITO,320
2026-04-16,CÓRDOBA,VIAMONTE,13
2026-04-16,CÓRDOBA,VICUÑA MACKENNA,2336
2026-04-16,CÓRDOBA,VILLA HUIDOBRO,120
2026-04-16,CÓRDOBA,WENCESLAO ESCALANTE,180
2026-04-16,ENTRE RÍOS,ALDEA SAN ANTONIO,600
2026-04-16,ENTRE RÍOS,COLON,139
2026-04-16,ENTRE RÍOS,COLONIA LA PAZ,97
2026-04-16,ENTRE RÍOS,COLONIA SAGASTUME,97
2026-04-16,ENTRE RÍOS,COLONIA SAN MIGUEL,61
2026-04-16,ENTRE RÍOS,COSTA GRANDE,200
2026-04-16,ENTRE RÍOS,CURTIEMBRE,130
2026-04-16,ENTRE RÍOS,GUALEGUAY,1630
2026-04-16,ENTRE RÍOS,HAMBIS,91
2026-04-16,ENTRE RÍOS,HASENKAMP,30
2026-04-16,ENTRE RÍOS,LA PICADA,58
2026-04-16,ENTRE RÍOS,MARIA GRANDE PRIMERA,205
2026-04-16,ENTRE RÍOS,MOJONES NORTE,60
2026-04-16,ENTRE RÍOS,NOGOYA,400
2026-04-16,ENTRE RÍOS,PASO DE LAS PIEDRAS,52
2026-04-16,ENTRE RÍOS,PRONUNCIAMIENTO,103
2026-04-16,ENTRE RÍOS,PUNTAS DE MOREIRA,25
2026-04-16,ENTRE RÍOS,RAICES ESTE,400
2026-04-16,ENTRE RÍOS,SAN BENITO,25
2026-04-16,ENTRE RÍOS,SAN MIGUEL,125
2026-04-16,ENTRE RÍOS,SEGUI,69
2026-04-16,ENTRE RÍOS,URDINARRAIN,150
2026-04-16,ENTRE RÍOS,VIALE,87
2026-04-16,ENTRE RÍOS,VILLA CLARA,93
2026-04-16,ENTRE RÍOS,VILLA FONTANA,72
2026-04-16,ENTRE RÍOS,VILLA URQUIZA,62
2026-04-16,LA PAMPA,CATRILO,39
2026-04-16,LA PAMPA,GENERAL PICO,30
2026-04-16,LA PAMPA,INTENDENTE ALVEAR,19
2026-04-16,SALTA,LAS LAJITAS,2000
2026-04-16,SALTA,ROSARIO DE LA FRONTE,30
2026-04-16,SAN LUIS,CANDELARIA,300
2026-04-16,SAN LUIS,CIUDAD JARDIN DE SAN,154
2026-04-16,SAN LUIS,LA CUMBRE (SAN LUIS-,247
2026-04-16,SANTA FE,ALCORTA DTO CONSTITU,64
2026-04-16,SANTA FE,AMENABAR,2057
2026-04-16,SANTA FE,BARRANCAS,240
2026-04-16,SANTA FE,BERNARDO DE IRIGOYEN,335
2026-04-16,SANTA FE,BIGAND,17
2026-04-16,SANTA FE,BOMBAL,275
2026-04-16,SANTA FE,BUSTINZA,120
2026-04-16,SANTA FE,CARMEN,90
2026-04-16,SANTA FE,CAÑADA DE GOMEZ,41
2026-04-16,SANTA FE,CHAPUY,2280
2026-04-16,SANTA FE,CHAÑAR LADEADO,100
2026-04-16,SANTA FE,CLUCELLAS,30
2026-04-16,SANTA FE,COLONIA CELLO,1
2026-04-16,SANTA FE,ESMERALDA,61
2026-04-16,SANTA FE,FUENTES,29
2026-04-16,SANTA FE,GALVEZ,300
2026-04-16,SANTA FE,GOBERNADOR CRESPO,160
2026-04-16,SANTA FE,HUGHES,100
2026-04-16,SANTA FE,"HUMBERTO I""",148
2026-04-16,SANTA FE,IBARLUCEA,70
2026-04-16,SANTA FE,LA CALIFORNIA,62
2026-04-16,SANTA FE,LANTERI,182
2026-04-16,SANTA FE,LAS PAREJAS,119
2026-04-16,SANTA FE,LAS PETACAS,90
2026-04-16,SANTA FE,LUIS PALACIOS,3000
2026-04-16,SANTA FE,MARGARITA,116
2026-04-16,SANTA FE,MARIA JUANA,21000
2026-04-16,SANTA FE,MONTES DE OCA,390
2026-04-16,SANTA FE,MURPHY,24
2026-04-16,SANTA FE,PROGRESO,64
2026-04-16,SANTA FE,PUEBLO RAMONA,360
2026-04-16,SANTA FE,PUERTO GRAL SAN MARTIN,200
2026-04-16,SANTA FE,RAFAELA,1000
2026-04-16,SANTA FE,ROLDAN,63
2026-04-16,SANTA FE,ROSARIO,756
2026-04-16,SANTA FE,RUFINO,167
2026-04-16,SANTA FE,SAN CARLOS CENTRO,150
2026-04-16,SANTA FE,SAN EDUARDO,30
2026-04-16,SANTA FE,SAN JORGE,70
2026-04-16,SANTA FE,SAN JUSTO,28
2026-04-16,SANTA FE,SAN LORENZO,7626
2026-04-16,SANTA FE,SAN MARCOS DE VENADO,7454
2026-04-16,SANTA FE,SANTA CLARA,25
2026-04-16,SANTA FE,SANTA CLARA DE BUENA,300
2026-04-16,SANTA FE,SANTA FE,60
2026-04-16,SANTA FE,SANTO DOMINGO,598
2026-04-16,SANTA FE,VENADO TUERTO,4818
2026-04-16,SANTA FE,VIDELA,5
2026-04-16,SANTA FE,VILA,22
2026-04-16,SANTA FE,VILLA TRINIDAD,500
2026-04-16,SANTA FE,WHEELWRIGHT,298
2026-04-16,SANTA FE,ZAVALLA,90
2026-04-16,SANTIAGO DEL ESTERO,AGUA AMARGA,300
2026-04-16,SANTIAGO DEL ESTERO,BANDERA,79
2026-04-16,SANTIAGO DEL ESTERO,FRIAS,90
2026-04-16,SANTIAGO DEL ESTERO,GUASAYAN,2000
2026-04-16,SANTIAGO DEL ESTERO,LA FRAGUA,500
2026-04-16,SANTIAGO DEL ESTERO,LOS JURIES,105
2026-04-16,SANTIAGO DEL ESTERO,SANTIAGO DEL ESTERO,30
2026-04-16,TUCUMÁN,LA CRUZ,500
2026-04-16,TUCUMÁN,SAN MIGUEL (DPTO. CR,1000
2026-04-17,BUENOS AIRES,25 DE MAYO,180
2026-04-17,BUENOS AIRES,ALBERTI,370
2026-04-17,BUENOS AIRES,ARRIBEÑOS,694
2026-04-17,BUENOS AIRES,ASCENSION,2000
2026-04-17,BUENOS AIRES,BANDERALO,120
2026-04-17,BUENOS AIRES,BRAGADO,660
2026-04-17,BUENOS AIRES,CARABELAS,40
2026-04-17,BUENOS AIRES,CARHUE,180
2026-04-17,BUENOS AIRES,CARLOS CASARES,1600
2026-04-17,BUENOS AIRES,CAÑADA SECA,200
2026-04-17,BUENOS AIRES,CHILLAR,30
2026-04-17,BUENOS AIRES,CHIVILCOY,220
2026-04-17,BUENOS AIRES,CORONEL DORREGO,770
2026-04-17,BUENOS AIRES,DARREGUEIRA,400
2026-04-17,BUENOS AIRES,DEL CARRIL,394
2026-04-17,BUENOS AIRES,GENERAL VILLEGAS,30
2026-04-17,BUENOS AIRES,JUNIN,191
2026-04-17,BUENOS AIRES,LINCOLN,1504
2026-04-17,BUENOS AIRES,LOBOS,60
2026-04-17,BUENOS AIRES,MANUEL JOSE GARCIA,110
2026-04-17,BUENOS AIRES,MARIANO H. ALFONZO,1700
2026-04-17,BUENOS AIRES,MERCEDES,60
2026-04-17,BUENOS AIRES,MICAELA CASCALLARES,500
2026-04-17,BUENOS AIRES,NECOCHEA,1450
2026-04-17,BUENOS AIRES,O HIGGINS,60
2026-04-17,BUENOS AIRES,PEDERNALES,60
2026-04-17,BUENOS AIRES,PEHUAJO,1200
2026-04-17,BUENOS AIRES,PERGAMINO,30
2026-04-17,BUENOS AIRES,PUEBLO NUEVO (JUNIN),240
2026-04-17,BUENOS AIRES,RANCAGUA,120
2026-04-17,BUENOS AIRES,ROJAS,763
2026-04-17,BUENOS AIRES,SALADILLO,1100
2026-04-17,BUENOS AIRES,SALTO,1450
2026-04-17,BUENOS AIRES,SAN ANDRES DE GILES,12
2026-04-17,BUENOS AIRES,SAN FRANCISCO DE BEL,60
2026-04-17,BUENOS AIRES,SAN MIGUEL DEL MONTE,480
2026-04-17,BUENOS AIRES,SUIPACHA,60
2026-04-17,BUENOS AIRES,TORNQUIST,210
2026-04-17,BUENOS AIRES,TRES ARROYOS,1800
2026-04-17,BUENOS AIRES,VEDIA,582
2026-04-17,CHACO,CERRITO,1800
2026-04-17,CIUDAD AUTÓNOMA DE BUENOS AIRES,CAPITAL FEDERAL,5563
2026-04-17,CORRIENTES,MERCEDES,30
2026-04-17,CÓRDOBA,ABBURRA,600
2026-04-17,CÓRDOBA,ADELIA MARIA,94
2026-04-17,CÓRDOBA,ALEJO LEDESMA,300
2026-04-17,CÓRDOBA,ARIAS,341
2026-04-17,CÓRDOBA,ARROYITO,200
2026-04-17,CÓRDOBA,BALLESTEROS SUD,600
2026-04-17,CÓRDOBA,BELL VILLE,1000
2026-04-17,CÓRDOBA,CANALS,90
2026-04-17,CÓRDOBA,CAPILLA DE REMEDIOS,63
2026-04-17,CÓRDOBA,COLONIA CRISTINA,34
2026-04-17,CÓRDOBA,COLONIA MARINA,20
2026-04-17,CÓRDOBA,CORONEL MOLDES,133
2026-04-17,CÓRDOBA,CORRAL DE BUSTOS,81
2026-04-17,CÓRDOBA,DEVOTO,54
2026-04-17,CÓRDOBA,EL FORTIN,300
2026-04-17,CÓRDOBA,FREYRE,105
2026-04-17,CÓRDOBA,GENERAL CABRERA,240
2026-04-17,CÓRDOBA,GENERAL LEVALLE,243
2026-04-17,CÓRDOBA,GUATIMOZIN,20
2026-04-17,CÓRDOBA,HERNANDO,60
2026-04-17,CÓRDOBA,HUINCA RENANCO,27
2026-04-17,CÓRDOBA,INRIVILLE,230
2026-04-17,CÓRDOBA,JESUS MARIA,2
2026-04-17,CÓRDOBA,JUSTINIANO POSSE,263
2026-04-17,CÓRDOBA,LA CESIRA,300
2026-04-17,CÓRDOBA,LABOULAYE,2020
2026-04-17,CÓRDOBA,LAGUNA LARGA,129
2026-04-17,CÓRDOBA,LAS VARILLAS,150
2026-04-17,CÓRDOBA,LECUEDER,90
2026-04-17,CÓRDOBA,LEONES,25
2026-04-17,CÓRDOBA,LOS CISNES,3000
2026-04-17,CÓRDOBA,LUQUE,100
2026-04-17,CÓRDOBA,MARCOS JUAREZ,978
2026-04-17,CÓRDOBA,MATTALDI,500
2026-04-17,CÓRDOBA,MONTE BUEY,13
2026-04-17,CÓRDOBA,MONTE CRISTO,150
2026-04-17,CÓRDOBA,MONTE MAIZ,130
2026-04-17,CÓRDOBA,NICOLAS BRUZONE,400
2026-04-17,CÓRDOBA,NOETINGER,120
2026-04-17,CÓRDOBA,ONCATIVO,33
2026-04-17,CÓRDOBA,ORDOÑEZ,189
2026-04-17,CÓRDOBA,PLAZA SAN FRANCISCO,12
2026-04-17,CÓRDOBA,PORTEÑA,225
2026-04-17,CÓRDOBA,PUEBLO ITALIANO,100
2026-04-17,CÓRDOBA,RIO CUARTO,410
2026-04-17,CÓRDOBA,RIO PRIMERO,626
2026-04-17,CÓRDOBA,RIO TERCERO,526
2026-04-17,CÓRDOBA,SINSACATE,300
2026-04-17,CÓRDOBA,TRANSITO,90
2026-04-17,CÓRDOBA,VICUÑA MACKENNA,229
2026-04-17,CÓRDOBA,VILLA ASCASUBI,240
2026-04-17,CÓRDOBA,VILLA DEL ROSARIO,30
2026-04-17,CÓRDOBA,VILLA MARIA (JESUS M,60
2026-04-17,CÓRDOBA,VILLA SANTA ROSA,36
2026-04-17,CÓRDOBA,WENCESLAO ESCALANTE,75
2026-04-17,ENTRE RÍOS,COLONIA CENTENARIO (,102
2026-04-17,ENTRE RÍOS,COLONIA SAN MIGUEL,63
2026-04-17,ENTRE RÍOS,COLONIA SANTA ROSA,31
2026-04-17,ENTRE RÍOS,CONCORDIA,210
2026-04-17,ENTRE RÍOS,CRESPO,869
2026-04-17,ENTRE RÍOS,DIAMANTE,46
2026-04-17,ENTRE RÍOS,GENERAL GALARZA,300
2026-04-17,ENTRE RÍOS,GOBERNADOR MANSILLA,174
2026-04-17,ENTRE RÍOS,GOBERNADOR SOLA,30
2026-04-17,ENTRE RÍOS,GUALEGUAY,2240
2026-04-17,ENTRE RÍOS,GUALEGUAYCHU,150
2026-04-17,ENTRE RÍOS,LA PAZ,31
2026-04-17,ENTRE RÍOS,LARROQUE,270
2026-04-17,ENTRE RÍOS,MONTOYA (NOGOYA-DPTO,153
2026-04-17,ENTRE RÍOS,NOGOYA,200
2026-04-17,ENTRE RÍOS,VIALE,28
2026-04-17,ENTRE RÍOS,VILLA FONTANA,1721
2026-04-17,ENTRE RÍOS,VILLAGUAY,409
2026-04-17,LA PAMPA,CATRILO,1900
2026-04-17,LA PAMPA,GENERAL PICO,200
2026-04-17,SALTA,SALTA,449
2026-04-17,SAN LUIS,CAÑADA QUEMADA (LUJA,60
2026-04-17,SAN LUIS,JUAN JORBA,279
2026-04-17,SAN LUIS,LAS PALMAS,317
2026-04-17,SANTA FE,ARMSTRONG,100
2026-04-17,SANTA FE,AROCENA,512
2026-04-17,SANTA FE,ARROYO AGUIAR,30
2026-04-17,SANTA FE,ARROYO SECO,500
2026-04-17,SANTA FE,BARRANCAS,30
2026-04-17,SANTA FE,BIGAND,60
2026-04-17,SANTA FE,BUSTINZA,60
2026-04-17,SANTA FE,CARRERAS,428
2026-04-17,SANTA FE,CASILDA,9
2026-04-17,SANTA FE,CAÑADA DE GOMEZ,21
2026-04-17,SANTA FE,CHAPUY,1510
2026-04-17,SANTA FE,DIAZ,1000
2026-04-17,SANTA FE,IRIGOYEN,370
2026-04-17,SANTA FE,JUNCAL,542
2026-04-17,SANTA FE,LANDETA,14
2026-04-17,SANTA FE,LAS ROSAS,1010
2026-04-17,SANTA FE,LOS MOLINOS,300
2026-04-17,SANTA FE,MACIEL,30
2026-04-17,SANTA FE,MARIA SUSANA,400
2026-04-17,SANTA FE,MONTES DE OCA,500
2026-04-17,SANTA FE,PAZ,620
2026-04-17,SANTA FE,PUJATO,120
2026-04-17,SANTA FE,RECREO,30
2026-04-17,SANTA FE,SAN EDUARDO,31
2026-04-17,SANTA FE,SAN JUSTO,87
2026-04-17,SANTA FE,SAN LORENZO,510
2026-04-17,SANTA FE,SAN MARCOS DE VENADO,2000
2026-04-17,SANTA FE,SANCTI SPIRITU,11
2026-04-17,SANTA FE,SANTA EMILIA,1100
2026-04-17,SANTA FE,SANTA FE,90
2026-04-17,SANTA FE,SANTA ISABEL,300
2026-04-17,SANTA FE,SARGENTO CABRAL,23
2026-04-17,SANTA FE,TEODELINA,400
2026-04-17,SANTA FE,URANGA,55
2026-04-17,SANTA FE,VENADO TUERTO,1819
2026-04-17,SANTA FE,VILLA CAÑAS,403
2026-04-17,SANTIAGO DEL ESTERO,BANDERA,300
2026-04-17,SANTIAGO DEL ESTERO,JIMENEZ,120
2026-04-17,SANTIAGO DEL ESTERO,QUIMILI,29
2026-04-17,SANTIAGO DEL ESTERO,SANTIAGO DEL ESTERO,60
2026-04-17,TUCUMÁN,POZO LARGO,500
2026-04-18,CÓRDOBA,COLONIA LA TORDILLA,70
2026-04-18,CÓRDOBA,LAS VARILLAS,90
2026-04-18,CÓRDOBA,VILLA MARIA (JESUS M,30
2026-04-18,ENTRE RÍOS,EL POTRERO,71
2026-04-18,ENTRE RÍOS,PEHUAJO NORTE,344
2026-04-18,ENTRE RÍOS,ROSARIO DEL TALA,14
2026-04-18,ENTRE RÍOS,VILLA SAN MARCIAL,152
2026-04-20,BUENOS AIRES,9 DE JULIO,60
2026-04-20,BUENOS AIRES,ABBOTT,60
2026-04-20,BUENOS AIRES,ALBERTI,1050
2026-04-20,BUENOS AIRES,AMERICA,370
2026-04-20,BUENOS AIRES,ARRECIFES,530
2026-04-20,BUENOS AIRES,ARRIBEÑOS,130
2026-04-20,BUENOS AIRES,ASCENSION,2000
2026-04-20,BUENOS AIRES,BANDERALO,600
2026-04-20,BUENOS AIRES,BOLIVAR,88
2026-04-20,BUENOS AIRES,BRAGADO,2600
2026-04-20,BUENOS AIRES,CARHUE,120
2026-04-20,BUENOS AIRES,CAÑADA SECA,113
2026-04-20,BUENOS AIRES,CAÑUELAS,180
2026-04-20,BUENOS AIRES,CHIVILCOY,468
2026-04-20,BUENOS AIRES,CLAUDIO C. MOLINA,150
2026-04-20,BUENOS AIRES,COLON,40
2026-04-20,BUENOS AIRES,CORONEL GRANADA,1909
2026-04-20,BUENOS AIRES,CORONEL PRINGLES,1200
2026-04-20,BUENOS AIRES,CORONEL SUAREZ,60
2026-04-20,BUENOS AIRES,DAIREAUX,270
2026-04-20,BUENOS AIRES,FONTEZUELA,4
2026-04-20,BUENOS AIRES,GENERAL PINTO,120
2026-04-20,BUENOS AIRES,GENERAL VILLEGAS,500
2026-04-20,BUENOS AIRES,GONZALES CHAVES,1500
2026-04-20,BUENOS AIRES,JUNIN,702
2026-04-20,BUENOS AIRES,LINCOLN,1070
2026-04-20,BUENOS AIRES,LOBERIA,120
2026-04-20,BUENOS AIRES,LOBOS,330
2026-04-20,BUENOS AIRES,LOS TOLDOS,793
2026-04-20,BUENOS AIRES,MANUEL OCAMPO,141
2026-04-20,BUENOS AIRES,MARIANO H. ALFONZO,400
2026-04-20,BUENOS AIRES,NECOCHEA,450
2026-04-20,BUENOS AIRES,NORBERTO DE LA RIEST,300
2026-04-20,BUENOS AIRES,PERGAMINO,135
2026-04-20,BUENOS AIRES,QUEQUEN,3000
2026-04-20,BUENOS AIRES,RAFAEL OBLIGADO,126
2026-04-20,BUENOS AIRES,ROJAS,1375
2026-04-20,BUENOS AIRES,SALADILLO,60
2026-04-20,BUENOS AIRES,SAN ANTONIO DE ARECO,183
2026-04-20,BUENOS AIRES,TRENQUE LAUQUEN,1300
2026-04-20,BUENOS AIRES,TRES ARROYOS,265
2026-04-20,BUENOS AIRES,VEDIA,259
2026-04-20,CHACO,PAMPA DEL INFIERNO,2000
2026-04-20,CHACO,RIO MUERTO,450
2026-04-20,CIUDAD AUTÓNOMA DE BUENOS AIRES,CAPITAL FEDERAL,5193
2026-04-20,CÓRDOBA,ALEJO LEDESMA,100
2026-04-20,CÓRDOBA,ARROYITO,479
2026-04-20,CÓRDOBA,ARROYO ALGODON,120
2026-04-20,CÓRDOBA,ARROYO CABRAL,24
2026-04-20,CÓRDOBA,BALLESTEROS SUD,600
2026-04-20,CÓRDOBA,BELL VILLE,1860
2026-04-20,CÓRDOBA,CANALS,24
2026-04-20,CÓRDOBA,COLONIA EL MILAGRO,20
2026-04-20,CÓRDOBA,COLONIA EL TRABAJO,59
2026-04-20,CÓRDOBA,COLONIA TIROLESA,37
2026-04-20,CÓRDOBA,CORONEL BAIGORRIA,275
2026-04-20,CÓRDOBA,CORRAL DE BUSTOS,70
2026-04-20,CÓRDOBA,ETRURIA,95
2026-04-20,CÓRDOBA,GENERAL BALDISSERA,207
2026-04-20,CÓRDOBA,GENERAL CABRERA,90
2026-04-20,CÓRDOBA,GENERAL LEVALLE,46
2026-04-20,CÓRDOBA,GUATIMOZIN,160
2026-04-20,CÓRDOBA,HERNANDO,120
2026-04-20,CÓRDOBA,HUANCHILLA,10
2026-04-20,CÓRDOBA,JESUS MARIA,240
2026-04-20,CÓRDOBA,JOVITA,197
2026-04-20,CÓRDOBA,JUSTINIANO POSSE,2997
2026-04-20,CÓRDOBA,LA CARLOTA,48
2026-04-20,CÓRDOBA,LA INVERNADA,180
2026-04-20,CÓRDOBA,LA PUERTA (DPTO. RIO,140
2026-04-20,CÓRDOBA,LA TORDILLA NORTE,120
2026-04-20,CÓRDOBA,LABOULAYE,505
2026-04-20,CÓRDOBA,LOS ZORROS,210
2026-04-20,CÓRDOBA,LUQUE,21
2026-04-20,CÓRDOBA,MARCOS JUAREZ,650
2026-04-20,CÓRDOBA,MATORRALES,605
2026-04-20,CÓRDOBA,MONTE MAIZ,5020
2026-04-20,CÓRDOBA,MORRISON,73
2026-04-20,CÓRDOBA,NICOLAS BRUZONE,400
2026-04-20,CÓRDOBA,ORDOÑEZ,36
2026-04-20,CÓRDOBA,PASCANAS,643
2026-04-20,CÓRDOBA,PORTEÑA,300
2026-04-20,CÓRDOBA,RIO CUARTO,693
2026-04-20,CÓRDOBA,RIO PRIMERO,446
2026-04-20,CÓRDOBA,SAN BASILIO,471
2026-04-20,CÓRDOBA,SAN FRANCISCO (DPTO.,710
2026-04-20,CÓRDOBA,SAN MARCOS SUD,53
2026-04-20,CÓRDOBA,SINSACATE,300
2026-04-20,CÓRDOBA,VILLA ASCASUBI,60
2026-04-20,CÓRDOBA,VILLA DEL ROSARIO,60
2026-04-20,CÓRDOBA,WENCESLAO ESCALANTE,450
2026-04-20,ENTRE RÍOS,ALDEA SAN ANTONIO,59
2026-04-20,ENTRE RÍOS,ARROYO LAS TUNAS,33
2026-04-20,ENTRE RÍOS,CHAÑAR FELICIANO,7
2026-04-20,ENTRE RÍOS,CRESPO,4026
2026-04-20,ENTRE RÍOS,DIAMANTE,30
2026-04-20,ENTRE RÍOS,GOBERNADOR SOLA,500
2026-04-20,ENTRE RÍOS,GUALEGUAY,120
2026-04-20,ENTRE RÍOS,HASENKAMP,90
2026-04-20,ENTRE RÍOS,HERRERA,213
2026-04-20,ENTRE RÍOS,LA PAZ,1000
2026-04-20,ENTRE RÍOS,LARROQUE,291
2026-04-20,ENTRE RÍOS,MOJONES SUD,254
2026-04-20,ENTRE RÍOS,PEHUAJO NORTE,35
2026-04-20,ENTRE RÍOS,RAICES OESTE,150
2026-04-20,ENTRE RÍOS,URDINARRAIN,266
2026-04-20,ENTRE RÍOS,VALLE MARIA,450
2026-04-20,ENTRE RÍOS,VIALE,146
2026-04-20,ENTRE RÍOS,VICTORIA,1733
2026-04-20,ENTRE RÍOS,VILLA FONTANA,34
2026-04-20,ENTRE RÍOS,VILLA SAN JUSTO,32
2026-04-20,ENTRE RÍOS,VILLA SAN MARCIAL,952
2026-04-20,ENTRE RÍOS,VILLAGUAY,120
2026-04-20,LA PAMPA,CORONEL HILARIO LAGO,140
2026-04-20,LA PAMPA,GENERAL PICO,30
2026-04-20,SALTA,JOAQUIN V. GONZALEZ,500
2026-04-20,SALTA,LAS LAJITAS,300
2026-04-20,SAN LUIS,CAÑADA QUEMADA (LUJA,31
2026-04-20,SAN LUIS,JUAN JORBA,220
2026-04-20,SAN LUIS,LAS PALMAS,91
2026-04-20,SAN LUIS,VILLA MERCEDES,500
2026-04-20,SANTA FE,ALBARELLOS,143
2026-04-20,SANTA FE,ARMSTRONG,1527
2026-04-20,SANTA FE,BARRANCAS,60
2026-04-20,SANTA FE,BERNARDO DE IRIGOYEN,30
2026-04-20,SANTA FE,BIGAND,10000
2026-04-20,SANTA FE,BOUQUET,150
2026-04-20,SANTA FE,CAMPO QUIRNO,280
2026-04-20,SANTA FE,CARCARAÑA,510
2026-04-20,SANTA FE,CARRERAS,30
2026-04-20,SANTA FE,CASILDA,96
2026-04-20,SANTA FE,CAÑADA DEL UCLE,150
2026-04-20,SANTA FE,CENTENO,120
2026-04-20,SANTA FE,CHAPUY,300
2026-04-20,SANTA FE,CLUCELLAS,30
2026-04-20,SANTA FE,FRANCK,12
2026-04-20,SANTA FE,GALVEZ,5
2026-04-20,SANTA FE,GOBERNADOR CRESPO,30
2026-04-20,SANTA FE,HUGHES,196
2026-04-20,SANTA FE,"HUMBERTO I""",14
2026-04-20,SANTA FE,HUMBOLDT,2
2026-04-20,SANTA FE,IRIGOYEN,390
2026-04-20,SANTA FE,JUNCAL,300
2026-04-20,SANTA FE,LOGROÑO,49
2026-04-20,SANTA FE,LOS MOLINOS,500
2026-04-20,SANTA FE,LUIS PALACIOS,500
2026-04-20,SANTA FE,MAGGIOLO,475
2026-04-20,SANTA FE,MARIA JUANA,10295
2026-04-20,SANTA FE,MONJE,250
2026-04-20,SANTA FE,MURPHY,390
2026-04-20,SANTA FE,PUJATO,360
2026-04-20,SANTA FE,RICARDONE,31
2026-04-20,SANTA FE,ROLDAN,33
2026-04-20,SANTA FE,ROSARIO,4240
2026-04-20,SANTA FE,SAN JOSE DE LA ESQUI,30
2026-04-20,SANTA FE,SAN LORENZO,2136
2026-04-20,SANTA FE,SAN MARCOS DE VENADO,8500
2026-04-20,SANTA FE,SANTA FE,1000
2026-04-20,SANTA FE,SANTO DOMINGO,90
2026-04-20,SANTA FE,VENADO TUERTO,6096
2026-04-20,SANTA FE,VIDELA,2
2026-04-20,SANTIAGO DEL ESTERO,CORONEL MANUEL LEONC,1000
2026-04-20,SANTIAGO DEL ESTERO,OTUMPA,300
2026-04-20,SANTIAGO DEL ESTERO,TOMAS YOUNG,100
2026-04-20,TUCUMÁN,SAN MIGUEL DE TUCUMA,420
2026-04-21,BUENOS AIRES,25 DE MAYO,174
2026-04-21,BUENOS AIRES,ALBERTI,728
2026-04-21,BUENOS AIRES,AMERICA,290
2026-04-21,BUENOS AIRES,ARRIBEÑOS,2173
2026-04-21,BUENOS AIRES,ASCENSION,2000
2026-04-21,BUENOS AIRES,AZUL,500
2026-04-21,BUENOS AIRES,BAHIA BLANCA,150
2026-04-21,BUENOS AIRES,BALCARCE,13
2026-04-21,BUENOS AIRES,BANDERALO,60
2026-04-21,BUENOS AIRES,BAYAUCA,100
2026-04-21,BUENOS AIRES,BOLIVAR,92
2026-04-21,BUENOS AIRES,BRAGADO,10640
2026-04-21,BUENOS AIRES,CAPITAN SARMIENTO,30
2026-04-21,BUENOS AIRES,CARHUE,700
2026-04-21,BUENOS AIRES,CARLOS CASARES,1000
2026-04-21,BUENOS AIRES,CAÑADA SECA,73
2026-04-21,BUENOS AIRES,CHIVILCOY,16300
2026-04-21,BUENOS AIRES,CLAUDIO C. MOLINA,600
2026-04-21,BUENOS AIRES,COLON,270
2026-04-21,BUENOS AIRES,CORONEL DORREGO,660
2026-04-21,BUENOS AIRES,CORONEL PRINGLES,480
2026-04-21,BUENOS AIRES,CORONEL SUAREZ,240
2026-04-21,BUENOS AIRES,DAIREAUX,146
2026-04-21,BUENOS AIRES,DEL CARRIL,30
2026-04-21,BUENOS AIRES,DOS HERMANOS,60
2026-04-21,BUENOS AIRES,ESPARTILLAR (PDO. SAAVEDRA),150
2026-04-21,BUENOS AIRES,ESTACION ASCENSION,30
2026-04-21,BUENOS AIRES,GENERAL VIAMONTE,400
2026-04-21,BUENOS AIRES,GENERAL VILLEGAS,5464
2026-04-21,BUENOS AIRES,HENDERSON,330
2026-04-21,BUENOS AIRES,IRALA,100
2026-04-21,BUENOS AIRES,JUAN JOSE PASO,16
2026-04-21,BUENOS AIRES,JUNIN,1491
2026-04-21,BUENOS AIRES,LIMA,128
2026-04-21,BUENOS AIRES,LINCOLN,2035
2026-04-21,BUENOS AIRES,LOBERIA,300
2026-04-21,BUENOS AIRES,LOS TOLDOS,1530
2026-04-21,BUENOS AIRES,MARCOS PAZ,30
2026-04-21,BUENOS AIRES,MARIANO H. ALFONZO,700
2026-04-21,BUENOS AIRES,MIRAMAR (PDO. GRAL.,3000
2026-04-21,BUENOS AIRES,MORSE,100
2026-04-21,BUENOS AIRES,NECOCHEA,500
2026-04-21,BUENOS AIRES,NORBERTO DE LA RIEST,300
2026-04-21,BUENOS AIRES,O HIGGINS,60
2026-04-21,BUENOS AIRES,PEHUAJO,347
2026-04-21,BUENOS AIRES,PERGAMINO,2426
2026-04-21,BUENOS AIRES,PIEDRITAS,200
2026-04-21,BUENOS AIRES,RAUCH,1800
2026-04-21,BUENOS AIRES,ROJAS,1871
2026-04-21,BUENOS AIRES,ROQUE PEREZ,500
2026-04-21,BUENOS AIRES,SAAVEDRA,60
2026-04-21,BUENOS AIRES,SALLIQUELO,900
2026-04-21,BUENOS AIRES,SALTO,300
2026-04-21,BUENOS AIRES,SAN ANDRES DE GILES,300
2026-04-21,BUENOS AIRES,SAN MIGUEL DEL MONTE,300
2026-04-21,BUENOS AIRES,SANTA REGINA,119
2026-04-21,BUENOS AIRES,SARASA,700
2026-04-21,BUENOS AIRES,TRENQUE LAUQUEN,542
2026-04-21,BUENOS AIRES,TRES ARROYOS,2820
2026-04-21,BUENOS AIRES,VEDIA,13287
2026-04-21,CHACO,CHARATA,6600
2026-04-21,CIUDAD AUTÓNOMA DE BUENOS AIRES,CAPITAL FEDERAL,4761
2026-04-21,CÓRDOBA,ADELIA MARIA,268
2026-04-21,CÓRDOBA,ALCIRA,68
2026-04-21,CÓRDOBA,ALEJO LEDESMA,661
2026-04-21,CÓRDOBA,ALMAFUERTE,100
2026-04-21,CÓRDOBA,ALTOS DE CHIPION,0
2026-04-21,CÓRDOBA,ARIAS,14
2026-04-21,CÓRDOBA,ARROYITO,6
2026-04-21,CÓRDOBA,AVELLANEDA,2500
2026-04-21,CÓRDOBA,BELL VILLE,695
2026-04-21,CÓRDOBA,CANALS,90
2026-04-21,CÓRDOBA,CAVANAGH,60
2026-04-21,CÓRDOBA,CINTRA,8
2026-04-21,CÓRDOBA,COLONIA ALMADA,58
2026-04-21,CÓRDOBA,COLONIA ARROYO DE AL,700
2026-04-21,CÓRDOBA,COLONIA MARINA,1
2026-04-21,CÓRDOBA,COLONIA TIROLESA,8
2026-04-21,CÓRDOBA,CORONEL MOLDES,89
2026-04-21,CÓRDOBA,CORRAL DE BUSTOS,230
2026-04-21,CÓRDOBA,COTAGAITA,33
2026-04-21,CÓRDOBA,DEVOTO,15
2026-04-21,CÓRDOBA,EL TIO,300
2026-04-21,CÓRDOBA,GENERAL BALDISSERA,419
2026-04-21,CÓRDOBA,GENERAL LEVALLE,845
2026-04-21,CÓRDOBA,GUATIMOZIN,230
2026-04-21,CÓRDOBA,HERNANDO,300
2026-04-21,CÓRDOBA,HUINCA RENANCO,1007
2026-04-21,CÓRDOBA,IDIAZABAL,95
2026-04-21,CÓRDOBA,INRIVILLE,55
2026-04-21,CÓRDOBA,ITALO,103
2026-04-21,CÓRDOBA,JESUS MARIA,5504
2026-04-21,CÓRDOBA,JUSTINIANO POSSE,850
2026-04-21,CÓRDOBA,LA CARLOTA,171
2026-04-21,CÓRDOBA,LA PUERTA (MEDIA NAR,33
2026-04-21,CÓRDOBA,LABOULAYE,2492
2026-04-21,CÓRDOBA,LAS ACEQUIAS,600
2026-04-21,CÓRDOBA,LAS VARILLAS,11
2026-04-21,CÓRDOBA,LECUEDER,176
2026-04-21,CÓRDOBA,LEONES,894
2026-04-21,CÓRDOBA,LOS CISNES,593
2026-04-21,CÓRDOBA,LUQUE,116
2026-04-21,CÓRDOBA,MARCOS JUAREZ,1408
2026-04-21,CÓRDOBA,MONTE BUEY,657
2026-04-21,CÓRDOBA,MONTE CRISTO,125
2026-04-21,CÓRDOBA,MONTE MAIZ,740
2026-04-21,CÓRDOBA,NOETINGER,390
2026-04-21,CÓRDOBA,ONAGOITY,1000
2026-04-21,CÓRDOBA,PASCANAS,87
2026-04-21,CÓRDOBA,POZO DEL MOLLE (SALT,30
2026-04-21,CÓRDOBA,RIO CUARTO,1670
2026-04-21,CÓRDOBA,RIO PRIMERO,2060
2026-04-21,CÓRDOBA,RIO TERCERO,270
2026-04-21,CÓRDOBA,SAN BASILIO,870
2026-04-21,CÓRDOBA,SAN FRANCISCO (DPTO.,43
2026-04-21,CÓRDOBA,SINSACATE,493
2026-04-21,CÓRDOBA,TRANSITO,7
2026-04-21,CÓRDOBA,VICUÑA MACKENNA,2130
2026-04-21,CÓRDOBA,VILLA DEL TOTORAL,320
2026-04-21,CÓRDOBA,VILLA MARIA (JESUS M,180
2026-04-21,CÓRDOBA,WENCESLAO ESCALANTE,6970
2026-04-21,ENTRE RÍOS,ALDEA SPATZENKUTTER,200
2026-04-21,ENTRE RÍOS,ALDEA VALLE MARIA,10
2026-04-21,ENTRE RÍOS,BASAVILBASO,286
2026-04-21,ENTRE RÍOS,CONCORDIA,68
2026-04-21,ENTRE RÍOS,DIAMANTE,91
2026-04-21,ENTRE RÍOS,DURAZNO,200
2026-04-21,ENTRE RÍOS,GUALEGUAY,1360
2026-04-21,ENTRE RÍOS,GUALEGUAYCHU,500
2026-04-21,ENTRE RÍOS,HASENKAMP,30
2026-04-21,ENTRE RÍOS,HERRERA,200
2026-04-21,ENTRE RÍOS,LA PAZ,9151
2026-04-21,ENTRE RÍOS,LARROQUE,505
2026-04-21,ENTRE RÍOS,LUCAS GONZALEZ,102
2026-04-21,ENTRE RÍOS,LUCAS NORTE,388
2026-04-21,ENTRE RÍOS,MARIA GRANDE,38
2026-04-21,ENTRE RÍOS,NOGOYA,90
2026-04-21,ENTRE RÍOS,QUEBRACHO (DPTO. PAR,63
2026-04-21,ENTRE RÍOS,SEGUI,60
2026-04-21,ENTRE RÍOS,VIALE,71
2026-04-21,ENTRE RÍOS,VICTORIA,1315
2026-04-21,ENTRE RÍOS,VILLAGUAY,287
2026-04-21,LA PAMPA,CATRILO,432
2026-04-21,LA PAMPA,CORONEL HILARIO LAGO,27
2026-04-21,LA PAMPA,EMBAJADOR MARTINI,210
2026-04-21,LA PAMPA,GUATRACHE,1400
2026-04-21,LA PAMPA,QUEMU-QUEMU,2000
2026-04-21,LA PAMPA,RANCUL,600
2026-04-21,SALTA,EL GALPON,500
2026-04-21,SALTA,LAS LAJITAS,879
2026-04-21,SAN LUIS,CAÑADA QUEMADA (LUJA,157
2026-04-21,SAN LUIS,JUAN JORBA,231
2026-04-21,SAN LUIS,JUSTO DARACT,2400
2026-04-21,SAN LUIS,LAS PALMAS,256
2026-04-21,SANTA FE,ALCORTA DTO CONSTITU,256
2026-04-21,SANTA FE,AMENABAR,200
2026-04-21,SANTA FE,ARMSTRONG,2430
2026-04-21,SANTA FE,ARROYO SECO,1000
2026-04-21,SANTA FE,BARRANCAS,120
2026-04-21,SANTA FE,BERNARDO DE IRIGOYEN,337
2026-04-21,SANTA FE,BOMBAL,93
2026-04-21,SANTA FE,BOUQUET,30
2026-04-21,SANTA FE,CAFFERATA,200
2026-04-21,SANTA FE,CARCARAÑA,1190
2026-04-21,SANTA FE,CARLOS PELLEGRINI,700
2026-04-21,SANTA FE,CARMEN,120
2026-04-21,SANTA FE,CARRERAS,120
2026-04-21,SANTA FE,CARRIZALES,129
2026-04-21,SANTA FE,CAÑADA DEL UCLE,60
2026-04-21,SANTA FE,CAÑADA ROSQUIN,400
2026-04-21,SANTA FE,CHAPUY,3250
2026-04-21,SANTA FE,CHRISTOPHERSEN,115
2026-04-21,SANTA FE,CLUCELLAS,30
2026-04-21,SANTA FE,COLONIA BELGRANO,22
2026-04-21,SANTA FE,DIAZ,1061
2026-04-21,SANTA FE,ESMERALDA,30
2026-04-21,SANTA FE,FIGHIERA,210
2026-04-21,SANTA FE,FRANCK,88
2026-04-21,SANTA FE,GALVEZ,65
2026-04-21,SANTA FE,GARIBALDI,144
2026-04-21,SANTA FE,INGENIERO CHANOURDIE,35
2026-04-21,SANTA FE,IRIGOYEN,90
2026-04-21,SANTA FE,JUNCAL,450
2026-04-21,SANTA FE,LANDETA,30
2026-04-21,SANTA FE,LAS PAREJAS,90
2026-04-21,SANTA FE,LAS PETACAS,19
2026-04-21,SANTA FE,LAS ROSAS,1081
2026-04-21,SANTA FE,LOS MOLINOS,775
2026-04-21,SANTA FE,LUIS PALACIOS,8835
2026-04-21,SANTA FE,MARIA JUANA,10720
2026-04-21,SANTA FE,MARIA SUSANA,341
2026-04-21,SANTA FE,MARIA TERESA,200
2026-04-21,SANTA FE,MONTES DE OCA,51
2026-04-21,SANTA FE,MOUSSY,76
2026-04-21,SANTA FE,PAZ,2500
2026-04-21,SANTA FE,PEYRANO,17
2026-04-21,SANTA FE,PUEBLO RAMONA,210
2026-04-21,SANTA FE,PUERTO GRAL SAN MARTIN,950
2026-04-21,SANTA FE,PUJATO,180
2026-04-21,SANTA FE,RAFAELA,2000
2026-04-21,SANTA FE,RUFINO,2045
2026-04-21,SANTA FE,SAN EDUARDO,100
2026-04-21,SANTA FE,SAN GREGORIO,600
2026-04-21,SANTA FE,SAN GUILLERMO (DPTO.,900
2026-04-21,SANTA FE,SAN JERONIMO SUD,485
2026-04-21,SANTA FE,SAN JOSE DE LA ESQUI,60
2026-04-21,SANTA FE,SAN JUSTO,160
2026-04-21,SANTA FE,SAN LORENZO,12350
2026-04-21,SANTA FE,SAN MARCOS DE VENADO,1000
2026-04-21,SANTA FE,SANCTI SPIRITU,510
2026-04-21,SANTA FE,SANTA EMILIA,150
2026-04-21,SANTA FE,SANTA FE,3360
2026-04-21,SANTA FE,SANTO DOMINGO,150
2026-04-21,SANTA FE,TEODELINA,414
2026-04-21,SANTA FE,TOTORAS,201
2026-04-21,SANTA FE,VENADO TUERTO,6573
2026-04-21,SANTA FE,VILLA CAÑAS,2000
2026-04-21,SANTA FE,VILLA MINETTI,2000
2026-04-21,SANTA FE,VILLA TRINIDAD,1000
2026-04-21,SANTA FE,WHEELWRIGHT,60
2026-04-21,SANTIAGO DEL ESTERO,ALHUAMPA,30
2026-04-21,SANTIAGO DEL ESTERO,CORONEL MANUEL LEONC,551
2026-04-21,SANTIAGO DEL ESTERO,EL COLORADO,360
2026-04-21,SANTIAGO DEL ESTERO,OTUMPA,300
2026-04-21,TUCUMÁN,CORTADERAS (7 DE ABR,500
2026-04-22,BUENOS AIRES,9 DE JULIO,3180
2026-04-22,BUENOS AIRES,ALBERTI,260
2026-04-22,BUENOS AIRES,AMEGHINO,3
2026-04-22,BUENOS AIRES,ARRIBEÑOS,180
2026-04-22,BUENOS AIRES,BAHIA BLANCA,1200
2026-04-22,BUENOS AIRES,BARRIO VILLA GAUCHO,65
2026-04-22,BUENOS AIRES,BRAGADO,2014
2026-04-22,BUENOS AIRES,CAPITAN SARMIENTO,60
2026-04-22,BUENOS AIRES,CARABELAS,94
2026-04-22,BUENOS AIRES,CARHUE,60
2026-04-22,BUENOS AIRES,CARLOS CASARES,500
2026-04-22,BUENOS AIRES,CAÑADA MARIANO (EMBA,1500
2026-04-22,BUENOS AIRES,CHIVILCOY,2975
2026-04-22,BUENOS AIRES,COLON,200
2026-04-22,BUENOS AIRES,CORONEL DORREGO,560
2026-04-22,BUENOS AIRES,CORONEL PRINGLES,475
2026-04-22,BUENOS AIRES,CORONEL SUAREZ,120
2026-04-22,BUENOS AIRES,DAIREAUX,300
2026-04-22,BUENOS AIRES,DEL CARRIL,30
2026-04-22,BUENOS AIRES,ESTACION ASCENSION,30
2026-04-22,BUENOS AIRES,GENERAL VILLEGAS,2150
2026-04-22,BUENOS AIRES,GONZALES CHAVES,1000
2026-04-22,BUENOS AIRES,GOYENA,90
2026-04-22,BUENOS AIRES,JUNIN,611
2026-04-22,BUENOS AIRES,LA ANGELITA,257
2026-04-22,BUENOS AIRES,LA DULCE,90
2026-04-22,BUENOS AIRES,LINCOLN,4450
2026-04-22,BUENOS AIRES,LOBERIA,1100
2026-04-22,BUENOS AIRES,LOBOS,120
2026-04-22,BUENOS AIRES,MICAELA CASCALLARES,300
2026-04-22,BUENOS AIRES,PEHUAJO,448
2026-04-22,BUENOS AIRES,PERGAMINO,700
2026-04-22,BUENOS AIRES,QUEQUEN,100
2026-04-22,BUENOS AIRES,RAWSON,15
2026-04-22,BUENOS AIRES,ROBERTS,120
2026-04-22,BUENOS AIRES,ROJAS,2140
2026-04-22,BUENOS AIRES,SALLIQUELO,600
2026-04-22,BUENOS AIRES,SAN PEDRO,300
2026-04-22,BUENOS AIRES,SARASA,1500
2026-04-22,BUENOS AIRES,TRENQUE LAUQUEN,3822
2026-04-22,BUENOS AIRES,TRES ARROYOS,105
2026-04-22,BUENOS AIRES,TRES LOMAS,500
2026-04-22,BUENOS AIRES,VEDIA,507
2026-04-22,CHACO,CORZUELA,1800
2026-04-22,CIUDAD AUTÓNOMA DE BUENOS AIRES,CAPITAL FEDERAL,420
2026-04-22,CÓRDOBA,AGUADA ROJAS,360
2026-04-22,CÓRDOBA,ALEJO LEDESMA,536
2026-04-22,CÓRDOBA,BALNEARIA,200
2026-04-22,CÓRDOBA,BELL VILLE,2058
2026-04-22,CÓRDOBA,CANALS,60
2026-04-22,CÓRDOBA,CARRILOBO,30
2026-04-22,CÓRDOBA,CAVANAGH,40
2026-04-22,CÓRDOBA,CHUÑA,30
2026-04-22,CÓRDOBA,COLONIA ARROYO DE AL,90
2026-04-22,CÓRDOBA,COMECHINGONES (DPTO.,62
2026-04-22,CÓRDOBA,CORRAL DE BUSTOS,1130
2026-04-22,CÓRDOBA,DEVOTO,26
2026-04-22,CÓRDOBA,ELENA,300
2026-04-22,CÓRDOBA,GENERAL BALDISSERA,300
2026-04-22,CÓRDOBA,GENERAL CABRERA,210
2026-04-22,CÓRDOBA,GENERAL LEVALLE,55
2026-04-22,CÓRDOBA,GENERAL ROCA,90
2026-04-22,CÓRDOBA,HERNANDO,30
2026-04-22,CÓRDOBA,JESUS MARIA,760
2026-04-22,CÓRDOBA,JUSTINIANO POSSE,1800
2026-04-22,CÓRDOBA,LA CAÑADA GRANDE,1000
2026-04-22,CÓRDOBA,LA CESIRA,500
2026-04-22,CÓRDOBA,LABOULAYE,1361
2026-04-22,CÓRDOBA,LAS VARILLAS,21
2026-04-22,CÓRDOBA,LEONES,43
2026-04-22,CÓRDOBA,LOS CISNES,1511
2026-04-22,CÓRDOBA,LUQUE,39
2026-04-22,CÓRDOBA,MARCOS JUAREZ,746
2026-04-22,CÓRDOBA,MONTE BUEY,167
2026-04-22,CÓRDOBA,MONTE MAIZ,200
2026-04-22,CÓRDOBA,MONTE RALO,1100
2026-04-22,CÓRDOBA,NICOLAS BRUZONE,1100
2026-04-22,CÓRDOBA,NOETINGER,376
2026-04-22,CÓRDOBA,OLIVA,100
2026-04-22,CÓRDOBA,PILAR,60
2026-04-22,CÓRDOBA,PLAZA SAN FRANCISCO,7
2026-04-22,CÓRDOBA,PORTEÑA,94
2026-04-22,CÓRDOBA,POZO DEL MOLLE (DPTO,70
2026-04-22,CÓRDOBA,REDUCCION,500
2026-04-22,CÓRDOBA,RIO CUARTO,705
2026-04-22,CÓRDOBA,RIO PRIMERO,35
2026-04-22,CÓRDOBA,RIO TERCERO,770
2026-04-22,CÓRDOBA,SAN FRANCISCO (DPTO.,42
2026-04-22,CÓRDOBA,SANTA EUFEMIA,150
2026-04-22,CÓRDOBA,TICINO,27
2026-04-22,CÓRDOBA,VILLA MARIA (JESUS M,120
2026-04-22,CÓRDOBA,WENCESLAO ESCALANTE,4870
2026-04-22,ENTRE RÍOS,ALCARACITO,30
2026-04-22,ENTRE RÍOS,ALDEA SAN ANTONIO,35
2026-04-22,ENTRE RÍOS,BASAVILBASO,300
2026-04-22,ENTRE RÍOS,GALARZA,370
2026-04-22,ENTRE RÍOS,GENERAL CAMPOS,31
2026-04-22,ENTRE RÍOS,GUALEGUAY,1040
2026-04-22,ENTRE RÍOS,HASENKAMP,30
2026-04-22,ENTRE RÍOS,JUBILEO,29
2026-04-22,ENTRE RÍOS,LA PAZ,1500
2026-04-22,ENTRE RÍOS,LAS MOSCAS,66
2026-04-22,ENTRE RÍOS,MOLINO DOLL,60
2026-04-22,ENTRE RÍOS,URDINARRAIN,300
2026-04-22,ENTRE RÍOS,VIALE,12
2026-04-22,ENTRE RÍOS,VICTORIA,660
2026-04-22,ENTRE RÍOS,VILLAGUAY,183
2026-04-22,FORMOSA,COLONIA PERIN,500
2026-04-22,LA PAMPA,BERNARDO LARROUDE,402
2026-04-22,LA PAMPA,GENERAL PICO,2365
2026-04-22,LA PAMPA,LA HUMADA,120
2026-04-22,LA PAMPA,SANTA ROSA,180
2026-04-22,LA PAMPA,VERTIZ,400
2026-04-22,SALTA,CAMPO DURAN,840
2026-04-22,SALTA,LAS LAJITAS,1000
2026-04-22,SALTA,SALTA,140
2026-04-22,SAN LUIS,CANDELARIA,619
2026-04-22,SAN LUIS,CONLARA,90
2026-04-22,SAN LUIS,LIBORIO LUNA,200
2026-04-22,SANTA FE,ALVAREZ,90
2026-04-22,SANTA FE,AMENABAR,86
2026-04-22,SANTA FE,ARMSTRONG,420
2026-04-22,SANTA FE,ARTEAGA,133
2026-04-22,SANTA FE,BARRANCAS,150
2026-04-22,SANTA FE,BIGAND,15
2026-04-22,SANTA FE,BOMBAL,60
2026-04-22,SANTA FE,BOUQUET,246
2026-04-22,SANTA FE,BUSTINZA,150
2026-04-22,SANTA FE,CARCARAÑA,150
2026-04-22,SANTA FE,CARLOS PELLEGRINI,800
2026-04-22,SANTA FE,CARRERAS,395
2026-04-22,SANTA FE,CAÑADA DEL UCLE,90
2026-04-22,SANTA FE,CENTENO,90
2026-04-22,SANTA FE,CLUCELLAS,200
2026-04-22,SANTA FE,EL TREBOL,80
2026-04-22,SANTA FE,ELORTONDO,270
2026-04-22,SANTA FE,GALISTEO,14
2026-04-22,SANTA FE,GODEKEN,71
2026-04-22,SANTA FE,"HUMBERTO I""",40
2026-04-22,SANTA FE,IRIGOYEN,170
2026-04-22,SANTA FE,LAS PAREJAS,240
2026-04-22,SANTA FE,LAS PETACAS,120
2026-04-22,SANTA FE,LAS ROSAS,2950
2026-04-22,SANTA FE,LAZZARINO,54
2026-04-22,SANTA FE,LOS QUIRQUINCHOS,115
2026-04-22,SANTA FE,LUIS PALACIOS,9785
2026-04-22,SANTA FE,MACIEL,60
2026-04-22,SANTA FE,MARIA JUANA,6240
2026-04-22,SANTA FE,MONIGOTES,35
2026-04-22,SANTA FE,MONJE,350
2026-04-22,SANTA FE,MURPHY,24
2026-04-22,SANTA FE,PEYRANO,330
2026-04-22,SANTA FE,PUEBLO ESTHER,112
2026-04-22,SANTA FE,PUEBLO RAMONA,200
2026-04-22,SANTA FE,PUERTO GRAL SAN MARTIN,380
2026-04-22,SANTA FE,PUJATO,180
2026-04-22,SANTA FE,RAFAELA,7
2026-04-22,SANTA FE,ROSARIO,15090
2026-04-22,SANTA FE,RUFINO,456
2026-04-22,SANTA FE,SAN CARLOS CENTRO,80
2026-04-22,SANTA FE,SAN GREGORIO,275
2026-04-22,SANTA FE,SAN JOSE DE LA ESQUI,1500
2026-04-22,SANTA FE,SAN JUSTO,90
2026-04-22,SANTA FE,SAN LORENZO,707
2026-04-22,SANTA FE,SAN MARCOS DE VENADO,2150
2026-04-22,SANTA FE,SANCTI SPIRITU,960
2026-04-22,SANTA FE,SANTA FE,2000
2026-04-22,SANTA FE,SUNCHALES,28
2026-04-22,SANTA FE,TACURAL,60
2026-04-22,SANTA FE,TEODELINA,560
2026-04-22,SANTA FE,TOTORAS,1000
2026-04-22,SANTA FE,VENADO TUERTO,3170
2026-04-22,SANTA FE,VILLA CAÑAS,3090
2026-04-22,SANTA FE,VILLA MINETTI,300
2026-04-22,SANTIAGO DEL ESTERO,CORONEL MANUEL LEONC,4
2026-04-22,SANTIAGO DEL ESTERO,EL COLORADO,150
2026-04-22,SANTIAGO DEL ESTERO,LOS JURIES,31
2026-04-22,SANTIAGO DEL ESTERO,OTUMPA,300
2026-04-22,SANTIAGO DEL ESTERO,QUIMILI,200
2026-04-22,SANTIAGO DEL ESTERO,SACHAYOJ,3000
2026-04-22,TUCUMÁN,LAS CEJAS (DPTO. CRU,500
2026-04-23,BUENOS AIRES,9 DE JULIO,51
2026-04-23,BUENOS AIRES,ALBERTI,420
2026-04-23,BUENOS AIRES,AMERICA,637
2026-04-23,BUENOS AIRES,ARENALES,31
2026-04-23,BUENOS AIRES,ARRIBEÑOS,139
2026-04-23,BUENOS AIRES,BAHIA BLANCA,1315
2026-04-23,BUENOS AIRES,BARRIO ALFAR,120
2026-04-23,BUENOS AIRES,BARRIO JULIO DE VEDI,60
2026-04-23,BUENOS AIRES,BOLIVAR,360
2026-04-23,BUENOS AIRES,BRAGADO,112
2026-04-23,BUENOS AIRES,CARLOS CASARES,11565
2026-04-23,BUENOS AIRES,CASBAS,200
2026-04-23,BUENOS AIRES,CHIVILCOY,121
2026-04-23,BUENOS AIRES,COLON,60
2026-04-23,BUENOS AIRES,CORONEL DORREGO,2210
2026-04-23,BUENOS AIRES,CORONEL GRANADA,300
2026-04-23,BUENOS AIRES,CORONEL PRINGLES,2060
2026-04-23,BUENOS AIRES,CORONEL SUAREZ,2210
2026-04-23,BUENOS AIRES,DAIREAUX,680
2026-04-23,BUENOS AIRES,FORTIN ACHA,30
2026-04-23,BUENOS AIRES,INGENIERO BALBIN,1000
2026-04-23,BUENOS AIRES,JUNIN,310
2026-04-23,BUENOS AIRES,LA DULCE,1000
2026-04-23,BUENOS AIRES,LAS TOSCAS,500
2026-04-23,BUENOS AIRES,LICENCIADO MATIENZO,210
2026-04-23,BUENOS AIRES,LINCOLN,6500
2026-04-23,BUENOS AIRES,LOBERIA,700
2026-04-23,BUENOS AIRES,LOS TOLDOS,9
2026-04-23,BUENOS AIRES,MARIANO H. ALFONZO,400
2026-04-23,BUENOS AIRES,MICAELA CASCALLARES,300
2026-04-23,BUENOS AIRES,OLAVARRIA,250
2026-04-23,BUENOS AIRES,PEHUAJO,1
2026-04-23,BUENOS AIRES,PELLEGRINI,260
2026-04-23,BUENOS AIRES,PIEDRITAS,300
2026-04-23,BUENOS AIRES,PINZON,30
2026-04-23,BUENOS AIRES,ROBERTO CANO,600
2026-04-23,BUENOS AIRES,SALTO,158
2026-04-23,BUENOS AIRES,SAN ANTONIO DE ARECO,30
2026-04-23,BUENOS AIRES,SANSINENA,60
2026-04-23,BUENOS AIRES,TANDIL,300
2026-04-23,BUENOS AIRES,TORNQUIST,210
2026-04-23,BUENOS AIRES,TRENQUE LAUQUEN,6450
2026-04-23,BUENOS AIRES,TRES ALGARROBOS,84
2026-04-23,BUENOS AIRES,TRES ARROYOS,1880
2026-04-23,BUENOS AIRES,TRES LOMAS,260
2026-04-23,BUENOS AIRES,VEDIA,226
2026-04-23,CHACO,HERMOSO CAMPO,61
2026-04-23,CIUDAD AUTÓNOMA DE BUENOS AIRES,CAPITAL FEDERAL,50
2026-04-23,CÓRDOBA,ALEJO LEDESMA,31
2026-04-23,CÓRDOBA,ALTOS DE CHIPION,300
2026-04-23,CÓRDOBA,ARIAS,182
2026-04-23,CÓRDOBA,CALCHIN,70
2026-04-23,CÓRDOBA,CAMILO ALDAO,500
2026-04-23,CÓRDOBA,CANALS,200
2026-04-23,CÓRDOBA,CHAJAN,30
2026-04-23,CÓRDOBA,COLONIA ARROYO DE AL,210
2026-04-23,CÓRDOBA,COLONIA SILVIO PELLI,150
2026-04-23,CÓRDOBA,GENERAL BALDISSERA,30
2026-04-23,CÓRDOBA,GUATIMOZIN,30
2026-04-23,CÓRDOBA,HIPOLITO BOUCHARD,1000
2026-04-23,CÓRDOBA,HUINCA RENANCO,270
2026-04-23,CÓRDOBA,IDIAZABAL,180
2026-04-23,CÓRDOBA,ISLA VERDE (DPTO. MA,62
2026-04-23,CÓRDOBA,LA CARLOTA,301
2026-04-23,CÓRDOBA,LAS VARILLAS,30
2026-04-23,CÓRDOBA,LECUEDER,31
2026-04-23,CÓRDOBA,LEONES,150
2026-04-23,CÓRDOBA,LOS CONDORES,3000
2026-04-23,CÓRDOBA,MAJADA DE SANTIAGO,90
2026-04-23,CÓRDOBA,MARCOS JUAREZ,1220
2026-04-23,CÓRDOBA,MATTALDI,603
2026-04-23,CÓRDOBA,MONTE BUEY,56
2026-04-23,CÓRDOBA,MONTE MAIZ,300
2026-04-23,CÓRDOBA,PASCANAS,27
2026-04-23,CÓRDOBA,PORTEÑA,3000
2026-04-23,CÓRDOBA,REDUCCION,200
2026-04-23,CÓRDOBA,RIO CUARTO,74
2026-04-23,CÓRDOBA,RIO TERCERO,4060
2026-04-23,CÓRDOBA,SAN FRANCISCO (DPTO.,70
2026-04-23,CÓRDOBA,SANTA ROSA DE RIO PR,30
2026-04-23,CÓRDOBA,VICUÑA MACKENNA,60
2026-04-23,CÓRDOBA,VILLA CONCEPCION DEL,90
2026-04-23,CÓRDOBA,VILLA HUIDOBRO,270
2026-04-23,CÓRDOBA,VILLA MARIA (DPTO. G,4617
2026-04-23,CÓRDOBA,WENCESLAO ESCALANTE,3000
2026-04-23,ENTRE RÍOS,ALDEA VALLE MARIA,67
2026-04-23,ENTRE RÍOS,DIAMANTE,60
2026-04-23,ENTRE RÍOS,DISTRITO ESPINILLO,42
2026-04-23,ENTRE RÍOS,GUALEGUAY,680
2026-04-23,ENTRE RÍOS,LA PAZ,100
2026-04-23,ENTRE RÍOS,LARROQUE,180
2026-04-23,ENTRE RÍOS,LAS MOSCAS,271
2026-04-23,ENTRE RÍOS,LUCAS GONZALEZ,600
2026-04-23,ENTRE RÍOS,NOGOYA,17
2026-04-23,ENTRE RÍOS,PAJONAL,234
2026-04-23,ENTRE RÍOS,SEGUI,608
2026-04-23,ENTRE RÍOS,TALITA,90
2026-04-23,ENTRE RÍOS,URDINARRAIN,208
2026-04-23,ENTRE RÍOS,VIALE,300
2026-04-23,ENTRE RÍOS,VICTORIA,290
2026-04-23,LA PAMPA,CATRILO,1400
2026-04-23,LA PAMPA,COLONIA CASTEX,120
2026-04-23,LA PAMPA,EMBAJADOR MARTINI,7
2026-04-23,LA PAMPA,GENERAL PICO,25
2026-04-23,LA PAMPA,INGENIERO LUIGGI,110
2026-04-23,LA PAMPA,METILEO,30
2026-04-23,LA PAMPA,SARAH,120
2026-04-23,LA PAMPA,TRENEL,35
2026-04-23,SAN LUIS,LAS PALMAS,99
2026-04-23,SANTA FE,AMENABAR,150
2026-04-23,SANTA FE,ARMSTRONG,1010
2026-04-23,SANTA FE,BARRANCAS,30
2026-04-23,SANTA FE,CAMPO CLUCELLAS,30
2026-04-23,SANTA FE,CARCARAÑA,30
2026-04-23,SANTA FE,CARRERAS,90
2026-04-23,SANTA FE,CENTENO,120
2026-04-23,SANTA FE,CHAPUY,180
2026-04-23,SANTA FE,EMILIA,60
2026-04-23,SANTA FE,FIRMAT,51
2026-04-23,SANTA FE,HUGHES,30
2026-04-23,SANTA FE,IBARLUCEA,210
2026-04-23,SANTA FE,IRIGOYEN,400
2026-04-23,SANTA FE,LANDETA,90
2026-04-23,SANTA FE,LAS PAREJAS,60
2026-04-23,SANTA FE,LAS ROSAS,505
2026-04-23,SANTA FE,LOS MOLINOS,500
2026-04-23,SANTA FE,LUIS PALACIOS,1000
2026-04-23,SANTA FE,MACIEL,5
2026-04-23,SANTA FE,MARIA JUANA,904
2026-04-23,SANTA FE,MONTES DE OCA,170
2026-04-23,SANTA FE,MURPHY,180
2026-04-23,SANTA FE,PAZ,240
2026-04-23,SANTA FE,PUEBLO RAMONA,32
2026-04-23,SANTA FE,PUERTO GRAL SAN MARTIN,1500
2026-04-23,SANTA FE,PUJATO,150
2026-04-23,SANTA FE,ROSARIO,13716
2026-04-23,SANTA FE,SAN EDUARDO,100
2026-04-23,SANTA FE,SAN JUSTO,590
2026-04-23,SANTA FE,SAN MARCOS DE VENADO,2000
2026-04-23,SANTA FE,SAN RICARDO,777
2026-04-23,SANTA FE,SAN VICENTE (DPTO. C,30
2026-04-23,SANTA FE,SANTA FE,2090
2026-04-23,SANTA FE,SANTA ISABEL,15
2026-04-23,SANTA FE,SANTO DOMINGO,90
2026-04-23,SANTA FE,SUNCHALES,30
2026-04-23,SANTA FE,TEODELINA,36
2026-04-23,SANTA FE,VENADO TUERTO,4166
2026-04-23,SANTA FE,VILLA CAÑAS,93
2026-04-23,SANTIAGO DEL ESTERO,NUEVA ESPERANZA (DPT,2000
2026-04-23,SANTIAGO DEL ESTERO,SANTIAGO DEL ESTERO,60
2026-04-23,TUCUMÁN,LAS CEJAS (DPTO. CRU,600
2026-04-24,BUENOS AIRES,25 DE MAYO,60
2026-04-24,BUENOS AIRES,9 DE JULIO,60
2026-04-24,BUENOS AIRES,ABBOTT,60
2026-04-24,BUENOS AIRES,ALBERTI,670
2026-04-24,BUENOS AIRES,AMERICA,1160
2026-04-24,BUENOS AIRES,ARRIBEÑOS,50
2026-04-24,BUENOS AIRES,ASCENSION,2000
2026-04-24,BUENOS AIRES,BANDERALO,10
2026-04-24,BUENOS AIRES,BELLOCQ,122
2026-04-24,BUENOS AIRES,BENITEZ,210
2026-04-24,BUENOS AIRES,BRAGADO,250
2026-04-24,BUENOS AIRES,CARABELAS,180
2026-04-24,BUENOS AIRES,CARHUE,120
2026-04-24,BUENOS AIRES,CHACABUCO,3000
2026-04-24,BUENOS AIRES,CHIVILCOY,191
2026-04-24,BUENOS AIRES,COLON,90
2026-04-24,BUENOS AIRES,CORONEL PRINGLES,150
2026-04-24,BUENOS AIRES,CORONEL SUAREZ,120
2026-04-24,BUENOS AIRES,DUGGAN,100
2026-04-24,BUENOS AIRES,ESPARTILLAR (PDO. SAAVEDRA),240
2026-04-24,BUENOS AIRES,FORTIN OLAVARRIA,600
2026-04-24,BUENOS AIRES,GENERAL BELGRANO,300
2026-04-24,BUENOS AIRES,GENERAL VIAMONTE,1500
2026-04-24,BUENOS AIRES,HENDERSON,535
2026-04-24,BUENOS AIRES,INGENIERO BALBIN,1000
2026-04-24,BUENOS AIRES,JUAN JOSE PASO,60
2026-04-24,BUENOS AIRES,JUNIN,90
2026-04-24,BUENOS AIRES,LINCOLN,2796
2026-04-24,BUENOS AIRES,LOBERIA,60
2026-04-24,BUENOS AIRES,LOBOS,133
2026-04-24,BUENOS AIRES,MARCOS PAZ,88
2026-04-24,BUENOS AIRES,MARIANO H. ALFONZO,900
2026-04-24,BUENOS AIRES,MICAELA CASCALLARES,2000
2026-04-24,BUENOS AIRES,NECOCHEA,680
2026-04-24,BUENOS AIRES,PERGAMINO,462
2026-04-24,BUENOS AIRES,PIGUE,120
2026-04-24,BUENOS AIRES,RAWSON,141
2026-04-24,BUENOS AIRES,ROJAS,357
2026-04-24,BUENOS AIRES,SALTO,260
2026-04-24,BUENOS AIRES,SAN ANTONIO DE ARECO,120
2026-04-24,BUENOS AIRES,SANSINENA,200
2026-04-24,BUENOS AIRES,TANDIL,2500
2026-04-24,BUENOS AIRES,TRENQUE LAUQUEN,494
2026-04-24,BUENOS AIRES,TRES ARROYOS,270
2026-04-24,BUENOS AIRES,VEDIA,100
2026-04-24,BUENOS AIRES,VILLA SAUZE,1000
2026-04-24,CATAMARCA,BAÑADO DE OVANTA,100
2026-04-24,CIUDAD AUTÓNOMA DE BUENOS AIRES,CAPITAL FEDERAL,390
2026-04-24,CÓRDOBA,BELL VILLE,720
2026-04-24,CÓRDOBA,CANALS,219
2026-04-24,CÓRDOBA,CAPILLA LOS ZORROS,34
2026-04-24,CÓRDOBA,COLONIA ALMADA,71
2026-04-24,CÓRDOBA,COLONIA ARROYO DE AL,410
2026-04-24,CÓRDOBA,COLONIA ITALIANA,60
2026-04-24,CÓRDOBA,CORDOBA,350
2026-04-24,CÓRDOBA,CORRAL DE BUSTOS,470
2026-04-24,CÓRDOBA,CORRAL DEL BAJO,35
2026-04-24,CÓRDOBA,ESTACION GENERAL PAZ,52
2026-04-24,CÓRDOBA,GENERAL BALDISSERA,332
2026-04-24,CÓRDOBA,GIGENA,30
2026-04-24,CÓRDOBA,HUANCHILLA,26
2026-04-24,CÓRDOBA,HUINCA RENANCO,1083
2026-04-24,CÓRDOBA,INRIVILLE,18
2026-04-24,CÓRDOBA,ITALO,51
2026-04-24,CÓRDOBA,JESUS MARIA,1111
2026-04-24,CÓRDOBA,LA CARLOTA,475
2026-04-24,CÓRDOBA,LABOULAYE,1000
2026-04-24,CÓRDOBA,LAS ARRIAS,92
2026-04-24,CÓRDOBA,LECUEDER,29
2026-04-24,CÓRDOBA,LOS CISNES,606
2026-04-24,CÓRDOBA,MARCOS JUAREZ,2285
2026-04-24,CÓRDOBA,MAUNIER,62
2026-04-24,CÓRDOBA,MONTE BUEY,25
2026-04-24,CÓRDOBA,MONTE CRISTO,60
2026-04-24,CÓRDOBA,MONTE MAIZ,1160
2026-04-24,CÓRDOBA,MORRISON,184
2026-04-24,CÓRDOBA,NOETINGER,300
2026-04-24,CÓRDOBA,PILAR,500
2026-04-24,CÓRDOBA,RIO CUARTO,500
2026-04-24,CÓRDOBA,RIO PRIMERO,66
2026-04-24,CÓRDOBA,RIO TERCERO,1000
2026-04-24,CÓRDOBA,UCACHA,100
2026-04-24,CÓRDOBA,VICUÑA MACKENNA,390
2026-04-24,CÓRDOBA,VILLA DEL ROSARIO,35
2026-04-24,CÓRDOBA,VILLA HUIDOBRO,5
2026-04-24,CÓRDOBA,VILLA MARIA (JESUS M,60
2026-04-24,ENTRE RÍOS,ALDEA VALLE MARIA,50
2026-04-24,ENTRE RÍOS,BASAVILBASO,300
2026-04-24,ENTRE RÍOS,CRUCESITAS 7A. SECCI,25
2026-04-24,ENTRE RÍOS,GUALEGUAY,510
2026-04-24,ENTRE RÍOS,GUALEGUAYCHU,91
2026-04-24,ENTRE RÍOS,INGENIERO MIGUEL SAJ,228
2026-04-24,ENTRE RÍOS,LA PAZ,90
2026-04-24,ENTRE RÍOS,LARROQUE,2
2026-04-24,ENTRE RÍOS,LUCAS GONZALEZ,300
2026-04-24,ENTRE RÍOS,MARIA GRANDE,307
2026-04-24,ENTRE RÍOS,MARIA GRANDE PRIMERA,93
2026-04-24,ENTRE RÍOS,MONTOYA (NOGOYA-DPTO,152
2026-04-24,ENTRE RÍOS,QUEBRACHO (DPTO. PAR,400
2026-04-24,ENTRE RÍOS,SAN SALVADOR,90
2026-04-24,ENTRE RÍOS,URDINARRAIN,600
2026-04-24,ENTRE RÍOS,VICTORIA,1000
2026-04-24,ENTRE RÍOS,VILLAGUAY,406
2026-04-24,LA PAMPA,CATRILO,260
2026-04-24,LA PAMPA,GENERAL PICO,7000
2026-04-24,LA PAMPA,SARAH,120
2026-04-24,SALTA,PIQUETE CABADO,300
2026-04-24,SAN LUIS,JUAN JORBA,159
2026-04-24,SAN LUIS,LAS PALMAS,242
2026-04-24,SAN LUIS,VILLA MERCEDES,600
2026-04-24,SANTA FE,ALVAREZ,30
2026-04-24,SANTA FE,ARMSTRONG,1630
2026-04-24,SANTA FE,AROCENA,102
2026-04-24,SANTA FE,BARRANCAS,30
2026-04-24,SANTA FE,BERNARDO DE IRIGOYEN,36
2026-04-24,SANTA FE,BIGAND,3
2026-04-24,SANTA FE,BOMBAL,110
2026-04-24,SANTA FE,BOUQUET,21
2026-04-24,SANTA FE,CARCARAÑA,300
2026-04-24,SANTA FE,CASILDA,90
2026-04-24,SANTA FE,CAÑADA DEL UCLE,120
2026-04-24,SANTA FE,CENTENO,510
2026-04-24,SANTA FE,CHABAS,4
2026-04-24,SANTA FE,CLUCELLAS,500
2026-04-24,SANTA FE,CORONEL ARNOLD,35
2026-04-24,SANTA FE,DIAZ,150
2026-04-24,SANTA FE,ELORTONDO,1000
2026-04-24,SANTA FE,ESMERALDA,30
2026-04-24,SANTA FE,GENERAL GELLY,60
2026-04-24,SANTA FE,INGENIERO CHANOURDIE,50
2026-04-24,SANTA FE,IRIGOYEN,340
2026-04-24,SANTA FE,LA CALIFORNIA,25
2026-04-24,SANTA FE,LAS ROSAS,220
2026-04-24,SANTA FE,LOS QUIRQUINCHOS,36
2026-04-24,SANTA FE,LUIS PALACIOS,500
2026-04-24,SANTA FE,MARGARITA,27
2026-04-24,SANTA FE,MARIA JUANA,10700
2026-04-24,SANTA FE,MARIA TERESA,53
2026-04-24,SANTA FE,MONJE,300
2026-04-24,SANTA FE,MONTES DE OCA,60
2026-04-24,SANTA FE,MURPHY,30
2026-04-24,SANTA FE,PILAR,150
2026-04-24,SANTA FE,RAFAELA,1500
2026-04-24,SANTA FE,ROSARIO,2409
2026-04-24,SANTA FE,RUFINO,45
2026-04-24,SANTA FE,SAN LORENZO,4495
2026-04-24,SANTA FE,SAN MARCELO,510
2026-04-24,SANTA FE,SAN VICENTE (DPTO. C,180
2026-04-24,SANTA FE,SANTA CLARA DE BUENA,24
2026-04-24,SANTA FE,SARGENTO CABRAL,90
2026-04-24,SANTA FE,TACURAL,9
2026-04-24,SANTA FE,TOTORAS,12
2026-04-24,SANTA FE,VENADO TUERTO,2461
2026-04-24,SANTA FE,VILLA TRINIDAD,274
2026-04-24,SANTA FE,WHEELWRIGHT,246
2026-04-24,SANTIAGO DEL ESTERO,BANDERA,500
2026-04-24,SANTIAGO DEL ESTERO,BOBADAL,300
2026-04-25,BUENOS AIRES,PINZON,31
2026-04-25,CÓRDOBA,RIO SEGUNDO,90
2026-04-25,ENTRE RÍOS,VIALE,100
2026-04-25,SANTA FE,ALCORTA DTO CONSTITU,28
2026-04-27,BUENOS AIRES,25 DE MAYO,30
2026-04-27,BUENOS AIRES,9 DE JULIO,450
2026-04-27,BUENOS AIRES,ABBOTT,30
2026-04-27,BUENOS AIRES,ACHUPALLAS,105
2026-04-27,BUENOS AIRES,ADOLFO GONZALES CHAVEZ,500
2026-04-27,BUENOS AIRES,AMERICA,2878
2026-04-27,BUENOS AIRES,ARRECIFES,200
2026-04-27,BUENOS AIRES,ARRIBEÑOS,50
2026-04-27,BUENOS AIRES,ASCENSION,3000
2026-04-27,BUENOS AIRES,BAHIA BLANCA,300
2026-04-27,BUENOS AIRES,BANDERALO,2720
2026-04-27,BUENOS AIRES,BARRIO ACEVEDO,278
2026-04-27,BUENOS AIRES,BRAGADO,4432
2026-04-27,BUENOS AIRES,CARHUE,300
2026-04-27,BUENOS AIRES,CARLOS CASARES,5000
2026-04-27,BUENOS AIRES,CHACABUCO,1050
2026-04-27,BUENOS AIRES,CHIVILCOY,335
2026-04-27,BUENOS AIRES,CORONEL PRINGLES,1315
2026-04-27,BUENOS AIRES,CORONEL SUAREZ,210
2026-04-27,BUENOS AIRES,ESTACION ASCENSION,128
2026-04-27,BUENOS AIRES,GENERAL PINTO,60
2026-04-27,BUENOS AIRES,GENERAL VILLEGAS,200
2026-04-27,BUENOS AIRES,GONZALES CHAVES,3000
2026-04-27,BUENOS AIRES,HENDERSON,660
2026-04-27,BUENOS AIRES,JUNIN,200
2026-04-27,BUENOS AIRES,LAS TOSCAS,360
2026-04-27,BUENOS AIRES,LIMA,23
2026-04-27,BUENOS AIRES,LINCOLN,1233
2026-04-27,BUENOS AIRES,LOBERIA,420
2026-04-27,BUENOS AIRES,LOBOS,29
2026-04-27,BUENOS AIRES,MARIANO H. ALFONZO,800
2026-04-27,BUENOS AIRES,PEHUAJO,492
2026-04-27,BUENOS AIRES,PERGAMINO,205
2026-04-27,BUENOS AIRES,RAFAEL OBLIGADO,158
2026-04-27,BUENOS AIRES,RANCHOS,300
2026-04-27,BUENOS AIRES,ROJAS,1200
2026-04-27,BUENOS AIRES,SAN PEDRO,800
2026-04-27,BUENOS AIRES,TRENQUE LAUQUEN,289
2026-04-27,BUENOS AIRES,TRES ALGARROBOS,350
2026-04-27,BUENOS AIRES,VEDIA,61
2026-04-27,BUENOS AIRES,VILLA SABOYA,383
2026-04-27,CIUDAD AUTÓNOMA DE BUENOS AIRES,CAPITAL FEDERAL,17610
2026-04-27,CÓRDOBA,ADELIA MARIA,200
2026-04-27,CÓRDOBA,ALEJANDRO ROCA,11024
2026-04-27,CÓRDOBA,ALEJO LEDESMA,55
2026-04-27,CÓRDOBA,ARIAS,30
2026-04-27,CÓRDOBA,BALLESTEROS SUD,300
2026-04-27,CÓRDOBA,BALNEARIA,60
2026-04-27,CÓRDOBA,CANALS,5
2026-04-27,CÓRDOBA,CORRAL DE BUSTOS,55
2026-04-27,CÓRDOBA,CRUZ ALTA,43
2026-04-27,CÓRDOBA,ELENA,300
2026-04-27,CÓRDOBA,ESTACION GENERAL PAZ,352
2026-04-27,CÓRDOBA,FREYRE,270
2026-04-27,CÓRDOBA,GENERAL BALDISSERA,50
2026-04-27,CÓRDOBA,HUINCA RENANCO,88
2026-04-27,CÓRDOBA,IDIAZABAL,270
2026-04-27,CÓRDOBA,INRIVILLE,30
2026-04-27,CÓRDOBA,ITALO,58
2026-04-27,CÓRDOBA,LA CAUTIVA,137
2026-04-27,CÓRDOBA,LA TORDILLA NORTE,60
2026-04-27,CÓRDOBA,LABOULAYE,253
2026-04-27,CÓRDOBA,LAS ACEQUIAS,123
2026-04-27,CÓRDOBA,LAS PEÑAS SUD,66
2026-04-27,CÓRDOBA,LECUEDER,86
2026-04-27,CÓRDOBA,LOS CISNES,52
2026-04-27,CÓRDOBA,MARCOS JUAREZ,221
2026-04-27,CÓRDOBA,MONTE BUEY,91
2026-04-27,CÓRDOBA,MONTE CRISTO,120
2026-04-27,CÓRDOBA,MONTE DE LOS GAUCHOS,70
2026-04-27,CÓRDOBA,MONTE RALO,71
2026-04-27,CÓRDOBA,NICOLAS BRUZONE,263
2026-04-27,CÓRDOBA,PILAR,526
2026-04-27,CÓRDOBA,POZO DEL MOLLE (DPTO,412
2026-04-27,CÓRDOBA,RIO CUARTO,820
2026-04-27,CÓRDOBA,RIO PRIMERO,271
2026-04-27,CÓRDOBA,RIO TERCERO,150
2026-04-27,CÓRDOBA,SAN BASILIO,70
2026-04-27,CÓRDOBA,SERRANO,85
2026-04-27,CÓRDOBA,VICUÑA MACKENNA,70
2026-04-27,CÓRDOBA,VILLA DEL ROSARIO,30
2026-04-27,CÓRDOBA,VILLA MARIA (JESUS M,60
2026-04-27,CÓRDOBA,VILLA VALERIA,588
2026-04-27,ENTRE RÍOS,ALDEA VALLE MARIA,25
2026-04-27,ENTRE RÍOS,BASAVILBASO,300
2026-04-27,ENTRE RÍOS,COLONIA SANTA LUISA,31
2026-04-27,ENTRE RÍOS,COSTA GRANDE,16
2026-04-27,ENTRE RÍOS,GUALEGUAY,300
2026-04-27,ENTRE RÍOS,HERRERA,240
2026-04-27,ENTRE RÍOS,LA PAZ,90
2026-04-27,ENTRE RÍOS,LAS TUNAS,60
2026-04-27,ENTRE RÍOS,URDINARRAIN,450
2026-04-27,ENTRE RÍOS,VIALE,531
2026-04-27,ENTRE RÍOS,VICTORIA,750
2026-04-27,ENTRE RÍOS,VILLAGUAY,580
2026-04-27,LA PAMPA,GENERAL PICO,5120
2026-04-27,LA PAMPA,INTENDENTE ALVEAR,110
2026-04-27,LA PAMPA,LONQUIMAY,90
2026-04-27,SALTA,CAMPO DURAN,300
2026-04-27,SALTA,JOAQUIN V. GONZALEZ,245
2026-04-27,SAN LUIS,CONLARA,30
2026-04-27,SAN LUIS,VILLA MERCEDES,60
2026-04-27,SANTA FE,ARMSTRONG,1520
2026-04-27,SANTA FE,ARROYO SECO,500
2026-04-27,SANTA FE,CARCARAÑA,30
2026-04-27,SANTA FE,CARLOS PELLEGRINI,64
2026-04-27,SANTA FE,CAÑADA DE GOMEZ,204
2026-04-27,SANTA FE,CHAPUY,1090
2026-04-27,SANTA FE,CHOVET,180
2026-04-27,SANTA FE,CHRISTOPHERSEN,582
2026-04-27,SANTA FE,ELORTONDO,500
2026-04-27,SANTA FE,HUGHES,210
2026-04-27,SANTA FE,LA JOSEFINA,130
2026-04-27,SANTA FE,LANDETA,90
2026-04-27,SANTA FE,LAS PAREJAS,253
2026-04-27,SANTA FE,LAS ROSAS,155
2026-04-27,SANTA FE,LOS CARDOS,459
2026-04-27,SANTA FE,LUIS PALACIOS,400
2026-04-27,SANTA FE,MARIA JUANA,21700
2026-04-27,SANTA FE,PUEBLO RAMONA,60
2026-04-27,SANTA FE,RAFAELA,240
2026-04-27,SANTA FE,ROSARIO,2410
2026-04-27,SANTA FE,RUFINO,1302
2026-04-27,SANTA FE,SAN EDUARDO,100
2026-04-27,SANTA FE,SAN LORENZO,920
2026-04-27,SANTA FE,SAN MARCOS DE VENADO,1000
2026-04-27,SANTA FE,SANCTI SPIRITU,642
2026-04-27,SANTA FE,SANTA FE,1000
2026-04-27,SANTA FE,TORTUGAS,30
2026-04-27,SANTA FE,VENADO TUERTO,5603
2026-04-27,SANTA FE,VILLA CAÑAS,14193
2026-04-27,SANTA FE,VILLA ELOISA,607
2026-04-27,SANTA FE,ZENON PEREYRA,30
2026-04-27,SANTIAGO DEL ESTERO,AEROLITO,185
2026-04-27,SANTIAGO DEL ESTERO,ISCA YACU,500
2026-04-28,BUENOS AIRES,25 DE MAYO,1700
2026-04-28,BUENOS AIRES,9 DE JULIO,1276
2026-04-28,BUENOS AIRES,ALBERTI,1900
2026-04-28,BUENOS AIRES,AMEGHINO,200
2026-04-28,BUENOS AIRES,AMERICA,2236
2026-04-28,BUENOS AIRES,ARRIBEÑOS,2000
2026-04-28,BUENOS AIRES,ASCENSION,200
2026-04-28,BUENOS AIRES,BAHIA BLANCA,13180
2026-04-28,BUENOS AIRES,BALNEARIO CLAROMECO,2000
2026-04-28,BUENOS AIRES,BANDERALO,1090
2026-04-28,BUENOS AIRES,BRAGADO,330
2026-04-28,BUENOS AIRES,CAPITAN SARMIENTO,128
2026-04-28,BUENOS AIRES,CARHUE,585
2026-04-28,BUENOS AIRES,CARLOS CASARES,4020
2026-04-28,BUENOS AIRES,CARLOS TEJEDOR,1000
2026-04-28,BUENOS AIRES,CHACABUCO,60
2026-04-28,BUENOS AIRES,CHIVILCOY,749
2026-04-28,BUENOS AIRES,CLAUDIO C. MOLINA,1000
2026-04-28,BUENOS AIRES,COLON,1040
2026-04-28,BUENOS AIRES,COLONIA SAN EDUARDO,48
2026-04-28,BUENOS AIRES,CORONEL CHARLONE,274
2026-04-28,BUENOS AIRES,CORONEL DORREGO,650
2026-04-28,BUENOS AIRES,CORONEL PRINGLES,30
2026-04-28,BUENOS AIRES,CORONEL SUAREZ,2430
2026-04-28,BUENOS AIRES,DEL CARRIL,270
2026-04-28,BUENOS AIRES,GENERAL BELGRANO,90
2026-04-28,BUENOS AIRES,HENDERSON,330
2026-04-28,BUENOS AIRES,INGENIERO MONETA,210
2026-04-28,BUENOS AIRES,IRENEO PORTELA,227
2026-04-28,BUENOS AIRES,JOSE MARIA BLANCO,400
2026-04-28,BUENOS AIRES,JUNIN,450
2026-04-28,BUENOS AIRES,LINCOLN,1269
2026-04-28,BUENOS AIRES,LOBERIA,210
2026-04-28,BUENOS AIRES,LOBOS,6
2026-04-28,BUENOS AIRES,LOS TOLDOS,537
2026-04-28,BUENOS AIRES,MARIANO H. ALFONZO,1000
2026-04-28,BUENOS AIRES,MONES CAZON,700
2026-04-28,BUENOS AIRES,NAPALEOFU,300
2026-04-28,BUENOS AIRES,NAVARRO,400
2026-04-28,BUENOS AIRES,O HIGGINS,120
2026-04-28,BUENOS AIRES,PEDERNALES,90
2026-04-28,BUENOS AIRES,PEHUAJO,177
2026-04-28,BUENOS AIRES,PELLEGRINI,5450
2026-04-28,BUENOS AIRES,PERGAMINO,639
2026-04-28,BUENOS AIRES,PIEDRITAS,350
2026-04-28,BUENOS AIRES,ROJAS,4991
2026-04-28,BUENOS AIRES,SALADILLO,18
2026-04-28,BUENOS AIRES,SAN ANDRES DE GILES,1000
2026-04-28,BUENOS AIRES,SAN ANTONIO DE ARECO,210
2026-04-28,BUENOS AIRES,SANTA REGINA,726
2026-04-28,BUENOS AIRES,SARASA,347
2026-04-28,BUENOS AIRES,SIERRA DE LOS PADRES,2000
2026-04-28,BUENOS AIRES,TANDIL,265
2026-04-28,BUENOS AIRES,TRENQUE LAUQUEN,2261
2026-04-28,BUENOS AIRES,TRES ARROYOS,1160
2026-04-28,BUENOS AIRES,VEDIA,1962
2026-04-28,BUENOS AIRES,VICENTE LOPEZ,52
2026-04-28,CHACO,AVIA TERAI,400
2026-04-28,CHACO,CERRITO,1200
2026-04-28,CHACO,PAMPA DEL INFIERNO,210
2026-04-28,CIUDAD AUTÓNOMA DE BUENOS AIRES,CAPITAL FEDERAL,1863
2026-04-28,CÓRDOBA,ABBURRA,2130
2026-04-28,CÓRDOBA,ACHIRAS (DPTO. RIO C,100
2026-04-28,CÓRDOBA,ADELIA MARIA,5320
2026-04-28,CÓRDOBA,AGUADA ROJAS,360
2026-04-28,CÓRDOBA,ALCIRA,204
2026-04-28,CÓRDOBA,ALEJANDRO ROCA,1298
2026-04-28,CÓRDOBA,ALEJO LEDESMA,60
2026-04-28,CÓRDOBA,ALTA GRACIA,150
2026-04-28,CÓRDOBA,ARIAS,275
2026-04-28,CÓRDOBA,BELL VILLE,200
2026-04-28,CÓRDOBA,BENGOLEA,80
2026-04-28,CÓRDOBA,CALCHIN,390
2026-04-28,CÓRDOBA,CAMILO ALDAO,440
2026-04-28,CÓRDOBA,CANALS,150
2026-04-28,CÓRDOBA,CAVANAGH,63
2026-04-28,CÓRDOBA,CORDOBA,30
2026-04-28,CÓRDOBA,CORONEL MOLDES,2870
2026-04-28,CÓRDOBA,CORRAL DE BUSTOS,161
2026-04-28,CÓRDOBA,FREYRE,200
2026-04-28,CÓRDOBA,GENERAL BALDISSERA,325
2026-04-28,CÓRDOBA,GENERAL CABRERA,413
2026-04-28,CÓRDOBA,HERNANDO,60
2026-04-28,CÓRDOBA,HIPOLITO BOUCHARD,1660
2026-04-28,CÓRDOBA,HUANCHILLA,299
2026-04-28,CÓRDOBA,HUINCA RENANCO,139
2026-04-28,CÓRDOBA,IDIAZABAL,270
2026-04-28,CÓRDOBA,INRIVILLE,30
2026-04-28,CÓRDOBA,ISLA VERDE (DPTO. MA,257
2026-04-28,CÓRDOBA,ITALO,500
2026-04-28,CÓRDOBA,JESUS MARIA,100
2026-04-28,CÓRDOBA,JOVITA,200
2026-04-28,CÓRDOBA,LA CARLOTA,590
2026-04-28,CÓRDOBA,LA CAUTIVA,90
2026-04-28,CÓRDOBA,LA CESIRA,300
2026-04-28,CÓRDOBA,LABOULAYE,1130
2026-04-28,CÓRDOBA,LAS PEÑAS SUD,550
2026-04-28,CÓRDOBA,LOS CISNES,1629
2026-04-28,CÓRDOBA,LUQUE,100
2026-04-28,CÓRDOBA,MARCOS JUAREZ,265
2026-04-28,CÓRDOBA,MATORRALES,249
2026-04-28,CÓRDOBA,MATTALDI,58
2026-04-28,CÓRDOBA,MELO,1100
2026-04-28,CÓRDOBA,MONTE BUEY,108
2026-04-28,CÓRDOBA,MONTE MAIZ,500
2026-04-28,CÓRDOBA,NICOLAS BRUZONE,1400
2026-04-28,CÓRDOBA,PACHECO DE MELO,36
2026-04-28,CÓRDOBA,PASCANAS,30
2026-04-28,CÓRDOBA,PILAR,1100
2026-04-28,CÓRDOBA,PINCEN,180
2026-04-28,CÓRDOBA,RIO CUARTO,3644
2026-04-28,CÓRDOBA,RIO PRIMERO,664
2026-04-28,CÓRDOBA,RIO TERCERO,2100
2026-04-28,CÓRDOBA,SAN BASILIO,35
2026-04-28,CÓRDOBA,SAN FRANCISCO (DPTO.,110
2026-04-28,CÓRDOBA,SAN JOSE DE LA DORMI,70
2026-04-28,CÓRDOBA,SERRANO,269
2026-04-28,CÓRDOBA,SINSACATE,758
2026-04-28,CÓRDOBA,TRANSITO,120
2026-04-28,CÓRDOBA,VICUÑA MACKENNA,7376
2026-04-28,CÓRDOBA,VILLA DE MARIA,1000
2026-04-28,CÓRDOBA,VILLA DEL TOTORAL,180
2026-04-28,CÓRDOBA,VILLA HUIDOBRO,1020
2026-04-28,CÓRDOBA,VILLA MARIA (DPTO. G,2000
2026-04-28,CÓRDOBA,VILLA VALERIA,252
2026-04-28,ENTRE RÍOS,ALDEA SAN ANTONIO,20
2026-04-28,ENTRE RÍOS,ARANGUREN,94
2026-04-28,ENTRE RÍOS,BASAVILBASO,500
2026-04-28,ENTRE RÍOS,GUALEGUAY,1170
2026-04-28,ENTRE RÍOS,GUALEGUAYCHU,360
2026-04-28,ENTRE RÍOS,HERRERA,93
2026-04-28,ENTRE RÍOS,LA PAZ,2700
2026-04-28,ENTRE RÍOS,LARROQUE,260
2026-04-28,ENTRE RÍOS,LUCAS GONZALEZ,210
2026-04-28,ENTRE RÍOS,MARIA GRANDE PRIMERA,100
2026-04-28,ENTRE RÍOS,NOGOYA,150
2026-04-28,ENTRE RÍOS,PRIMERO DE MAYO,29
2026-04-28,ENTRE RÍOS,RAICES,260
2026-04-28,ENTRE RÍOS,TALITA,3
2026-04-28,ENTRE RÍOS,TALITAS-GUALEGUAYCHU,90
2026-04-28,ENTRE RÍOS,VICTORIA,2300
2026-04-28,ENTRE RÍOS,VILLA URQUIZA,61
2026-04-28,ENTRE RÍOS,VILLAGUAY,95
2026-04-28,LA PAMPA,BERNARDO LARROUDE,30
2026-04-28,LA PAMPA,CATRILO,7240
2026-04-28,LA PAMPA,GENERAL PICO,4337
2026-04-28,LA PAMPA,QUEMU-QUEMU,1280
2026-04-28,SALTA,LAS LAJITAS,426
2026-04-28,SAN LUIS,CONLARA,150
2026-04-28,SAN LUIS,JUSTO DARACT,2100
2026-04-28,SANTA FE,ALBARELLOS,90
2026-04-28,SANTA FE,ALVAREZ,90
2026-04-28,SANTA FE,AMENABAR,300
2026-04-28,SANTA FE,ARMINDA,180
2026-04-28,SANTA FE,ARMSTRONG,120
2026-04-28,SANTA FE,BARRANCAS,60
2026-04-28,SANTA FE,BIGAND,5006
2026-04-28,SANTA FE,BOMBAL,573
2026-04-28,SANTA FE,BUSTINZA,15
2026-04-28,SANTA FE,CAFFERATA,200
2026-04-28,SANTA FE,CAMPO ANDINO,43
2026-04-28,SANTA FE,CARCARAÑA,210
2026-04-28,SANTA FE,CARMEN,90
2026-04-28,SANTA FE,CARRERAS,150
2026-04-28,SANTA FE,CHABAS,150
2026-04-28,SANTA FE,CHAPUY,10678
2026-04-28,SANTA FE,CHOVET,150
2026-04-28,SANTA FE,CLASON,30
2026-04-28,SANTA FE,CORONDA,32
2026-04-28,SANTA FE,EMILIA,60
2026-04-28,SANTA FE,ESMERALDA,30
2026-04-28,SANTA FE,ESTACION CLUCELLAS,420
2026-04-28,SANTA FE,FIGHIERA,1000
2026-04-28,SANTA FE,FRONTERA,105
2026-04-28,SANTA FE,GALVEZ,270
2026-04-28,SANTA FE,GODOY,90
2026-04-28,SANTA FE,IBARLUCEA,210
2026-04-28,SANTA FE,IRIGOYEN,110
2026-04-28,SANTA FE,LARRECHEA (DPTO. SAN,94
2026-04-28,SANTA FE,LAS PAREJAS,124
2026-04-28,SANTA FE,LAS PETACAS,180
2026-04-28,SANTA FE,LAS ROSAS,3553
2026-04-28,SANTA FE,LOS CARDOS,591
2026-04-28,SANTA FE,LUIS PALACIOS,10850
2026-04-28,SANTA FE,MACIEL,30
2026-04-28,SANTA FE,MARIA JUANA,19400
2026-04-28,SANTA FE,MARIA SUSANA,52
2026-04-28,SANTA FE,MONTES DE OCA,300
2026-04-28,SANTA FE,MURPHY,190
2026-04-28,SANTA FE,PAZ,1200
2026-04-28,SANTA FE,PILAR,500
2026-04-28,SANTA FE,PUEBLO RAMONA,25
2026-04-28,SANTA FE,PUERTO GRAL SAN MARTIN,300
2026-04-28,SANTA FE,RAFAELA,500
2026-04-28,SANTA FE,ROMANG,60
2026-04-28,SANTA FE,ROSARIO,9700
2026-04-28,SANTA FE,RUFINO,620
2026-04-28,SANTA FE,SAN JOSE DE LA ESQUI,90
2026-04-28,SANTA FE,SAN JUSTO,300
2026-04-28,SANTA FE,SAN LORENZO,4600
2026-04-28,SANTA FE,SAN MARCOS DE VENADO,7800
2026-04-28,SANTA FE,SAN MARTIN DE LAS ES,5014
2026-04-28,SANTA FE,SAN VICENTE (DPTO. C,1090
2026-04-28,SANTA FE,SANCTI SPIRITU,180
2026-04-28,SANTA FE,SANTA CLARA DE BUENA,34
2026-04-28,SANTA FE,SANTA FE,1060
2026-04-28,SANTA FE,SANTA ISABEL,500
2026-04-28,SANTA FE,SOLEDAD,150
2026-04-28,SANTA FE,SUNCHALES,500
2026-04-28,SANTA FE,TEODELINA,35
2026-04-28,SANTA FE,VENADO TUERTO,10895
2026-04-28,SANTA FE,VILLA CAÑAS,2650
2026-04-28,SANTA FE,WHEELWRIGHT,43
2026-04-28,SANTIAGO DEL ESTERO,BANDERA,1723
2026-04-28,SANTIAGO DEL ESTERO,RAPELLI,1500
2026-04-29,BUENOS AIRES,25 DE MAYO,300
2026-04-29,BUENOS AIRES,9 DE JULIO,470
2026-04-29,BUENOS AIRES,ALBERTI,510
2026-04-29,BUENOS AIRES,AMERICA,390
2026-04-29,BUENOS AIRES,ARRIBEÑOS,428
2026-04-29,BUENOS AIRES,ASCENSION,3000
2026-04-29,BUENOS AIRES,AZUL,120
2026-04-29,BUENOS AIRES,BAHIA BLANCA,70
2026-04-29,BUENOS AIRES,BALCARCE,200
2026-04-29,BUENOS AIRES,BANDERALO,120
2026-04-29,BUENOS AIRES,BAYAUCA,6
2026-04-29,BUENOS AIRES,BOLIVAR,3000
2026-04-29,BUENOS AIRES,BRAGADO,3831
2026-04-29,BUENOS AIRES,CAPITAN SARMIENTO,450
2026-04-29,BUENOS AIRES,CARABELAS,90
2026-04-29,BUENOS AIRES,CARLOS CASARES,180
2026-04-29,BUENOS AIRES,CHILLAR,55
2026-04-29,BUENOS AIRES,CHIVILCOY,466
2026-04-29,BUENOS AIRES,CLAUDIO C. MOLINA,300
2026-04-29,BUENOS AIRES,COLON,336
2026-04-29,BUENOS AIRES,CORONEL PRINGLES,600
2026-04-29,BUENOS AIRES,DAIREAUX,380
2026-04-29,BUENOS AIRES,DARREGUEIRA,3900
2026-04-29,BUENOS AIRES,DEL CARRIL,59
2026-04-29,BUENOS AIRES,EL ARBOLITO,4
2026-04-29,BUENOS AIRES,ESPARTILLAR (PDO. SAAVEDRA),30
2026-04-29,BUENOS AIRES,FORTIN OLAVARRIA,310
2026-04-29,BUENOS AIRES,GARRE,80
2026-04-29,BUENOS AIRES,GENERAL VILLEGAS,2845
2026-04-29,BUENOS AIRES,HENDERSON,240
2026-04-29,BUENOS AIRES,INGENIERO MONETA,60
2026-04-29,BUENOS AIRES,JUNIN,774
2026-04-29,BUENOS AIRES,LINCOLN,5787
2026-04-29,BUENOS AIRES,LOS TOLDOS,1405
2026-04-29,BUENOS AIRES,NECOCHEA,1000
2026-04-29,BUENOS AIRES,O HIGGINS,120
2026-04-29,BUENOS AIRES,OLAVARRIA,150
2026-04-29,BUENOS AIRES,PEDERNALES,90
2026-04-29,BUENOS AIRES,PEHUAJO,650
2026-04-29,BUENOS AIRES,PERGAMINO,327
2026-04-29,BUENOS AIRES,QUEQUEN,700
2026-04-29,BUENOS AIRES,ROJAS,1210
2026-04-29,BUENOS AIRES,SALAZAR,19
2026-04-29,BUENOS AIRES,SALLIQUELO,400
2026-04-29,BUENOS AIRES,SALTO,1328
2026-04-29,BUENOS AIRES,TANDIL,300
2026-04-29,BUENOS AIRES,TORNQUIST,710
2026-04-29,BUENOS AIRES,TRENQUE LAUQUEN,1717
2026-04-29,BUENOS AIRES,TRES ARROYOS,270
2026-04-29,BUENOS AIRES,VEDIA,781
2026-04-29,CHACO,CORZUELA,600
2026-04-29,CHACO,VILLA ANGELA,20
2026-04-29,CIUDAD AUTÓNOMA DE BUENOS AIRES,CAPITAL FEDERAL,600
2026-04-29,CÓRDOBA,ADELIA MARIA,1600
2026-04-29,CÓRDOBA,ALEJANDRO ROCA,90
2026-04-29,CÓRDOBA,ALEJO LEDESMA,207
2026-04-29,CÓRDOBA,BELL VILLE,763
2026-04-29,CÓRDOBA,BENGOLEA,210
2026-04-29,CÓRDOBA,CAÑADA DE MACHADO,8
2026-04-29,CÓRDOBA,CHARRAS,500
2026-04-29,CÓRDOBA,COLONIA ALMADA,300
2026-04-29,CÓRDOBA,CORONEL MOLDES,200
2026-04-29,CÓRDOBA,CORRAL DE BUSTOS,48
2026-04-29,CÓRDOBA,EL CANO,300
2026-04-29,CÓRDOBA,ESTACION GENERAL PAZ,150
2026-04-29,CÓRDOBA,FREYRE,510
2026-04-29,CÓRDOBA,GENERAL BALDISSERA,9
2026-04-29,CÓRDOBA,GENERAL CABRERA,30
2026-04-29,CÓRDOBA,GENERAL LEVALLE,60
2026-04-29,CÓRDOBA,GUATIMOZIN,60
2026-04-29,CÓRDOBA,HERNANDO,1100
2026-04-29,CÓRDOBA,HUINCA RENANCO,3620
2026-04-29,CÓRDOBA,INRIVILLE,200
2026-04-29,CÓRDOBA,JESUS MARIA,121
2026-04-29,CÓRDOBA,JUSTINIANO POSSE,2000
2026-04-29,CÓRDOBA,LA PUERTA (DPTO. RIO,24
2026-04-29,CÓRDOBA,LA TORDILLA NORTE,30
2026-04-29,CÓRDOBA,LABOULAYE,1080
2026-04-29,CÓRDOBA,LAGUNA LARGA,300
2026-04-29,CÓRDOBA,LAGUNILLA (PILAR-DPT,1250
2026-04-29,CÓRDOBA,LAS JUNTURAS,60
2026-04-29,CÓRDOBA,MARCOS JUAREZ,1214
2026-04-29,CÓRDOBA,MELO,1000
2026-04-29,CÓRDOBA,MONTE BUEY,172
2026-04-29,CÓRDOBA,MONTE CRISTO,200
2026-04-29,CÓRDOBA,MORRISON,100
2026-04-29,CÓRDOBA,NOETINGER,90
2026-04-29,CÓRDOBA,PINCEN,120
2026-04-29,CÓRDOBA,PUEBLO ITALIANO,205
2026-04-29,CÓRDOBA,RANQUELES,500
2026-04-29,CÓRDOBA,REDUCCION,200
2026-04-29,CÓRDOBA,RIO CUARTO,1352
2026-04-29,CÓRDOBA,RIO PRIMERO,17
2026-04-29,CÓRDOBA,RIO TERCERO,600
2026-04-29,CÓRDOBA,SAN BASILIO,500
2026-04-29,CÓRDOBA,SANTA ROSA DE RIO PR,125
2026-04-29,CÓRDOBA,SANTIAGO TEMPLE,60
2026-04-29,CÓRDOBA,TRANSITO,610
2026-04-29,CÓRDOBA,UCACHA,300
2026-04-29,CÓRDOBA,VICUÑA MACKENNA,2779
2026-04-29,CÓRDOBA,VILLA DEL ROSARIO,30
2026-04-29,CÓRDOBA,VILLA DEL TOTORAL,550
2026-04-29,CÓRDOBA,VILLA HUIDOBRO,6520
2026-04-29,CÓRDOBA,VILLA MARIA (DPTO. G,2000
2026-04-29,CÓRDOBA,VILLA VALERIA,100
2026-04-29,CÓRDOBA,WENCESLAO ESCALANTE,2000
2026-04-29,ENTRE RÍOS,ALDEA SALTO,10
2026-04-29,ENTRE RÍOS,ALTAMIRANO NORTE,60
2026-04-29,ENTRE RÍOS,BASAVILBASO,18
2026-04-29,ENTRE RÍOS,CURTIEMBRE,500
2026-04-29,ENTRE RÍOS,GALARZA,344
2026-04-29,ENTRE RÍOS,GENACITO,1024
2026-04-29,ENTRE RÍOS,GOBERNADOR ECHAGUE,600
2026-04-29,ENTRE RÍOS,GUALEGUAY,30
2026-04-29,ENTRE RÍOS,HERRERA,403
2026-04-29,ENTRE RÍOS,LA PAZ,750
2026-04-29,ENTRE RÍOS,LARROQUE,30
2026-04-29,ENTRE RÍOS,MARIA GRANDE,31
2026-04-29,ENTRE RÍOS,PAJONAL,1275
2026-04-29,ENTRE RÍOS,URDINARRAIN,360
2026-04-29,ENTRE RÍOS,VIALE,30
2026-04-29,ENTRE RÍOS,VICTORIA,600
2026-04-29,ENTRE RÍOS,VILLA FONTANA,901
2026-04-29,ENTRE RÍOS,VILLAGUAY,12
2026-04-29,JUJUY,EL PIQUETE,1000
2026-04-29,LA PAMPA,BERNARDO LARROUDE,3000
2026-04-29,LA PAMPA,CORONEL HILARIO LAGO,800
2026-04-29,LA PAMPA,EDUARDO CASTEX,180
2026-04-29,LA PAMPA,GENERAL PICO,2452
2026-04-29,LA PAMPA,INTENDENTE ALVEAR,128
2026-04-29,LA PAMPA,PARERA,120
2026-04-29,LA PAMPA,RANCUL,500
2026-04-29,SALTA,CEIBALITO,200
2026-04-29,SALTA,EL GALPON,400
2026-04-29,SALTA,GENERAL PIZARRO,1000
2026-04-29,SALTA,LUIS BURELA,200
2026-04-29,SALTA,PIZARRO,200
2026-04-29,SAN LUIS,CONCARAN,30
2026-04-29,SAN LUIS,LIBORIO LUNA,300
2026-04-29,SAN LUIS,SALADILLO,500
2026-04-29,SANTA FE,ARMSTRONG,360
2026-04-29,SANTA FE,BARRANCAS,180
2026-04-29,SANTA FE,BERABEVU,660
2026-04-29,SANTA FE,BOMBAL,30
2026-04-29,SANTA FE,CAFFERATA,863
2026-04-29,SANTA FE,CAMPO ANDINO,117
2026-04-29,SANTA FE,CARCARAÑA,10
2026-04-29,SANTA FE,CARLOS PELLEGRINI,100
2026-04-29,SANTA FE,CARRERAS,30
2026-04-29,SANTA FE,CASILDA,140
2026-04-29,SANTA FE,CENTENO,120
2026-04-29,SANTA FE,CHAPUY,1220
2026-04-29,SANTA FE,CLUCELLAS,31
2026-04-29,SANTA FE,COLONIA BELGRANO,89
2026-04-29,SANTA FE,DIAZ,150
2026-04-29,SANTA FE,EL ARAZA,8
2026-04-29,SANTA FE,EMILIA,121
2026-04-29,SANTA FE,GALISTEO,52
2026-04-29,SANTA FE,GALVEZ,300
2026-04-29,SANTA FE,GODOY,30
2026-04-29,SANTA FE,"HUMBERTO I""",260
2026-04-29,SANTA FE,IRIGOYEN,390
2026-04-29,SANTA FE,JUNCAL,450
2026-04-29,SANTA FE,LAS PAREJAS,21
2026-04-29,SANTA FE,LAS PETACAS,120
2026-04-29,SANTA FE,LAS ROSAS,430
2026-04-29,SANTA FE,LOS QUIRQUINCHOS,72
2026-04-29,SANTA FE,LUIS PALACIOS,4000
2026-04-29,SANTA FE,MARIA JUANA,1600
2026-04-29,SANTA FE,MONJE,200
2026-04-29,SANTA FE,MONTE OBSCURIDAD,300
2026-04-29,SANTA FE,PUEBLO RAMONA,30
2026-04-29,SANTA FE,PUJATO,30
2026-04-29,SANTA FE,RAFAELA,420
2026-04-29,SANTA FE,ROLDAN,144
2026-04-29,SANTA FE,ROSARIO,5444
2026-04-29,SANTA FE,RUFINO,508
2026-04-29,SANTA FE,SAN GENARO,30
2026-04-29,SANTA FE,SAN LORENZO,630
2026-04-29,SANTA FE,SAN MARCOS DE VENADO,2400
2026-04-29,SANTA FE,SAN MARTIN DE LAS ES,13000
2026-04-29,SANTA FE,SANCTI SPIRITU,460
2026-04-29,SANTA FE,SANFORD,50
2026-04-29,SANTA FE,SANTA FE,1930
2026-04-29,SANTA FE,SANTA ISABEL,500
2026-04-29,SANTA FE,TOTORAS,129
2026-04-29,SANTA FE,VENADO TUERTO,1338
2026-04-29,SANTA FE,ZENON PEREYRA,90
2026-04-29,SANTIAGO DEL ESTERO,JIMENEZ,300
2026-04-29,SANTIAGO DEL ESTERO,LOS JURIES,12
2026-04-29,SANTIAGO DEL ESTERO,QUIMILI,810
2026-04-29,SANTIAGO DEL ESTERO,VILELAS,500
2026-04-29,SANTIAGO DEL ESTERO,VINARA,180
2026-04-29,TUCUMÁN,EL PUESTITO (DPTO. B,60
2026-04-29,TUCUMÁN,RUMI PUNCO,180
2026-04-30,BUENOS AIRES,ADOLFO ALSINA,650
2026-04-30,BUENOS AIRES,ALBERTI,270
2026-04-30,BUENOS AIRES,AMERICA,679
2026-04-30,BUENOS AIRES,ARRIBEÑOS,190
2026-04-30,BUENOS AIRES,BAHIA BLANCA,330
2026-04-30,BUENOS AIRES,BAIGORRITA,180
2026-04-30,BUENOS AIRES,BOLIVAR,150
2026-04-30,BUENOS AIRES,BONNEMENT (APEADERO,150
2026-04-30,BUENOS AIRES,BRAGADO,2150
2026-04-30,BUENOS AIRES,CARLOS CASARES,1145
2026-04-30,BUENOS AIRES,CHIVILCOY,30
2026-04-30,BUENOS AIRES,COLON,90
2026-04-30,BUENOS AIRES,COMANDANTE NICANOR O,500
2026-04-30,BUENOS AIRES,CORONEL DORREGO,210
2026-04-30,BUENOS AIRES,CORONEL PRINGLES,60
2026-04-30,BUENOS AIRES,EL ARBOLITO,6
2026-04-30,BUENOS AIRES,GENERAL LAMADRID,210
2026-04-30,BUENOS AIRES,GENERAL VILLEGAS,690
2026-04-30,BUENOS AIRES,GONZALES CHAVES,2000
2026-04-30,BUENOS AIRES,HENDERSON,300
2026-04-30,BUENOS AIRES,JUNIN,150
2026-04-30,BUENOS AIRES,LINCOLN,1000
2026-04-30,BUENOS AIRES,LOBERIA,120
2026-04-30,BUENOS AIRES,MAIPU,200
2026-04-30,BUENOS AIRES,MERCEDES,30
2026-04-30,BUENOS AIRES,OLAVARRIA,231
2026-04-30,BUENOS AIRES,PEDERNALES,90
2026-04-30,BUENOS AIRES,PEHUAJO,900
2026-04-30,BUENOS AIRES,PELLEGRINI,30
2026-04-30,BUENOS AIRES,PIGUE,4500
2026-04-30,BUENOS AIRES,ROJAS,583
2026-04-30,BUENOS AIRES,SALTO,115
2026-04-30,BUENOS AIRES,SAN ANDRES DE GILES,390
2026-04-30,BUENOS AIRES,SAN MIGUEL ARCANGEL,90
2026-04-30,BUENOS AIRES,SANSINENA,34
2026-04-30,BUENOS AIRES,SUIPACHA,30
2026-04-30,BUENOS AIRES,TANDIL,14
2026-04-30,BUENOS AIRES,TORNQUIST,203
2026-04-30,BUENOS AIRES,TRENQUE LAUQUEN,90
2026-04-30,BUENOS AIRES,TRES ARROYOS,1565
2026-04-30,BUENOS AIRES,VEDIA,115
2026-04-30,CHACO,PRESIDENCIA ROQUE SAENZ PEÑA,123
2026-04-30,CIUDAD AUTÓNOMA DE BUENOS AIRES,CAPITAL FEDERAL,5090
2026-04-30,CÓRDOBA,ADELIA MARIA,173
2026-04-30,CÓRDOBA,ALEJANDRO ROCA,24088
2026-04-30,CÓRDOBA,BELL VILLE,678
2026-04-30,CÓRDOBA,CANALS,29
2026-04-30,CÓRDOBA,CHARRAS,100
2026-04-30,CÓRDOBA,CORONEL MOLDES,1000
2026-04-30,CÓRDOBA,CORRAL DE BUSTOS,455
2026-04-30,CÓRDOBA,ESTACION GENERAL PAZ,60
2026-04-30,CÓRDOBA,FREYRE,420
2026-04-30,CÓRDOBA,GENERAL LEVALLE,93
2026-04-30,CÓRDOBA,JESUS MARIA,150
2026-04-30,CÓRDOBA,JUSTINIANO POSSE,1000
2026-04-30,CÓRDOBA,LA CAÑADA GRANDE,500
2026-04-30,CÓRDOBA,LA FRANCIA,60
2026-04-30,CÓRDOBA,LABOULAYE,119
2026-04-30,CÓRDOBA,LAS ACEQUIAS,112
2026-04-30,CÓRDOBA,LAS HIGUERAS (DPTO.,41
2026-04-30,CÓRDOBA,LAS PERDICES,85
2026-04-30,CÓRDOBA,LEONES,10
2026-04-30,CÓRDOBA,LUQUE,28
2026-04-30,CÓRDOBA,MARCOS JUAREZ,532
2026-04-30,CÓRDOBA,MATTALDI,400
2026-04-30,CÓRDOBA,MONTE BUEY,1769
2026-04-30,CÓRDOBA,MONTE MAIZ,120
2026-04-30,CÓRDOBA,RIO PRIMERO,437
2026-04-30,CÓRDOBA,RIO TERCERO,36
2026-04-30,CÓRDOBA,TOLEDO,180
2026-04-30,CÓRDOBA,VICUÑA MACKENNA,1240
2026-04-30,CÓRDOBA,VILLA DEL TOTORAL,150
2026-04-30,CÓRDOBA,VILLA MARIA (DPTO. G,1100
2026-04-30,CÓRDOBA,WENCESLAO ESCALANTE,110
2026-04-30,ENTRE RÍOS,ALDEA PROTESTANTE,43
2026-04-30,ENTRE RÍOS,ALDEA VALLE MARIA,56
2026-04-30,ENTRE RÍOS,COSTA GRANDE,300
2026-04-30,ENTRE RÍOS,DIAMANTE,8
2026-04-30,ENTRE RÍOS,GUALEGUAY,1020
2026-04-30,ENTRE RÍOS,IRAZUSTA,180
2026-04-30,ENTRE RÍOS,LA PAZ,1590
2026-04-30,ENTRE RÍOS,LARROQUE,90
2026-04-30,ENTRE RÍOS,MOJONES SUD,126
2026-04-30,ENTRE RÍOS,PASO DE LA LAGUNA,10
2026-04-30,ENTRE RÍOS,RAICES OESTE,100
2026-04-30,ENTRE RÍOS,URDINARRAIN,800
2026-04-30,ENTRE RÍOS,VIALE,135
2026-04-30,ENTRE RÍOS,VICTORIA,210
2026-04-30,LA PAMPA,BERNARDO LARROUDE,100
2026-04-30,LA PAMPA,GENERAL PICO,1030
2026-04-30,LA PAMPA,INTENDENTE ALVEAR,244
2026-04-30,SALTA,LAS LAJITAS,700
2026-04-30,SALTA,RIO DEL VALLE,315
2026-04-30,SAN LUIS,ALTO PELADO,4063
2026-04-30,SAN LUIS,BUENA ESPERANZA,180
2026-04-30,SAN LUIS,CANDELARIA,300
2026-04-30,SAN LUIS,COMANDANTE GRANVILLE,500
2026-04-30,SAN LUIS,EL MORRO,500
2026-04-30,SAN LUIS,FRAGA,500
2026-04-30,SAN LUIS,VILLA MERCEDES,5000
2026-04-30,SANTA FE,ALCORTA DTO CONSTITU,60
2026-04-30,SANTA FE,ARMINDA,60
2026-04-30,SANTA FE,ARMSTRONG,420
2026-04-30,SANTA FE,ARTEAGA,7
2026-04-30,SANTA FE,BARRANCAS,120
2026-04-30,SANTA FE,BOMBAL,60
2026-04-30,SANTA FE,BUSTINZA,152
2026-04-30,SANTA FE,CAFFERATA,35
2026-04-30,SANTA FE,CARCARAÑA,150
2026-04-30,SANTA FE,CARRERAS,30
2026-04-30,SANTA FE,CASILDA,20
2026-04-30,SANTA FE,CHABAS,54
2026-04-30,SANTA FE,COLONIA LA YERBA,90
2026-04-30,SANTA FE,INGENIERO CHANOURDIE,14
2026-04-30,SANTA FE,IRIGOYEN,250
2026-04-30,SANTA FE,LOS CARDOS,754
2026-04-30,SANTA FE,LUIS PALACIOS,3450
2026-04-30,SANTA FE,MALABRIGO,167
2026-04-30,SANTA FE,MARIA JUANA,7500
2026-04-30,SANTA FE,PILAR,364
2026-04-30,SANTA FE,PRESIDENTE ROCA,26
2026-04-30,SANTA FE,PROVIDENCIA,156
2026-04-30,SANTA FE,PUERTO GRAL SAN MARTIN,1200
2026-04-30,SANTA FE,ROSARIO,2060
2026-04-30,SANTA FE,SAN JERONIMO SUD,30
2026-04-30,SANTA FE,SAN LORENZO,3648
2026-04-30,SANTA FE,SANCTI SPIRITU,60
2026-04-30,SANTA FE,SANTA FE,7030
2026-04-30,SANTA FE,SUARDI,90
2026-04-30,SANTA FE,TEODELINA,300
2026-04-30,SANTA FE,VENADO TUERTO,9194
2026-04-30,SANTA FE,VILLA CAÑAS,90
2026-04-30,SANTA FE,WHEELWRIGHT,6
2026-04-30,SANTA FE,ZENON PEREYRA,240
2026-04-30,SANTIAGO DEL ESTERO,BOBADAL,180
2026-04-30,SANTIAGO DEL ESTERO,GUASAYAN,1000
2026-04-30,SANTIAGO DEL ESTERO,LA AIDA,24
2026-04-30,SANTIAGO DEL ESTERO,VINARA,200
2026-05-01,BUENOS AIRES,NECOCHEA,1200
2026-05-01,CÓRDOBA,VILLA DOLORES,118
2026-05-02,BUENOS AIRES,GENERAL PINTO,210
2026-05-02,BUENOS AIRES,JUAN BAUTISTA ALBERD,150
2026-05-02,BUENOS AIRES,VEDIA,95
2026-05-03,SANTA FE,SAN LORENZO,210
2026-05-04,BUENOS AIRES,25 DE MAYO,180
2026-05-04,BUENOS AIRES,9 DE JULIO,1512
2026-05-04,BUENOS AIRES,ALBERTI,510
2026-05-04,BUENOS AIRES,AMEGHINO,150
2026-05-04,BUENOS AIRES,AMERICA,3149
2026-05-04,BUENOS AIRES,ARRECIFES,60
2026-05-04,BUENOS AIRES,ARRIBEÑOS,683
2026-05-04,BUENOS AIRES,AYACUCHO,285
2026-05-04,BUENOS AIRES,BAHIA BLANCA,240
2026-05-04,BUENOS AIRES,BANDERALO,1276
2026-05-04,BUENOS AIRES,BARADERO,427
2026-05-04,BUENOS AIRES,BOLIVAR,1015
2026-05-04,BUENOS AIRES,BRAGADO,5820
2026-05-04,BUENOS AIRES,CARABELAS,1000
2026-05-04,BUENOS AIRES,CARHUE,90
2026-05-04,BUENOS AIRES,CARLOS CASARES,6000
2026-05-04,BUENOS AIRES,CHASCOMUS,180
2026-05-04,BUENOS AIRES,CHIVILCOY,1148
2026-05-04,BUENOS AIRES,COLON,89
2026-05-04,BUENOS AIRES,CORONEL DORREGO,3510
2026-05-04,BUENOS AIRES,CORONEL FALCON,60
2026-05-04,BUENOS AIRES,CORONEL GRANADA,770
2026-05-04,BUENOS AIRES,CORONEL SUAREZ,1000
2026-05-04,BUENOS AIRES,DEL CARRIL,700
2026-05-04,BUENOS AIRES,ESPARTILLAR (PDO. SAAVEDRA),300
2026-05-04,BUENOS AIRES,GENERAL O BRIEN,2
2026-05-04,BUENOS AIRES,GENERAL VILLEGAS,1000
2026-05-04,BUENOS AIRES,GONZALES CHAVES,141
2026-05-04,BUENOS AIRES,HENDERSON,180
2026-05-04,BUENOS AIRES,JUNIN,364
2026-05-04,BUENOS AIRES,LINCOLN,2011
2026-05-04,BUENOS AIRES,LOS TOLDOS,200
2026-05-04,BUENOS AIRES,MAIPU,400
2026-05-04,BUENOS AIRES,MARIANO H. ALFONZO,2100
2026-05-04,BUENOS AIRES,MECHONGUE,11815
2026-05-04,BUENOS AIRES,NECOCHEA,740
2026-05-04,BUENOS AIRES,NORBERTO DE LA RIEST,400
2026-05-04,BUENOS AIRES,O HIGGINS,110
2026-05-04,BUENOS AIRES,OLAVARRIA,210
2026-05-04,BUENOS AIRES,PEHUAJO,523
2026-05-04,BUENOS AIRES,PERGAMINO,791
2026-05-04,BUENOS AIRES,PIEDRITAS,35
2026-05-04,BUENOS AIRES,PIGUE,465
2026-05-04,BUENOS AIRES,QUEQUEN,2260
2026-05-04,BUENOS AIRES,RANCHOS,650
2026-05-04,BUENOS AIRES,RAUCH,60
2026-05-04,BUENOS AIRES,ROJAS,12539
2026-05-04,BUENOS AIRES,SAAVEDRA,160
2026-05-04,BUENOS AIRES,SALLIQUELO,500
2026-05-04,BUENOS AIRES,SALTO,450
2026-05-04,BUENOS AIRES,SAN ANTONIO DE ARECO,90
2026-05-04,BUENOS AIRES,SAN MIGUEL ARCANGEL,60
2026-05-04,BUENOS AIRES,SARASA,3872
2026-05-04,BUENOS AIRES,TANDIL,300
2026-05-04,BUENOS AIRES,TRENQUE LAUQUEN,500
2026-05-04,BUENOS AIRES,TRES ARROYOS,460
2026-05-04,BUENOS AIRES,VEDIA,675
2026-05-04,BUENOS AIRES,VILLA MOQUEHUA,60
2026-05-04,CHACO,CHARATA,600
2026-05-04,CIUDAD AUTÓNOMA DE BUENOS AIRES,CAPITAL FEDERAL,240
2026-05-04,CÓRDOBA,ADELIA MARIA,96
2026-05-04,CÓRDOBA,ALEJANDRO ROCA,500
2026-05-04,CÓRDOBA,ALEJO LEDESMA,270
2026-05-04,CÓRDOBA,ALMAFUERTE,1000
2026-05-04,CÓRDOBA,ALTA GRACIA,3000
2026-05-04,CÓRDOBA,BELL VILLE,488
2026-05-04,CÓRDOBA,CAVANAGH,160
2026-05-04,CÓRDOBA,COLONIA MARINA,30
2026-05-04,CÓRDOBA,COLONIA SILVIO PELLI,180
2026-05-04,CÓRDOBA,CORONEL MOLDES,1000
2026-05-04,CÓRDOBA,CORRAL DE BUSTOS,221
2026-05-04,CÓRDOBA,DEL CAMPILLO,3030
2026-05-04,CÓRDOBA,ESTACION GENERAL PAZ,125
2026-05-04,CÓRDOBA,GENERAL BALDISSERA,185
2026-05-04,CÓRDOBA,HERNANDO,1500
2026-05-04,CÓRDOBA,HIPOLITO BOUCHARD,1000
2026-05-04,CÓRDOBA,HUANCHILLA,25
2026-05-04,CÓRDOBA,HUINCA RENANCO,400
2026-05-04,CÓRDOBA,INRIVILLE,40
2026-05-04,CÓRDOBA,ISLA VERDE (DPTO. MA,1910
2026-05-04,CÓRDOBA,JUSTINIANO POSSE,2400
2026-05-04,CÓRDOBA,LABOULAYE,434
2026-05-04,CÓRDOBA,LAS BAJADAS,30
2026-05-04,CÓRDOBA,LAS JUNTURAS,1100
2026-05-04,CÓRDOBA,LAS PEÑAS SUD,29
2026-05-04,CÓRDOBA,LEONES,30
2026-05-04,CÓRDOBA,LOS CISNES,70
2026-05-04,CÓRDOBA,LOS COMETIERRA,156
2026-05-04,CÓRDOBA,MARCOS JUAREZ,2690
2026-05-04,CÓRDOBA,MATTALDI,165
2026-05-04,CÓRDOBA,MONTE BUEY,376
2026-05-04,CÓRDOBA,NOETINGER,90
2026-05-04,CÓRDOBA,OLIVA,97
2026-05-04,CÓRDOBA,PILAR,1200
2026-05-04,CÓRDOBA,PORTEÑA,500
2026-05-04,CÓRDOBA,RIO CUARTO,1470
2026-05-04,CÓRDOBA,SAN FRANCISCO (DPTO.,110
2026-05-04,CÓRDOBA,SAN JOSE DE LA DORMI,900
2026-05-04,CÓRDOBA,SAN MARCOS SUD,60
2026-05-04,CÓRDOBA,SINSACATE,500
2026-05-04,CÓRDOBA,TRANSITO,120
2026-05-04,CÓRDOBA,UCACHA,12
2026-05-04,CÓRDOBA,VIAMONTE,19
2026-05-04,CÓRDOBA,VICUÑA MACKENNA,990
2026-05-04,CÓRDOBA,VILLA ASCASUBI,70
2026-05-04,CÓRDOBA,VILLA MARIA (DPTO. G,270
2026-05-04,CÓRDOBA,VILLA ROSSI,444
2026-05-04,ENTRE RÍOS,BASAVILBASO,400
2026-05-04,ENTRE RÍOS,COSTA GRANDE,76
2026-05-04,ENTRE RÍOS,CRUCESITAS 7A. SECCI,100
2026-05-04,ENTRE RÍOS,CRUCESITAS 8A. SECCI,100
2026-05-04,ENTRE RÍOS,GUALEGUAY,1400
2026-05-04,ENTRE RÍOS,LA PAZ,450
2026-05-04,ENTRE RÍOS,MOJONES SUD,59
2026-05-04,ENTRE RÍOS,VICTORIA,35
2026-05-04,ENTRE RÍOS,VILLA PARANACITO,300
2026-05-04,LA PAMPA,BERNARDO LARROUDE,350
2026-05-04,LA PAMPA,CATRILO,2060
2026-05-04,LA PAMPA,GENERAL PICO,30
2026-05-04,LA PAMPA,INTENDENTE ALVEAR,218
2026-05-04,SALTA,ANTA,5800
2026-05-04,SALTA,LAS LAJITAS,630
2026-05-04,SALTA,RIO DEL VALLE,1000
2026-05-04,SAN LUIS,LA ESQUINA (LAS CHAC,300
2026-05-04,SANTA FE,ALCORTA DTO CONSTITU,90
2026-05-04,SANTA FE,ARMSTRONG,920
2026-05-04,SANTA FE,ARROYO SECO,1000
2026-05-04,SANTA FE,BARRANCAS,60
2026-05-04,SANTA FE,BERNARDO DE IRIGOYEN,60
2026-05-04,SANTA FE,BOMBAL,60
2026-05-04,SANTA FE,BOUQUET,26
2026-05-04,SANTA FE,BUSTINZA,60
2026-05-04,SANTA FE,CAFFERATA,14
2026-05-04,SANTA FE,CAMPO QUIRNO,70
2026-05-04,SANTA FE,CARCARAÑA,720
2026-05-04,SANTA FE,CARRERAS,90
2026-05-04,SANTA FE,CAÑADA DEL UCLE,210
2026-05-04,SANTA FE,CENTENO,60
2026-05-04,SANTA FE,CHABAS,420
2026-05-04,SANTA FE,CHAPUY,1120
2026-05-04,SANTA FE,COLONIA LA YERBA,120
2026-05-04,SANTA FE,ELORTONDO,240
2026-05-04,SANTA FE,GENERAL GELLY,55
2026-05-04,SANTA FE,IRIGOYEN,490
2026-05-04,SANTA FE,LAS PETACAS,280
2026-05-04,SANTA FE,LAS ROSAS,620
2026-05-04,SANTA FE,LOS MOLINOS,48
2026-05-04,SANTA FE,LUIS PALACIOS,510
2026-05-04,SANTA FE,MAGGIOLO,600
2026-05-04,SANTA FE,MARIA JUANA,1310
2026-05-04,SANTA FE,MERCEDITAS,600
2026-05-04,SANTA FE,POZO BORRADO,60
2026-05-04,SANTA FE,PROGRESO,38
2026-05-04,SANTA FE,PUERTO GRAL SAN MARTIN,2000
2026-05-04,SANTA FE,RAFAELA,3000
2026-05-04,SANTA FE,ROSARIO,11300
2026-05-04,SANTA FE,RUFINO,27
2026-05-04,SANTA FE,SALADERO M. CABAL,60
2026-05-04,SANTA FE,SAN GENARO,208
2026-05-04,SANTA FE,SAN JORGE,300
2026-05-04,SANTA FE,SAN JUSTO,10
2026-05-04,SANTA FE,SAN LORENZO,2286
2026-05-04,SANTA FE,SAN MARCOS DE VENADO,2000
2026-05-04,SANTA FE,SAN VICENTE (DPTO. C,120
2026-05-04,SANTA FE,SANTA EMILIA,3200
2026-05-04,SANTA FE,SANTA FE,2000
2026-05-04,SANTA FE,SANTA ISABEL,500
2026-05-04,SANTA FE,SANTA MARGARITA,1000
2026-05-04,SANTA FE,TEODELINA,210
2026-05-04,SANTA FE,VENADO TUERTO,7860
2026-05-04,SANTA FE,VILLA CAÑAS,496
2026-05-04,SANTA FE,ZENON PEREYRA,90
2026-05-04,SANTIAGO DEL ESTERO,AVERIAS,34
2026-05-04,SANTIAGO DEL ESTERO,CUATRO BOCAS,300
2026-05-04,SANTIAGO DEL ESTERO,GUARDIA ESCOLTA,30
2026-05-04,SANTIAGO DEL ESTERO,LOS JURIES,300
2026-05-04,SANTIAGO DEL ESTERO,QUIMILI,300
2026-05-04,SANTIAGO DEL ESTERO,ROVERSI,210
2026-05-04,SANTIAGO DEL ESTERO,SACHAYOJ,1500
2026-05-04,SANTIAGO DEL ESTERO,TACAÑITAS,600
2026-05-04,TUCUMÁN,GOBERNADOR GARMENDIA,500
2026-05-04,TUCUMÁN,LOS PEREYRA,300
2026-05-05,BUENOS AIRES,ADOLFO GONZALES CHAVEZ,60
2026-05-05,BUENOS AIRES,ALBERTI,1300
2026-05-05,BUENOS AIRES,AMERICA,1171
2026-05-05,BUENOS AIRES,ARRECIFES,681
2026-05-05,BUENOS AIRES,ARRIBEÑOS,209
2026-05-05,BUENOS AIRES,ASCENSION,3000
2026-05-05,BUENOS AIRES,BAHIA BLANCA,2000
2026-05-05,BUENOS AIRES,BALCARCE,500
2026-05-05,BUENOS AIRES,BARRIO VILLA GAUCHO,60
2026-05-05,BUENOS AIRES,BELLOCQ,307
2026-05-05,BUENOS AIRES,BOLIVAR,354
2026-05-05,BUENOS AIRES,BRAGADO,1394
2026-05-05,BUENOS AIRES,CARABELAS,750
2026-05-05,BUENOS AIRES,CARHUE,640
2026-05-05,BUENOS AIRES,CARLOS CASARES,5420
2026-05-05,BUENOS AIRES,CHACABUCO,3030
2026-05-05,BUENOS AIRES,CHIVILCOY,390
2026-05-05,BUENOS AIRES,CLAUDIO C. MOLINA,114
2026-05-05,BUENOS AIRES,COLON,275
2026-05-05,BUENOS AIRES,CORONEL DORREGO,45
2026-05-05,BUENOS AIRES,CORONEL GRANADA,770
2026-05-05,BUENOS AIRES,CORONEL SEGUI,150
2026-05-05,BUENOS AIRES,CORONEL SUAREZ,690
2026-05-05,BUENOS AIRES,DEL CARRIL,120
2026-05-05,BUENOS AIRES,FORTIN OLAVARRIA,800
2026-05-05,BUENOS AIRES,GENERAL VILLEGAS,2255
2026-05-05,BUENOS AIRES,GONZALEZ MORENO,210
2026-05-05,BUENOS AIRES,LARTIGAU,140
2026-05-05,BUENOS AIRES,LINCOLN,2079
2026-05-05,BUENOS AIRES,LOBOS,30
2026-05-05,BUENOS AIRES,LOS TOLDOS,121
2026-05-05,BUENOS AIRES,MAIPU,150
2026-05-05,BUENOS AIRES,NECOCHEA,150
2026-05-05,BUENOS AIRES,PEHUAJO,2213
2026-05-05,BUENOS AIRES,PERGAMINO,200
2026-05-05,BUENOS AIRES,PIEDRITAS,180
2026-05-05,BUENOS AIRES,RAFAEL OBLIGADO,90
2026-05-05,BUENOS AIRES,ROJAS,1229
2026-05-05,BUENOS AIRES,SALLIQUELO,360
2026-05-05,BUENOS AIRES,SALTO,300
2026-05-05,BUENOS AIRES,SAN ANTONIO DE ARECO,696
2026-05-05,BUENOS AIRES,SAN MIGUEL DEL MONTE,250
2026-05-05,BUENOS AIRES,SARASA,473
2026-05-05,BUENOS AIRES,TANDIL,1200
2026-05-05,BUENOS AIRES,TORNQUIST,450
2026-05-05,BUENOS AIRES,TRENQUE LAUQUEN,2102
2026-05-05,BUENOS AIRES,TRES ARROYOS,2100
2026-05-05,BUENOS AIRES,VEDIA,494
2026-05-05,CHACO,GANCEDO,100
2026-05-05,CHACO,GENERAL PINEDO,27
2026-05-05,CHACO,LAS BREÑAS,26
2026-05-05,CIUDAD AUTÓNOMA DE BUENOS AIRES,CAPITAL FEDERAL,874
2026-05-05,CÓRDOBA,ABBURRA,150
2026-05-05,CÓRDOBA,ADELIA MARIA,2600
2026-05-05,CÓRDOBA,ALEJANDRO ROCA,59
2026-05-05,CÓRDOBA,ALEJO LEDESMA,53
2026-05-05,CÓRDOBA,ARIAS,554
2026-05-05,CÓRDOBA,ARROYITO,300
2026-05-05,CÓRDOBA,BALLESTEROS SUD,100
2026-05-05,CÓRDOBA,BELL VILLE,863
2026-05-05,CÓRDOBA,COLONIA ALMADA,150
2026-05-05,CÓRDOBA,COLONIA CAROYA,400
2026-05-05,CÓRDOBA,COLONIA LA TORDILLA,500
2026-05-05,CÓRDOBA,COLONIA SANTA RITA (,133
2026-05-05,CÓRDOBA,CORRAL DE BUSTOS,30
2026-05-05,CÓRDOBA,CORRAL DEL BAJO,72
2026-05-05,CÓRDOBA,CORRALITO,400
2026-05-05,CÓRDOBA,DEVOTO,137
2026-05-05,CÓRDOBA,ETRURIA,200
2026-05-05,CÓRDOBA,GENERAL BALDISSERA,5
2026-05-05,CÓRDOBA,GIGENA,150
2026-05-05,CÓRDOBA,HERNANDO,1360
2026-05-05,CÓRDOBA,HIPOLITO BOUCHARD,120
2026-05-05,CÓRDOBA,INRIVILLE,404
2026-05-05,CÓRDOBA,ISLA VERDE (DPTO. MA,25
2026-05-05,CÓRDOBA,JESUS MARIA,400
2026-05-05,CÓRDOBA,JUAREZ CELMAN,600
2026-05-05,CÓRDOBA,JUSTINIANO POSSE,1572
2026-05-05,CÓRDOBA,LA TORDILLA NORTE,300
2026-05-05,CÓRDOBA,LABOULAYE,2224
2026-05-05,CÓRDOBA,LOS CISNES,30
2026-05-05,CÓRDOBA,LUXARDO,35
2026-05-05,CÓRDOBA,MARCOS JUAREZ,1470
2026-05-05,CÓRDOBA,MATORRALES,74
2026-05-05,CÓRDOBA,MONTE BUEY,20
2026-05-05,CÓRDOBA,MONTE CRISTO,870
2026-05-05,CÓRDOBA,MONTE DE LOS GAUCHOS,1000
2026-05-05,CÓRDOBA,MONTE MAIZ,200
2026-05-05,CÓRDOBA,NOETINGER,566
2026-05-05,CÓRDOBA,OLIVA,300
2026-05-05,CÓRDOBA,PASCANAS,28
2026-05-05,CÓRDOBA,PILAR,490
2026-05-05,CÓRDOBA,PINCEN,60
2026-05-05,CÓRDOBA,PLAZA SAN FRANCISCO,936
2026-05-05,CÓRDOBA,PUEBLO ITALIANO,6
2026-05-05,CÓRDOBA,REDUCCION,200
2026-05-05,CÓRDOBA,RIO CUARTO,1011
2026-05-05,CÓRDOBA,RIO PRIMERO,500
2026-05-05,CÓRDOBA,RIO TERCERO,500
2026-05-05,CÓRDOBA,SAN BASILIO,500
2026-05-05,CÓRDOBA,SARMIENTO,11
2026-05-05,CÓRDOBA,SERRANO,435
2026-05-05,CÓRDOBA,TOSQUITA,15
2026-05-05,CÓRDOBA,VIAMONTE,446
2026-05-05,CÓRDOBA,VICUÑA MACKENNA,737
2026-05-05,CÓRDOBA,VILLA MARIA (JESUS M,500
2026-05-05,CÓRDOBA,VILLA VALERIA,1000
2026-05-05,ENTRE RÍOS,ALDEA SPATZENKUTTER,16
2026-05-05,ENTRE RÍOS,BASAVILBASO,300
2026-05-05,ENTRE RÍOS,COLON,67
2026-05-05,ENTRE RÍOS,COLONIA LA PAZ,96
2026-05-05,ENTRE RÍOS,COLONIA SAGASTUME,95
2026-05-05,ENTRE RÍOS,COLONIA SAN MIGUEL,153
2026-05-05,ENTRE RÍOS,COSTA GRANDE DOLL,42
2026-05-05,ENTRE RÍOS,CRUCESITAS 7A. SECCI,34
2026-05-05,ENTRE RÍOS,GENACITO,191
2026-05-05,ENTRE RÍOS,GILBERT,316
2026-05-05,ENTRE RÍOS,GUALEGUAYCHU,152
2026-05-05,ENTRE RÍOS,HERRERA,62
2026-05-05,ENTRE RÍOS,LA PAZ,1500
2026-05-05,ENTRE RÍOS,LARROQUE,62
2026-05-05,ENTRE RÍOS,MARIA GRANDE PRIMERA,117
2026-05-05,ENTRE RÍOS,MARIA GRANDE SEGUNDA,11
2026-05-05,ENTRE RÍOS,PAJONAL,1449
2026-05-05,ENTRE RÍOS,PUNTAS DE MOREIRA,25
2026-05-05,ENTRE RÍOS,SANTA ANITA,182
2026-05-05,ENTRE RÍOS,TABOSSI,814
2026-05-05,ENTRE RÍOS,URDINARRAIN,390
2026-05-05,ENTRE RÍOS,VICTORIA,36
2026-05-05,ENTRE RÍOS,VILLA ELISA,17
2026-05-05,ENTRE RÍOS,VILLA PARANACITO,490
2026-05-05,ENTRE RÍOS,VILLAGUAY,369
2026-05-05,LA PAMPA,BERNARDO LARROUDE,183
2026-05-05,LA PAMPA,CATRILO,2000
2026-05-05,LA PAMPA,GENERAL PICO,2320
2026-05-05,LA PAMPA,INGENIERO LUIGGI,2000
2026-05-05,LA PAMPA,LA HUMADA,300
2026-05-05,SALTA,LAS LAJITAS,1000
2026-05-05,SANTA FE,AMENABAR,264
2026-05-05,SANTA FE,ARMSTRONG,1310
2026-05-05,SANTA FE,BARRANCAS,60
2026-05-05,SANTA FE,BERABEVU,120
2026-05-05,SANTA FE,BIGAND,210
2026-05-05,SANTA FE,CARCARAÑA,330
2026-05-05,SANTA FE,CARMEN,180
2026-05-05,SANTA FE,CARRERAS,150
2026-05-05,SANTA FE,CASILDA,30
2026-05-05,SANTA FE,CAÑADA DEL UCLE,90
2026-05-05,SANTA FE,CENTENO,60
2026-05-05,SANTA FE,CHAPUY,2300
2026-05-05,SANTA FE,COLONIA SAN ANTONIO,140
2026-05-05,SANTA FE,DIAZ,240
2026-05-05,SANTA FE,ELORTONDO,390
2026-05-05,SANTA FE,ESMERALDA,300
2026-05-05,SANTA FE,ESTACION CHRISTOPHER,25
2026-05-05,SANTA FE,IRIGOYEN,150
2026-05-05,SANTA FE,JUNCAL,450
2026-05-05,SANTA FE,LAS PAREJAS,167
2026-05-05,SANTA FE,LAS ROSAS,130
2026-05-05,SANTA FE,LAZZARINO,24
2026-05-05,SANTA FE,LUIS PALACIOS,2500
2026-05-05,SANTA FE,MARIA JUANA,10000
2026-05-05,SANTA FE,MARIA SUSANA,268
2026-05-05,SANTA FE,MONTES DE OCA,65
2026-05-05,SANTA FE,PROGRESO,34
2026-05-05,SANTA FE,PUJATO,120
2026-05-05,SANTA FE,ROSARIO,2045
2026-05-05,SANTA FE,RUFINO,420
2026-05-05,SANTA FE,SAN JOSE DE LA ESQUI,180
2026-05-05,SANTA FE,SAN LORENZO,478
2026-05-05,SANTA FE,SANTA FE,150
2026-05-05,SANTA FE,TEODELINA,210
2026-05-05,SANTA FE,TOTORAS,209
2026-05-05,SANTA FE,VENADO TUERTO,4760
2026-05-05,SANTA FE,ZENON PEREYRA,400
2026-05-05,SANTIAGO DEL ESTERO,QUIMILI,200
2026-05-05,SANTIAGO DEL ESTERO,RAPELLI,2000
2026-05-05,SANTIAGO DEL ESTERO,ROVERSI,1000
2026-05-05,TUCUMÁN,LOS PEREYRA,700
2026-05-06,BUENOS AIRES,ALBERTI,60
2026-05-06,BUENOS AIRES,AMERICA,322
2026-05-06,BUENOS AIRES,ARRECIFES,582
2026-05-06,BUENOS AIRES,ARRIBEÑOS,675
2026-05-06,BUENOS AIRES,BAHIA BLANCA,95
2026-05-06,BUENOS AIRES,BALCARCE,30
2026-05-06,BUENOS AIRES,BOLIVAR,150
2026-05-06,BUENOS AIRES,BORDENAVE,175
2026-05-06,BUENOS AIRES,BRAGADO,2246
2026-05-06,BUENOS AIRES,CARHUE,940
2026-05-06,BUENOS AIRES,CARLOS CASARES,5630
2026-05-06,BUENOS AIRES,CARMEN DE ARECO,42
2026-05-06,BUENOS AIRES,CAÑADA SECA,113
2026-05-06,BUENOS AIRES,CHACABUCO,1030
2026-05-06,BUENOS AIRES,CHIVILCOY,380
2026-05-06,BUENOS AIRES,COLON,993
2026-05-06,BUENOS AIRES,CORONEL DORREGO,59
2026-05-06,BUENOS AIRES,CORONEL PRINGLES,70
2026-05-06,BUENOS AIRES,CORONEL SUAREZ,31
2026-05-06,BUENOS AIRES,DAIREAUX,360
2026-05-06,BUENOS AIRES,FORTIN OLAVARRIA,650
2026-05-06,BUENOS AIRES,GENERAL PINTO,90
2026-05-06,BUENOS AIRES,GERMANIA,18
2026-05-06,BUENOS AIRES,HENDERSON,210
2026-05-06,BUENOS AIRES,INGENIERO BALBIN,1000
2026-05-06,BUENOS AIRES,LINCOLN,676
2026-05-06,BUENOS AIRES,LOBERIA,3002
2026-05-06,BUENOS AIRES,MAR DEL PLATA,90
2026-05-06,BUENOS AIRES,NAVARRO,60
2026-05-06,BUENOS AIRES,O HIGGINS,270
2026-05-06,BUENOS AIRES,PEHUAJO,144
2026-05-06,BUENOS AIRES,PIEDRITAS,4
2026-05-06,BUENOS AIRES,PUAN,900
2026-05-06,BUENOS AIRES,RAUCH,60
2026-05-06,BUENOS AIRES,ROJAS,130
2026-05-06,BUENOS AIRES,SALLIQUELO,30
2026-05-06,BUENOS AIRES,SALTO,120
2026-05-06,BUENOS AIRES,SAN ANTONIO DE ARECO,1030
2026-05-06,BUENOS AIRES,SAN PEDRO,420
2026-05-06,BUENOS AIRES,TRENQUE LAUQUEN,420
2026-05-06,BUENOS AIRES,TRES ARROYOS,530
2026-05-06,BUENOS AIRES,TRIUNVIRATO,60
2026-05-06,BUENOS AIRES,VEDIA,334
2026-05-06,CHACO,GANCEDO,11
2026-05-06,CIUDAD AUTÓNOMA DE BUENOS AIRES,CAPITAL FEDERAL,1700
2026-05-06,CÓRDOBA,ADELIA MARIA,250
2026-05-06,CÓRDOBA,ARIAS,36
2026-05-06,CÓRDOBA,BELL VILLE,688
2026-05-06,CÓRDOBA,CALCHIN OESTE,35
2026-05-06,CÓRDOBA,CAVANAGH,219
2026-05-06,CÓRDOBA,COLONIA LUQUE,300
2026-05-06,CÓRDOBA,COLONIA SAN BARTOLOM,30
2026-05-06,CÓRDOBA,COMECHINGONES (DPTO.,100
2026-05-06,CÓRDOBA,CORRAL DE BUSTOS,200
2026-05-06,CÓRDOBA,DEVOTO,4
2026-05-06,CÓRDOBA,ESTACION GENERAL PAZ,210
2026-05-06,CÓRDOBA,HIPOLITO BOUCHARD,300
2026-05-06,CÓRDOBA,HUINCA RENANCO,1064
2026-05-06,CÓRDOBA,IDIAZABAL,300
2026-05-06,CÓRDOBA,INRIVILLE,121
2026-05-06,CÓRDOBA,LA AGUADA (LA HIGUER,160
2026-05-06,CÓRDOBA,LABOULAYE,90
2026-05-06,CÓRDOBA,LOS CONDORES,1739
2026-05-06,CÓRDOBA,LOS SURGENTES,14
2026-05-06,CÓRDOBA,MARCOS JUAREZ,480
2026-05-06,CÓRDOBA,MARULL,432
2026-05-06,CÓRDOBA,MATORRALES,35
2026-05-06,CÓRDOBA,MONTE BUEY,500
2026-05-06,CÓRDOBA,MONTE RALO,147
2026-05-06,CÓRDOBA,ORDOÑEZ,53
2026-05-06,CÓRDOBA,PASCANAS,31
2026-05-06,CÓRDOBA,PILAR,90
2026-05-06,CÓRDOBA,PUEBLO ITALIANO,25
2026-05-06,CÓRDOBA,RIO PRIMERO,31
2026-05-06,CÓRDOBA,RIO TERCERO,60
2026-05-06,CÓRDOBA,SANTA RITA (DPTO. GR,13
2026-05-06,CÓRDOBA,SINSACATE,36
2026-05-06,CÓRDOBA,VIAMONTE,3
2026-05-06,CÓRDOBA,VICUÑA MACKENNA,1294
2026-05-06,ENTRE RÍOS,ARROYO BARU,184
2026-05-06,ENTRE RÍOS,COLONIA ELIA,247
2026-05-06,ENTRE RÍOS,COLONIA SAN CIPRIANO,183
2026-05-06,ENTRE RÍOS,COLONIA SAN MIGUEL,63
2026-05-06,ENTRE RÍOS,CRUCESITAS 7A. SECCI,481
2026-05-06,ENTRE RÍOS,DIAMANTE,30
2026-05-06,ENTRE RÍOS,GENERAL GALARZA,600
2026-05-06,ENTRE RÍOS,GUALEGUAY,194
2026-05-06,ENTRE RÍOS,INGENIERO MIGUEL SAJ,153
2026-05-06,ENTRE RÍOS,LA PAZ,2036
2026-05-06,ENTRE RÍOS,MARIA GRANDE,32
2026-05-06,ENTRE RÍOS,MOJONES SUD,209
2026-05-06,ENTRE RÍOS,PRONUNCIAMIENTO,144
2026-05-06,ENTRE RÍOS,QUEBRACHO (DPTO. PAR,150
2026-05-06,ENTRE RÍOS,RAICES,35
2026-05-06,ENTRE RÍOS,URDINARRAIN,666
2026-05-06,ENTRE RÍOS,VIALE,91
2026-05-06,ENTRE RÍOS,VILLA CLARA,129
2026-05-06,ENTRE RÍOS,VILLA ELISA,300
2026-05-06,ENTRE RÍOS,VILLA SAN MARCIAL,383
2026-05-06,ENTRE RÍOS,VILLAGUAY,504
2026-05-06,LA PAMPA,BERNARDO LARROUDE,1850
2026-05-06,LA PAMPA,CATRILO,1500
2026-05-06,LA PAMPA,GENERAL PICO,752
2026-05-06,LA PAMPA,INTENDENTE ALVEAR,143
2026-05-06,SAN LUIS,LA TOMA,18
2026-05-06,SAN LUIS,TILISARAO,71
2026-05-06,SANTA FE,ARMSTRONG,830
2026-05-06,SANTA FE,BARRANCAS,30
2026-05-06,SANTA FE,BERABEVU,68
2026-05-06,SANTA FE,BERNARDO DE IRIGOYEN,28
2026-05-06,SANTA FE,CAFFERATA,30
2026-05-06,SANTA FE,CARCARAÑA,150
2026-05-06,SANTA FE,CARRERAS,110
2026-05-06,SANTA FE,CENTENO,390
2026-05-06,SANTA FE,CHAPUY,5450
2026-05-06,SANTA FE,COLONIA CELLO,30
2026-05-06,SANTA FE,COLONIA SAN ANTONIO,30
2026-05-06,SANTA FE,DIAZ,1210
2026-05-06,SANTA FE,EL TROPEZON,73
2026-05-06,SANTA FE,ELORTONDO,400
2026-05-06,SANTA FE,FIRMAT,158
2026-05-06,SANTA FE,IRIGOYEN,180
2026-05-06,SANTA FE,ITUZAINGO,250
2026-05-06,SANTA FE,JUNCAL,79
2026-05-06,SANTA FE,LAS PAREJAS,15
2026-05-06,SANTA FE,LAS ROSAS,265
2026-05-06,SANTA FE,LOGROÑO,9
2026-05-06,SANTA FE,LOS CARDOS,600
2026-05-06,SANTA FE,LUIS PALACIOS,3710
2026-05-06,SANTA FE,MONTES DE OCA,330
2026-05-06,SANTA FE,MURPHY,368
2026-05-06,SANTA FE,PRESIDENTE ROCA,26
2026-05-06,SANTA FE,PUERTO GRAL SAN MARTIN,1050
2026-05-06,SANTA FE,ROSARIO,1030
2026-05-06,SANTA FE,RUFINO,2650
2026-05-06,SANTA FE,SAN GUILLERMO (DPTO.,64
2026-05-06,SANTA FE,SAN JORGE,800
2026-05-06,SANTA FE,SAN LORENZO,210
2026-05-06,SANTA FE,SAN MARCOS DE VENADO,360
2026-05-06,SANTA FE,SANCTI SPIRITU,2500
2026-05-06,SANTA FE,SANTA FE,60
2026-05-06,SANTA FE,SANTA ISABEL,150
2026-05-06,SANTA FE,SARMIENTO,362
2026-05-06,SANTA FE,VENADO TUERTO,4969
2026-05-06,SANTA FE,VILLA CAÑAS,256
2026-05-06,SANTIAGO DEL ESTERO,BANDERA,684
2026-05-06,SANTIAGO DEL ESTERO,EL PALOMAR (DPTO. JI,1100
2026-05-06,SANTIAGO DEL ESTERO,RAPELLI,1000
2026-05-06,TUCUMÁN,CHILCAS,1000
2026-05-07,BUENOS AIRES,25 DE MAYO,11
2026-05-07,BUENOS AIRES,9 DE JULIO,26
2026-05-07,BUENOS AIRES,ALBERTI,330
2026-05-07,BUENOS AIRES,AMERICA,527
2026-05-07,BUENOS AIRES,ARRECIFES,2060
2026-05-07,BUENOS AIRES,ARRIBEÑOS,140
2026-05-07,BUENOS AIRES,AZUL,30
2026-05-07,BUENOS AIRES,BALCARCE,350
2026-05-07,BUENOS AIRES,BANDERALO,120
2026-05-07,BUENOS AIRES,BOLIVAR,473
2026-05-07,BUENOS AIRES,BRAGADO,400
2026-05-07,BUENOS AIRES,CARLOS CASARES,2500
2026-05-07,BUENOS AIRES,COLON,104
2026-05-07,BUENOS AIRES,CORONEL DORREGO,990
2026-05-07,BUENOS AIRES,CORONEL SEGUI,90
2026-05-07,BUENOS AIRES,CORONEL SUAREZ,510
2026-05-07,BUENOS AIRES,GENERAL VILLEGAS,340
2026-05-07,BUENOS AIRES,HENDERSON,715
2026-05-07,BUENOS AIRES,IRALA,5
2026-05-07,BUENOS AIRES,LINCOLN,83
2026-05-07,BUENOS AIRES,LOBERIA,890
2026-05-07,BUENOS AIRES,NAVARRO,45
2026-05-07,BUENOS AIRES,NECOCHEA,30
2026-05-07,BUENOS AIRES,PEHUAJO,1423
2026-05-07,BUENOS AIRES,PERGAMINO,60
2026-05-07,BUENOS AIRES,PIEDRITAS,60
2026-05-07,BUENOS AIRES,ROJAS,342
2026-05-07,BUENOS AIRES,SALADILLO,60
2026-05-07,BUENOS AIRES,SALTO,380
2026-05-07,BUENOS AIRES,TRENQUE LAUQUEN,697
2026-05-07,BUENOS AIRES,TRES ARROYOS,530
2026-05-07,BUENOS AIRES,TRES LOMAS,780
2026-05-07,BUENOS AIRES,VEDIA,202
2026-05-07,BUENOS AIRES,VICENTE LOPEZ,75
2026-05-07,CIUDAD AUTÓNOMA DE BUENOS AIRES,CAPITAL FEDERAL,427
2026-05-07,CÓRDOBA,AGUA DE LAS PIEDRAS,150
2026-05-07,CÓRDOBA,ALEJANDRO ROCA,60
2026-05-07,CÓRDOBA,ALEJO LEDESMA,616
2026-05-07,CÓRDOBA,ARIAS,202
2026-05-07,CÓRDOBA,ARROYO SANTANA,86
2026-05-07,CÓRDOBA,BELL VILLE,713
2026-05-07,CÓRDOBA,CAVANAGH,37
2026-05-07,CÓRDOBA,CHARRAS,60
2026-05-07,CÓRDOBA,CORONEL MOLDES,150
2026-05-07,CÓRDOBA,CORRAL DE BUSTOS,530
2026-05-07,CÓRDOBA,DEL CAMPILLO,454
2026-05-07,CÓRDOBA,FREYRE,120
2026-05-07,CÓRDOBA,GENERAL CABRERA,240
2026-05-07,CÓRDOBA,GENERAL DEHEZA,50
2026-05-07,CÓRDOBA,GUATIMOZIN,25
2026-05-07,CÓRDOBA,HERNANDO,70
2026-05-07,CÓRDOBA,HIPOLITO BOUCHARD,1000
2026-05-07,CÓRDOBA,HUINCA RENANCO,2000
2026-05-07,CÓRDOBA,INRIVILLE,50
2026-05-07,CÓRDOBA,ISLA VERDE (DPTO. MA,105
2026-05-07,CÓRDOBA,JOVITA,3
2026-05-07,CÓRDOBA,JUSTINIANO POSSE,451
2026-05-07,CÓRDOBA,LA BRIANZA,26
2026-05-07,CÓRDOBA,LA CESIRA,700
2026-05-07,CÓRDOBA,LABORDE,14
2026-05-07,CÓRDOBA,LABOULAYE,1615
2026-05-07,CÓRDOBA,LEONES,680
2026-05-07,CÓRDOBA,LOS CISNES,96
2026-05-07,CÓRDOBA,MARCOS JUAREZ,1160
2026-05-07,CÓRDOBA,MATORRALES,1056
2026-05-07,CÓRDOBA,MONTE BUEY,800
2026-05-07,CÓRDOBA,MONTE MAIZ,350
2026-05-07,CÓRDOBA,MONTE RALO,300
2026-05-07,CÓRDOBA,ORDOÑEZ,400
2026-05-07,CÓRDOBA,PASCANAS,30
2026-05-07,CÓRDOBA,PILAR,460
2026-05-07,CÓRDOBA,PIQUILLIN,330
2026-05-07,CÓRDOBA,PUEBLO ITALIANO,70
2026-05-07,CÓRDOBA,RIO CUARTO,682
2026-05-07,CÓRDOBA,RIO PRIMERO,13
2026-05-07,CÓRDOBA,RIO TERCERO,210
2026-05-07,CÓRDOBA,SERRANO,300
2026-05-07,CÓRDOBA,SINSACATE,120
2026-05-07,CÓRDOBA,SOCONCHO,100
2026-05-07,CÓRDOBA,TOSQUITA,38
2026-05-07,CÓRDOBA,TRANSITO,60
2026-05-07,CÓRDOBA,VIAMONTE,3
2026-05-07,CÓRDOBA,VICUÑA MACKENNA,145
2026-05-07,CÓRDOBA,VILLA HUIDOBRO,500
2026-05-07,CÓRDOBA,VILLA VALERIA,500
2026-05-07,CÓRDOBA,WENCESLAO ESCALANTE,900
2026-05-07,ENTRE RÍOS,ALDEA PROTESTANTE,135
2026-05-07,ENTRE RÍOS,COLONIA LA PAZ,91
2026-05-07,ENTRE RÍOS,COLONIA SAN MIGUEL,91
2026-05-07,ENTRE RÍOS,COLONIA VAZQUEZ,152
2026-05-07,ENTRE RÍOS,DISTRITO ESPINILLO,103
2026-05-07,ENTRE RÍOS,GENERAL RAMIREZ,131
2026-05-07,ENTRE RÍOS,GUALEGUAY,850
2026-05-07,ENTRE RÍOS,LA PAZ,2130
2026-05-07,ENTRE RÍOS,LA SUIZA,219
2026-05-07,ENTRE RÍOS,LARROQUE,554
2026-05-07,ENTRE RÍOS,LAS TUNAS,30
2026-05-07,ENTRE RÍOS,MARIA GRANDE PRIMERA,45
2026-05-07,ENTRE RÍOS,QUEBRACHO (DPTO. PAR,57
2026-05-07,ENTRE RÍOS,SAN SALVADOR,300
2026-05-07,ENTRE RÍOS,SEGUI,242
2026-05-07,ENTRE RÍOS,URDINARRAIN,1000
2026-05-07,ENTRE RÍOS,VALLE MARIA,310
2026-05-07,ENTRE RÍOS,VIALE,143
2026-05-07,ENTRE RÍOS,VICTORIA,950
2026-05-07,ENTRE RÍOS,VILLAGUAY,61
2026-05-07,LA PAMPA,BERNARDO LARROUDE,155
2026-05-07,LA PAMPA,GENERAL PICO,90
2026-05-07,LA PAMPA,INTENDENTE ALVEAR,37
2026-05-07,LA PAMPA,RANCUL,1000
2026-05-07,SANTA FE,ARMSTRONG,300
2026-05-07,SANTA FE,ARROYO AGUIAR,40
2026-05-07,SANTA FE,BARRANCAS,30
2026-05-07,SANTA FE,BOMBAL,290
2026-05-07,SANTA FE,CAFFERATA,66
2026-05-07,SANTA FE,CARCARAÑA,180
2026-05-07,SANTA FE,CARRERAS,60
2026-05-07,SANTA FE,CAÑADA DEL UCLE,120
2026-05-07,SANTA FE,CAÑADA ROSQUIN,14
2026-05-07,SANTA FE,CENTENO,30
2026-05-07,SANTA FE,CHABAS,100
2026-05-07,SANTA FE,CHAPUY,2260
2026-05-07,SANTA FE,COLONIA CASTELLANOS,35
2026-05-07,SANTA FE,ELORTONDO,220
2026-05-07,SANTA FE,ESMERALDA,400
2026-05-07,SANTA FE,HUGHES,50
2026-05-07,SANTA FE,JUNCAL,30
2026-05-07,SANTA FE,LAS PAREJAS,90
2026-05-07,SANTA FE,LAS ROSAS,1133
2026-05-07,SANTA FE,LUIS PALACIOS,1450
2026-05-07,SANTA FE,MARIA JUANA,8000
2026-05-07,SANTA FE,MARIA SUSANA,139
2026-05-07,SANTA FE,MURPHY,180
2026-05-07,SANTA FE,PEYRANO,600
2026-05-07,SANTA FE,PUJATO,210
2026-05-07,SANTA FE,ROSARIO,10199
2026-05-07,SANTA FE,RUFINO,60
2026-05-07,SANTA FE,SAN FRANCISCO DE SAN,6
2026-05-07,SANTA FE,SAN JERONIMO SUD,30
2026-05-07,SANTA FE,SAN JORGE,402
2026-05-07,SANTA FE,SAN JOSE DE LA ESQUI,35
2026-05-07,SANTA FE,SAN LORENZO,800
2026-05-07,SANTA FE,SAN MARTIN DE LAS ES,2
2026-05-07,SANTA FE,SANCTI SPIRITU,4236
2026-05-07,SANTA FE,SANTA EMILIA,442
2026-05-07,SANTA FE,SANTA FE,1225
2026-05-07,SANTA FE,VENADO TUERTO,5745
2026-05-07,SANTA FE,VILLA CAÑAS,1990
2026-05-07,SANTA FE,ZENON PEREYRA,500
2026-05-07,TUCUMÁN,LOS PEREYRA,300
2026-05-08,BUENOS AIRES,9 DE JULIO,159
2026-05-08,BUENOS AIRES,ALBERTI,240
2026-05-08,BUENOS AIRES,AMERICA,1240
2026-05-08,BUENOS AIRES,ARRIBEÑOS,50
2026-05-08,BUENOS AIRES,ASCENSION,1000
2026-05-08,BUENOS AIRES,BRAGADO,7452
2026-05-08,BUENOS AIRES,CARLOS CASARES,3000
2026-05-08,BUENOS AIRES,CHACABUCO,1200
2026-05-08,BUENOS AIRES,CHIVILCOY,783
2026-05-08,BUENOS AIRES,COLON,530
2026-05-08,BUENOS AIRES,CORONEL DORREGO,27
2026-05-08,BUENOS AIRES,DARREGUEIRA,1400
2026-05-08,BUENOS AIRES,EL TRIUNFO,468
2026-05-08,BUENOS AIRES,GENERAL VILLEGAS,6100
2026-05-08,BUENOS AIRES,GONZALES CHAVES,2500
2026-05-08,BUENOS AIRES,HENDERSON,330
2026-05-08,BUENOS AIRES,HUANGUELEN,300
2026-05-08,BUENOS AIRES,INGENIERO THOMPSON,120
2026-05-08,BUENOS AIRES,JUNIN,110
2026-05-08,BUENOS AIRES,LINCOLN,1150
2026-05-08,BUENOS AIRES,LOBERIA,90
2026-05-08,BUENOS AIRES,LOBOS,90
2026-05-08,BUENOS AIRES,PEHUAJO,140
2026-05-08,BUENOS AIRES,QUEQUEN,19
2026-05-08,BUENOS AIRES,RAWSON,2000
2026-05-08,BUENOS AIRES,ROJAS,843
2026-05-08,BUENOS AIRES,SALADILLO,535
2026-05-08,BUENOS AIRES,SALLIQUELO,16
2026-05-08,BUENOS AIRES,SALTO,330
2026-05-08,BUENOS AIRES,SANTA COLOMA,155
2026-05-08,BUENOS AIRES,TRENQUE LAUQUEN,150
2026-05-08,BUENOS AIRES,TRES ARROYOS,540
2026-05-08,BUENOS AIRES,TRES LOMAS,500
2026-05-08,BUENOS AIRES,VEDIA,2980
2026-05-08,CATAMARCA,SANTA ROSA (VALLE VI,400
2026-05-08,CHACO,CHARATA,1000
2026-05-08,CHACO,CORONEL DU GRATY,71
2026-05-08,CHACO,VILLA ANGELA,31
2026-05-08,CIUDAD AUTÓNOMA DE BUENOS AIRES,CAPITAL FEDERAL,2226
2026-05-08,CÓRDOBA,ACHIRAS (DPTO. RIO C,100
2026-05-08,CÓRDOBA,ALEJANDRO ROCA,240
2026-05-08,CÓRDOBA,ALEJO LEDESMA,347
2026-05-08,CÓRDOBA,ARIAS,353
2026-05-08,CÓRDOBA,BELL VILLE,550
2026-05-08,CÓRDOBA,BULNES,69
2026-05-08,CÓRDOBA,CANALS,150
2026-05-08,CÓRDOBA,CARRILOBO,700
2026-05-08,CÓRDOBA,CAVANAGH,575
2026-05-08,CÓRDOBA,CHAJAN,360
2026-05-08,CÓRDOBA,CHARRAS,30
2026-05-08,CÓRDOBA,CHAÑARITOS,500
2026-05-08,CÓRDOBA,COLONIA ALMADA,1000
2026-05-08,CÓRDOBA,COLONIA CAROYA,30
2026-05-08,CÓRDOBA,COLONIA CRISTINA,24
2026-05-08,CÓRDOBA,COLONIA VIDELA,2
2026-05-08,CÓRDOBA,CORRAL DE BUSTOS,202
2026-05-08,CÓRDOBA,DEL CAMPILLO,438
2026-05-08,CÓRDOBA,ELENA,939
2026-05-08,CÓRDOBA,GENERAL CABRERA,736
2026-05-08,CÓRDOBA,GENERAL LEVALLE,1283
2026-05-08,CÓRDOBA,HERNANDO,105
2026-05-08,CÓRDOBA,HIPOLITO BOUCHARD,10
2026-05-08,CÓRDOBA,IDIAZABAL,200
2026-05-08,CÓRDOBA,INRIVILLE,250
2026-05-08,CÓRDOBA,JAMES CRAIK,29
2026-05-08,CÓRDOBA,JUSTINIANO POSSE,30
2026-05-08,CÓRDOBA,LA CESIRA,500
2026-05-08,CÓRDOBA,LABOULAYE,765
2026-05-08,CÓRDOBA,LAS PEÑAS SUD,186
2026-05-08,CÓRDOBA,LOS CISNES,252
2026-05-08,CÓRDOBA,LOS COMETIERRA,329
2026-05-08,CÓRDOBA,MARCOS JUAREZ,1650
2026-05-08,CÓRDOBA,MONTE BUEY,1000
2026-05-08,CÓRDOBA,NOETINGER,84
2026-05-08,CÓRDOBA,PASCANAS,31
2026-05-08,CÓRDOBA,PORTEÑA,210
2026-05-08,CÓRDOBA,REDUCCION,37
2026-05-08,CÓRDOBA,RIO CUARTO,2480
2026-05-08,CÓRDOBA,RIO PRIMERO,90
2026-05-08,CÓRDOBA,RIO SEGUNDO,60
2026-05-08,CÓRDOBA,RIO TERCERO,865
2026-05-08,CÓRDOBA,SINSACATE,300
2026-05-08,CÓRDOBA,VIAMONTE,66
2026-05-08,CÓRDOBA,VICUÑA MACKENNA,175
2026-05-08,CÓRDOBA,VILLA HUIDOBRO,360
2026-05-08,CÓRDOBA,VILLA MARIA (DPTO. G,2000
2026-05-08,ENTRE RÍOS,ALDEA VALLE MARIA,35
2026-05-08,ENTRE RÍOS,BERDUC,93
2026-05-08,ENTRE RÍOS,COLONIA HOKER,90
2026-05-08,ENTRE RÍOS,COLONIA LA PAZ,91
2026-05-08,ENTRE RÍOS,GENERAL RAMIREZ,941
2026-05-08,ENTRE RÍOS,GUALEGUAY,60
2026-05-08,ENTRE RÍOS,JUBILEO,81
2026-05-08,ENTRE RÍOS,LA CAPILLA,158
2026-05-08,ENTRE RÍOS,LA PAZ,2100
2026-05-08,ENTRE RÍOS,LARROQUE,54
2026-05-08,ENTRE RÍOS,LAS MOSCAS,311
2026-05-08,ENTRE RÍOS,MARIA GRANDE PRIMERA,48
2026-05-08,ENTRE RÍOS,PEHUAJO NORTE,218
2026-05-08,ENTRE RÍOS,PRONUNCIAMIENTO,145
2026-05-08,ENTRE RÍOS,PUNTAS DE MOREIRA,25
2026-05-08,ENTRE RÍOS,SAGASTUME (CEIBAS-DP,314
2026-05-08,ENTRE RÍOS,TRES BOCAS,69
2026-05-08,ENTRE RÍOS,URDINARRAIN,500
2026-05-08,ENTRE RÍOS,VIALE,150
2026-05-08,ENTRE RÍOS,VICTORIA,47
2026-05-08,ENTRE RÍOS,VILLA CLARA,96
2026-05-08,ENTRE RÍOS,VILLA ELISA,407
2026-05-08,LA PAMPA,CATRILO,6681
2026-05-08,LA PAMPA,GENERAL PICO,200
2026-05-08,LA PAMPA,INTENDENTE ALVEAR,600
2026-05-08,LA PAMPA,TRENEL,1000
2026-05-08,SAN LUIS,BUENA ESPERANZA,20000
2026-05-08,SAN LUIS,CANDELARIA,1042
2026-05-08,SAN LUIS,JUSTO DARACT,86
2026-05-08,SAN LUIS,LA TOMA,600
2026-05-08,SANTA FE,ALCORTA DTO CONSTITU,66
2026-05-08,SANTA FE,ARMSTRONG,750
2026-05-08,SANTA FE,BERABEVU,270
2026-05-08,SANTA FE,BIGAND,90
2026-05-08,SANTA FE,CAFFERATA,200
2026-05-08,SANTA FE,CARCARAÑA,300
2026-05-08,SANTA FE,CARRERAS,90
2026-05-08,SANTA FE,CAÑADA DEL UCLE,16
2026-05-08,SANTA FE,CENTENO,90
2026-05-08,SANTA FE,CHABAS,120
2026-05-08,SANTA FE,CHAPUY,1000
2026-05-08,SANTA FE,CLASON,450
2026-05-08,SANTA FE,COLONIA FIDELA,60
2026-05-08,SANTA FE,CORONDA,30
2026-05-08,SANTA FE,ELORTONDO,35
2026-05-08,SANTA FE,GALISTEO,52
2026-05-08,SANTA FE,"HUMBERTO I""",30
2026-05-08,SANTA FE,IRIGOYEN,170
2026-05-08,SANTA FE,LAS PAREJAS,300
2026-05-08,SANTA FE,LAS PETACAS,336
2026-05-08,SANTA FE,LAS ROSAS,35
2026-05-08,SANTA FE,LOS QUIRQUINCHOS,37
2026-05-08,SANTA FE,LUIS PALACIOS,3100
2026-05-08,SANTA FE,MARIA JUANA,5000
2026-05-08,SANTA FE,PUERTO GRAL SAN MARTIN,550
2026-05-08,SANTA FE,RAQUEL,23
2026-05-08,SANTA FE,RECONQUISTA,240
2026-05-08,SANTA FE,RODOLFO ALCORTA,92
2026-05-08,SANTA FE,ROSARIO,6566
2026-05-08,SANTA FE,SAN GENARO,1000
2026-05-08,SANTA FE,SAN LORENZO,210
2026-05-08,SANTA FE,SAN MARCOS DE VENADO,3000
2026-05-08,SANTA FE,SANCTI SPIRITU,90
2026-05-08,SANTA FE,SANTA FE,2000
2026-05-08,SANTA FE,SANTA ISABEL,60
2026-05-08,SANTA FE,VENADO TUERTO,2405
2026-05-08,SANTA FE,VILLA CAÑAS,460
2026-05-08,SANTA FE,ZENON PEREYRA,61
2026-05-09,ENTRE RÍOS,MARIA GRANDE PRIMERA,47
2026-05-09,SAN LUIS,CONCARAN,400
2026-05-09,SAN LUIS,JUAN W. GEZ,90
2026-05-10,SANTA FE,VILLA CAÑAS,160
2026-05-11,BUENOS AIRES,9 DE JULIO,240
2026-05-11,BUENOS AIRES,ALBERTI,270
2026-05-11,BUENOS AIRES,AMEGHINO,58
2026-05-11,BUENOS AIRES,AMERICA,60
2026-05-11,BUENOS AIRES,ARRECIFES,90
2026-05-11,BUENOS AIRES,ARRIBEÑOS,50
2026-05-11,BUENOS AIRES,BALCARCE,400
2026-05-11,BUENOS AIRES,BOLIVAR,1019
2026-05-11,BUENOS AIRES,BRAGADO,1484
2026-05-11,BUENOS AIRES,CARHUE,400
2026-05-11,BUENOS AIRES,CARLOS CASARES,4500
2026-05-11,BUENOS AIRES,CARMEN DE ARECO,29
2026-05-11,BUENOS AIRES,CAÑADA MARIANO (EMBA,1640
2026-05-11,BUENOS AIRES,CHACABUCO,660
2026-05-11,BUENOS AIRES,CHIVILCOY,79
2026-05-11,BUENOS AIRES,COLON,23
2026-05-11,BUENOS AIRES,CONDARCO,250
2026-05-11,BUENOS AIRES,CORONEL DORREGO,60
2026-05-11,BUENOS AIRES,CORONEL PRINGLES,120
2026-05-11,BUENOS AIRES,CORONEL SUAREZ,1000
2026-05-11,BUENOS AIRES,GENERAL BELGRANO,400
2026-05-11,BUENOS AIRES,GENERAL O BRIEN,360
2026-05-11,BUENOS AIRES,GENERAL VILLEGAS,930
2026-05-11,BUENOS AIRES,HENDERSON,300
2026-05-11,BUENOS AIRES,JUAN JOSE PASO,1200
2026-05-11,BUENOS AIRES,JUNIN,1240
2026-05-11,BUENOS AIRES,LINCOLN,1677
2026-05-11,BUENOS AIRES,LOS TOLDOS,600
2026-05-11,BUENOS AIRES,MONTE GRANDE,41
2026-05-11,BUENOS AIRES,NECOCHEA,1000
2026-05-11,BUENOS AIRES,PEHUAJO,255
2026-05-11,BUENOS AIRES,PIEDRITAS,240
2026-05-11,BUENOS AIRES,PIGUE,360
2026-05-11,BUENOS AIRES,ROJAS,131
2026-05-11,BUENOS AIRES,ROQUE PEREZ,2455
2026-05-11,BUENOS AIRES,SALTO,160
2026-05-11,BUENOS AIRES,SAN NICOLAS,2000
2026-05-11,BUENOS AIRES,TANDIL,1600
2026-05-11,BUENOS AIRES,TRENQUE LAUQUEN,2964
2026-05-11,BUENOS AIRES,TRES ALGARROBOS,300
2026-05-11,BUENOS AIRES,TRES ARROYOS,360
2026-05-11,BUENOS AIRES,TRES LOMAS,245
2026-05-11,BUENOS AIRES,VEDIA,545
2026-05-11,BUENOS AIRES,VICENTE LOPEZ,400
2026-05-11,BUENOS AIRES,VILLA SAUZE,163
2026-05-11,CIUDAD AUTÓNOMA DE BUENOS AIRES,CAPITAL FEDERAL,1835
2026-05-11,CÓRDOBA,ADELIA MARIA,180
2026-05-11,CÓRDOBA,ALEJO LEDESMA,495
2026-05-11,CÓRDOBA,ARIAS,106
2026-05-11,CÓRDOBA,ARROYO CABRAL,460
2026-05-11,CÓRDOBA,BAJO CHICO (DPTO SAN,70
2026-05-11,CÓRDOBA,BELL VILLE,550
2026-05-11,CÓRDOBA,CALCHIN,120
2026-05-11,CÓRDOBA,CAMILO ALDAO,126
2026-05-11,CÓRDOBA,CANALS,36
2026-05-11,CÓRDOBA,CAÑADA DE LUQUE,543
2026-05-11,CÓRDOBA,CHARRAS,60
2026-05-11,CÓRDOBA,COLONIA CAROYA,180
2026-05-11,CÓRDOBA,DEL CAMPILLO,120
2026-05-11,CÓRDOBA,GENERAL CABRERA,390
2026-05-11,CÓRDOBA,GUATIMOZIN,232
2026-05-11,CÓRDOBA,HOLMBERG,36
2026-05-11,CÓRDOBA,HUINCA RENANCO,780
2026-05-11,CÓRDOBA,IDIAZABAL,210
2026-05-11,CÓRDOBA,INRIVILLE,10
2026-05-11,CÓRDOBA,ITALO,29
2026-05-11,CÓRDOBA,JESUS MARIA,300
2026-05-11,CÓRDOBA,JUSTINIANO POSSE,2205
2026-05-11,CÓRDOBA,LA CARLOTA,114
2026-05-11,CÓRDOBA,LA CESIRA,1000
2026-05-11,CÓRDOBA,LABOULAYE,665
2026-05-11,CÓRDOBA,LAGUNA LARGA,2
2026-05-11,CÓRDOBA,LOS CISNES,88
2026-05-11,CÓRDOBA,LOS COMETIERRA,179
2026-05-11,CÓRDOBA,LOS SURGENTES,150
2026-05-11,CÓRDOBA,MARCOS JUAREZ,980
2026-05-11,CÓRDOBA,PASCANAS,30
2026-05-11,CÓRDOBA,PAUNERO,2
2026-05-11,CÓRDOBA,PUEBLO ITALIANO,105
2026-05-11,CÓRDOBA,RAMON J. CARCANO,60
2026-05-11,CÓRDOBA,RIO CUARTO,1649
2026-05-11,CÓRDOBA,RIO PRIMERO,358
2026-05-11,CÓRDOBA,RIO SEGUNDO,90
2026-05-11,CÓRDOBA,SAN BASILIO,500
2026-05-11,CÓRDOBA,SAN MARCOS SUD,90
2026-05-11,CÓRDOBA,SANTA ROSA DE RIO PR,5
2026-05-11,CÓRDOBA,SINSACATE,90
2026-05-11,CÓRDOBA,VICUÑA MACKENNA,87
2026-05-11,CÓRDOBA,VILLA VALERIA,294
2026-05-11,ENTRE RÍOS,CRUCESITAS 7A. SECCI,180
2026-05-11,ENTRE RÍOS,DON CRISTOBAL SEGUND,25
2026-05-11,ENTRE RÍOS,GENERAL GALARZA,270
2026-05-11,ENTRE RÍOS,GUALEGUAY,30
2026-05-11,ENTRE RÍOS,HASENKAMP,120
2026-05-11,ENTRE RÍOS,LA PAZ,540
2026-05-11,ENTRE RÍOS,LARROQUE,16
2026-05-11,ENTRE RÍOS,LAS TUNAS,15
2026-05-11,ENTRE RÍOS,MARIA GRANDE,84
2026-05-11,ENTRE RÍOS,VIALE,25
2026-05-11,ENTRE RÍOS,VICTORIA,4112
2026-05-11,ENTRE RÍOS,VILLAGUAY,158
2026-05-11,LA PAMPA,GENERAL PICO,900
2026-05-11,LA PAMPA,INTENDENTE ALVEAR,420
2026-05-11,LA PAMPA,MACACHIN,2600
2026-05-11,LA PAMPA,RANCUL,300
2026-05-11,SALTA,LAS LAJITAS,2000
2026-05-11,SAN LUIS,LA ANGELINA,360
2026-05-11,SAN LUIS,LAVAISSE,240
2026-05-11,SANTA FE,ALCORTA DTO CONSTITU,847
2026-05-11,SANTA FE,AMENABAR,780
2026-05-11,SANTA FE,BOMBAL,60
2026-05-11,SANTA FE,CARCARAÑA,750
2026-05-11,SANTA FE,CARRERAS,140
2026-05-11,SANTA FE,CASILDA,30
2026-05-11,SANTA FE,CAÑADA DE GOMEZ,12
2026-05-11,SANTA FE,CENTENO,210
2026-05-11,SANTA FE,CHAPUY,2500
2026-05-11,SANTA FE,CLASON,100
2026-05-11,SANTA FE,COLONIA FIDELA,68
2026-05-11,SANTA FE,COLONIA LA YERBA,150
2026-05-11,SANTA FE,CORONEL ARNOLD,23
2026-05-11,SANTA FE,DIAZ,500
2026-05-11,SANTA FE,EL TREBOL,35
2026-05-11,SANTA FE,ELISA,73
2026-05-11,SANTA FE,ESTACION CHRISTOPHER,2
2026-05-11,SANTA FE,HUGHES,60
2026-05-11,SANTA FE,IRIGOYEN,35
2026-05-11,SANTA FE,LAS ROSAS,16068
2026-05-11,SANTA FE,LOS QUIRQUINCHOS,60
2026-05-11,SANTA FE,LUIS PALACIOS,700
2026-05-11,SANTA FE,MACIEL,209
2026-05-11,SANTA FE,MAXIMO PAZ,25
2026-05-11,SANTA FE,MURPHY,390
2026-05-11,SANTA FE,PILAR,933
2026-05-11,SANTA FE,PUERTO GRAL SAN MARTIN,4400
2026-05-11,SANTA FE,RAFAELA,500
2026-05-11,SANTA FE,ROSARIO,14987
2026-05-11,SANTA FE,RUFINO,300
2026-05-11,SANTA FE,SAN EDUARDO,90
2026-05-11,SANTA FE,SAN JERONIMO SUD,211
2026-05-11,SANTA FE,SAN JUSTO,9
2026-05-11,SANTA FE,SAN LORENZO,4062
2026-05-11,SANTA FE,SAN MARCOS DE VENADO,1000
2026-05-11,SANTA FE,SANTA EMILIA,42
2026-05-11,SANTA FE,SANTA FE,2500
2026-05-11,SANTA FE,SARMIENTO,258
2026-05-11,SANTA FE,VENADO TUERTO,1950
2026-05-11,SANTA FE,VILLA CAÑAS,1410
2026-05-11,SANTA FE,VILLA MINETTI,300
2026-05-11,SANTA FE,VILLA MUGUETA,427
2026-05-11,SANTA FE,ZENON PEREYRA,72
2026-05-11,SANTIAGO DEL ESTERO,RAPELLI,2000
2026-05-11,TUCUMÁN,LOS PEREYRA,900
2026-05-12,BUENOS AIRES,9 DE JULIO,820
2026-05-12,BUENOS AIRES,ALBERTI,720
2026-05-12,BUENOS AIRES,AMERICA,800
2026-05-12,BUENOS AIRES,ARRECIFES,180
2026-05-12,BUENOS AIRES,ARRIBEÑOS,181
2026-05-12,BUENOS AIRES,ASCENSION,191
2026-05-12,BUENOS AIRES,AZUL,330
2026-05-12,BUENOS AIRES,BAHIA BLANCA,420
2026-05-12,BUENOS AIRES,BAIGORRITA,30
2026-05-12,BUENOS AIRES,BALCARCE,300
2026-05-12,BUENOS AIRES,BOLIVAR,2000
2026-05-12,BUENOS AIRES,BRAGADO,3720
2026-05-12,BUENOS AIRES,CAMINERA NAPALEOFU,24
2026-05-12,BUENOS AIRES,CARLOS CASARES,2015
2026-05-12,BUENOS AIRES,CARLOS KEEN,60
2026-05-12,BUENOS AIRES,CHACABUCO,635
2026-05-12,BUENOS AIRES,CHIVILCOY,618
2026-05-12,BUENOS AIRES,COLON,340
2026-05-12,BUENOS AIRES,CORONEL DORREGO,180
2026-05-12,BUENOS AIRES,CORONEL PRINGLES,150
2026-05-12,BUENOS AIRES,CORONEL SUAREZ,444
2026-05-12,BUENOS AIRES,DAIREAUX,100
2026-05-12,BUENOS AIRES,DEL CARRIL,276
2026-05-12,BUENOS AIRES,DRABBLE,60
2026-05-12,BUENOS AIRES,ESTACION ASCENSION,30
2026-05-12,BUENOS AIRES,GENERAL VILLEGAS,31
2026-05-12,BUENOS AIRES,GERMANIA,1000
2026-05-12,BUENOS AIRES,JUNIN,226
2026-05-12,BUENOS AIRES,LINCOLN,5227
2026-05-12,BUENOS AIRES,LOBERIA,1480
2026-05-12,BUENOS AIRES,LOS TOLDOS,618
2026-05-12,BUENOS AIRES,NECOCHEA,300
2026-05-12,BUENOS AIRES,OLAVARRIA,221
2026-05-12,BUENOS AIRES,PEHUAJO,650
2026-05-12,BUENOS AIRES,PERGAMINO,416
2026-05-12,BUENOS AIRES,RANCHOS,350
2026-05-12,BUENOS AIRES,ROJAS,409
2026-05-12,BUENOS AIRES,SALLIQUELO,2950
2026-05-12,BUENOS AIRES,SALTO,1070
2026-05-12,BUENOS AIRES,SAN PEDRO,210
2026-05-12,BUENOS AIRES,TRENQUE LAUQUEN,1500
2026-05-12,BUENOS AIRES,VEDIA,3348
2026-05-12,CHACO,CERRITO,100
2026-05-12,CHACO,CHARATA,1400
2026-05-12,CHACO,GENERAL CAPDEVILA,30
2026-05-12,CHACO,LAS BREÑAS,38
2026-05-12,CHACO,TRES ISLETAS,14
2026-05-12,CÓRDOBA,ADELIA MARIA,185
2026-05-12,CÓRDOBA,ALCIRA,420
2026-05-12,CÓRDOBA,ALEJO LEDESMA,500
2026-05-12,CÓRDOBA,ALMAFUERTE,140
2026-05-12,CÓRDOBA,ARIAS,432
2026-05-12,CÓRDOBA,BELL VILLE,1471
2026-05-12,CÓRDOBA,CALCHIN,100
2026-05-12,CÓRDOBA,CALCHIN OESTE,260
2026-05-12,CÓRDOBA,CAMILO ALDAO,600
2026-05-12,CÓRDOBA,COLONIA ALMADA,800
2026-05-12,CÓRDOBA,COLONIA EL MILAGRO,60
2026-05-12,CÓRDOBA,COLONIA MILESSI,104
2026-05-12,CÓRDOBA,COLONIA SAN PEDRO,97
2026-05-12,CÓRDOBA,CORDOBA,180
2026-05-12,CÓRDOBA,CORONEL MOLDES,265
2026-05-12,CÓRDOBA,CORRAL DE BUSTOS,213
2026-05-12,CÓRDOBA,ESTACION GENERAL PAZ,100
2026-05-12,CÓRDOBA,GENERAL CABRERA,1710
2026-05-12,CÓRDOBA,GENERAL DEHEZA,210
2026-05-12,CÓRDOBA,HERNANDO,650
2026-05-12,CÓRDOBA,HIPOLITO BOUCHARD,1500
2026-05-12,CÓRDOBA,HUANCHILLA,442
2026-05-12,CÓRDOBA,INRIVILLE,162
2026-05-12,CÓRDOBA,ITALO,15
2026-05-12,CÓRDOBA,JESUS MARIA,1000
2026-05-12,CÓRDOBA,JUSTINIANO POSSE,1000
2026-05-12,CÓRDOBA,LABOULAYE,1580
2026-05-12,CÓRDOBA,LAS BAJADAS,33
2026-05-12,CÓRDOBA,LAS VARILLAS,500
2026-05-12,CÓRDOBA,LEONES,450
2026-05-12,CÓRDOBA,LOS CISNES,60
2026-05-12,CÓRDOBA,LOS SURGENTES,120
2026-05-12,CÓRDOBA,MARCOS JUAREZ,1220
2026-05-12,CÓRDOBA,MATORRALES,200
2026-05-12,CÓRDOBA,MONTE BUEY,1500
2026-05-12,CÓRDOBA,MONTE MAIZ,432
2026-05-12,CÓRDOBA,NICOLAS BRUZONE,1500
2026-05-12,CÓRDOBA,OLIVA,250
2026-05-12,CÓRDOBA,ONCATIVO,300
2026-05-12,CÓRDOBA,PILAR,1000
2026-05-12,CÓRDOBA,PORTEÑA,300
2026-05-12,CÓRDOBA,REDUCCION,150
2026-05-12,CÓRDOBA,RIO CUARTO,2120
2026-05-12,CÓRDOBA,RIO PRIMERO,261
2026-05-12,CÓRDOBA,RIO TERCERO,210
2026-05-12,CÓRDOBA,SAN BASILIO,200
2026-05-12,CÓRDOBA,SAN FRANCISCO (DPTO.,200
2026-05-12,CÓRDOBA,SANTIAGO TEMPLE,60
2026-05-12,CÓRDOBA,TORDILLA NORTE,8
2026-05-12,CÓRDOBA,VIAMONTE,88
2026-05-12,CÓRDOBA,VICUÑA MACKENNA,133
2026-05-12,CÓRDOBA,VILLA DEL TOTORAL,1000
2026-05-12,CÓRDOBA,VILLA FONTANA,600
2026-05-12,CÓRDOBA,VILLA MARIA (DPTO. G,5000
2026-05-12,CÓRDOBA,VILLA VALERIA,2000
2026-05-12,ENTRE RÍOS,ALDEA SPATZENKUTTER,9
2026-05-12,ENTRE RÍOS,BASAVILBASO,1200
2026-05-12,ENTRE RÍOS,BOVRIL,62
2026-05-12,ENTRE RÍOS,DIAMANTE,117
2026-05-12,ENTRE RÍOS,DON CRISTOBAL SEGUND,10
2026-05-12,ENTRE RÍOS,GENERAL GALARZA,91
2026-05-12,ENTRE RÍOS,GUALEGUAY,700
2026-05-12,ENTRE RÍOS,HERRERA,310
2026-05-12,ENTRE RÍOS,LA PAZ,2500
2026-05-12,ENTRE RÍOS,RAICES AL NORTE,94
2026-05-12,ENTRE RÍOS,SAN BENITO,41
2026-05-12,ENTRE RÍOS,VALLE MARIA,30
2026-05-12,ENTRE RÍOS,VICTORIA,200
2026-05-12,ENTRE RÍOS,VILLA FONTANA,4198
2026-05-12,LA PAMPA,EDUARDO CASTEX,210
2026-05-12,LA PAMPA,GENERAL PICO,290
2026-05-12,LA PAMPA,INGENIERO LUIGGI,1000
2026-05-12,SAN LUIS,JUAN JORBA,240
2026-05-12,SAN LUIS,JUSTO DARACT,428
2026-05-12,SAN LUIS,TILISARAO,59
2026-05-12,SANTA FE,ALCORTA DTO CONSTITU,528
2026-05-12,SANTA FE,AMENABAR,1000
2026-05-12,SANTA FE,ARMINDA,120
2026-05-12,SANTA FE,ARMSTRONG,1345
2026-05-12,SANTA FE,BERABEVU,450
2026-05-12,SANTA FE,BERNARDO DE IRIGOYEN,30
2026-05-12,SANTA FE,BOMBAL,150
2026-05-12,SANTA FE,CAMPO LA AMISTAD,31
2026-05-12,SANTA FE,CARCARAÑA,22
2026-05-12,SANTA FE,CARLOS PELLEGRINI,3
2026-05-12,SANTA FE,CARMEN,90
2026-05-12,SANTA FE,CARRERAS,90
2026-05-12,SANTA FE,CAÑADA DEL UCLE,125
2026-05-12,SANTA FE,CAÑADA ROSQUIN,90
2026-05-12,SANTA FE,CHAPUY,3120
2026-05-12,SANTA FE,CHAÑAR LADEADO,60
2026-05-12,SANTA FE,CHRISTOPHERSEN,300
2026-05-12,SANTA FE,COLONIA FIDELA,63
2026-05-12,SANTA FE,DIAZ,1000
2026-05-12,SANTA FE,EL TRANSITO (EMBARCA,60
2026-05-12,SANTA FE,ELORTONDO,628
2026-05-12,SANTA FE,GALVEZ,22
2026-05-12,SANTA FE,IRIGOYEN,590
2026-05-12,SANTA FE,LANDETA,600
2026-05-12,SANTA FE,LAS PAREJAS,348
2026-05-12,SANTA FE,LAS PETACAS,16
2026-05-12,SANTA FE,LAS ROSAS,7480
2026-05-12,SANTA FE,LUIS PALACIOS,181
2026-05-12,SANTA FE,MAGGIOLO,120
2026-05-12,SANTA FE,MARIA JUANA,1500
2026-05-12,SANTA FE,MARIA SUSANA,300
2026-05-12,SANTA FE,MURPHY,300
2026-05-12,SANTA FE,PAZ,120
2026-05-12,SANTA FE,PUERTO GRAL SAN MARTIN,560
2026-05-12,SANTA FE,RAFAELA,1000
2026-05-12,SANTA FE,ROSARIO,1500
2026-05-12,SANTA FE,RUFINO,1115
2026-05-12,SANTA FE,SAN EDUARDO,90
2026-05-12,SANTA FE,SAN JERONIMO SUD,61
2026-05-12,SANTA FE,SAN JUSTO,861
2026-05-12,SANTA FE,SAN LORENZO,180
2026-05-12,SANTA FE,SAN MARCOS DE VENADO,4000
2026-05-12,SANTA FE,SAN MARTIN DE LAS ES,12000
2026-05-12,SANTA FE,SAN VICENTE (DPTO. C,90
2026-05-12,SANTA FE,SANCTI SPIRITU,251
2026-05-12,SANTA FE,SANTA FE,480
2026-05-12,SANTA FE,TEODELINA,310
2026-05-12,SANTA FE,VENADO TUERTO,10069
2026-05-12,SANTA FE,VILLA CAÑAS,4000
2026-05-12,SANTA FE,ZENON PEREYRA,6
2026-05-12,SANTIAGO DEL ESTERO,SACHAYOJ,3000
2026-05-13,BUENOS AIRES,9 DE JULIO,280
2026-05-13,BUENOS AIRES,ACHUPALLAS,120
2026-05-13,BUENOS AIRES,ALBERTI,180
2026-05-13,BUENOS AIRES,AMERICA,5255
2026-05-13,BUENOS AIRES,ARRECIFES,60
2026-05-13,BUENOS AIRES,ARRIBEÑOS,519
2026-05-13,BUENOS AIRES,ASCENSION,1000
2026-05-13,BUENOS AIRES,BAHIA BLANCA,350
2026-05-13,BUENOS AIRES,BAIGORRITA,60
2026-05-13,BUENOS AIRES,BALCARCE,300
2026-05-13,BUENOS AIRES,BRAGADO,1067
2026-05-13,BUENOS AIRES,CARHUE,600
2026-05-13,BUENOS AIRES,CHACABUCO,120
2026-05-13,BUENOS AIRES,COLON,6
2026-05-13,BUENOS AIRES,CORONEL DORREGO,500
2026-05-13,BUENOS AIRES,CORONEL PRINGLES,450
2026-05-13,BUENOS AIRES,DARREGUEIRA,200
2026-05-13,BUENOS AIRES,DE BARY,34
2026-05-13,BUENOS AIRES,ESPARTILLAR (PDO. SAAVEDRA),130
2026-05-13,BUENOS AIRES,ESTACION ASCENSION,60
2026-05-13,BUENOS AIRES,GENERAL PINTO,500
2026-05-13,BUENOS AIRES,GENERAL VILLEGAS,90
2026-05-13,BUENOS AIRES,GERMANIA,120
2026-05-13,BUENOS AIRES,HENDERSON,270
2026-05-13,BUENOS AIRES,JUNIN,455
2026-05-13,BUENOS AIRES,LINCOLN,177
2026-05-13,BUENOS AIRES,LOBERIA,1290
2026-05-13,BUENOS AIRES,LOS INDIOS (PDO. ROJ,100
2026-05-13,BUENOS AIRES,OLAVARRIA,300
2026-05-13,BUENOS AIRES,PEHUAJO,217
2026-05-13,BUENOS AIRES,PERGAMINO,500
2026-05-13,BUENOS AIRES,ROJAS,1335
2026-05-13,BUENOS AIRES,SALLIQUELO,400
2026-05-13,BUENOS AIRES,SALTO,150
2026-05-13,BUENOS AIRES,TANDIL,600
2026-05-13,BUENOS AIRES,TRENQUE LAUQUEN,240
2026-05-13,BUENOS AIRES,TRES ARROYOS,90
2026-05-13,BUENOS AIRES,TRES LOMAS,180
2026-05-13,BUENOS AIRES,VEDIA,491
2026-05-13,CÓRDOBA,ABBURRA,35
2026-05-13,CÓRDOBA,AGUA DE LAS PIEDRAS,150
2026-05-13,CÓRDOBA,ALTA GRACIA,90
2026-05-13,CÓRDOBA,ARIAS,272
2026-05-13,CÓRDOBA,BALLESTEROS SUD,250
2026-05-13,CÓRDOBA,BELL VILLE,220
2026-05-13,CÓRDOBA,CANALS,46
2026-05-13,CÓRDOBA,CAVANAGH,60
2026-05-13,CÓRDOBA,CINTRA,156
2026-05-13,CÓRDOBA,COLONIA ALMADA,239
2026-05-13,CÓRDOBA,COLONIA LA TORDILLA,500
2026-05-13,CÓRDOBA,CORONEL MOLDES,150
2026-05-13,CÓRDOBA,CORRAL DE BUSTOS,572
2026-05-13,CÓRDOBA,DEL CAMPILLO,250
2026-05-13,CÓRDOBA,ETRURIA,191
2026-05-13,CÓRDOBA,FREYRE,120
2026-05-13,CÓRDOBA,GENERAL CABRERA,35
2026-05-13,CÓRDOBA,HERNANDO,790
2026-05-13,CÓRDOBA,HUINCA RENANCO,437
2026-05-13,CÓRDOBA,ISLA VERDE (DPTO. MA,300
2026-05-13,CÓRDOBA,JESUS MARIA,300
2026-05-13,CÓRDOBA,LABORDE,60
2026-05-13,CÓRDOBA,LEONES,150
2026-05-13,CÓRDOBA,LOS CISNES,46
2026-05-13,CÓRDOBA,LOS CONDORES,1280
2026-05-13,CÓRDOBA,MARCOS JUAREZ,5030
2026-05-13,CÓRDOBA,MONTE BUEY,10
2026-05-13,CÓRDOBA,MONTE CRISTO,150
2026-05-13,CÓRDOBA,MONTE MAIZ,35
2026-05-13,CÓRDOBA,MORRISON,177
2026-05-13,CÓRDOBA,ORDOÑEZ,61
2026-05-13,CÓRDOBA,PAMPAYASTA NORTE,4
2026-05-13,CÓRDOBA,PASCANAS,150
2026-05-13,CÓRDOBA,PILAR,1000
2026-05-13,CÓRDOBA,PINCEN,1430
2026-05-13,CÓRDOBA,PORTEÑA,120
2026-05-13,CÓRDOBA,POZO DEL MOLLE (DPTO,61
2026-05-13,CÓRDOBA,RIO CUARTO,291
2026-05-13,CÓRDOBA,RIO PRIMERO,300
2026-05-13,CÓRDOBA,RIO TERCERO,500
2026-05-13,CÓRDOBA,SAN BASILIO,605
2026-05-13,CÓRDOBA,SANTIAGO TEMPLE,360
2026-05-13,CÓRDOBA,SERRANO,245
2026-05-13,CÓRDOBA,SINSACATE,90
2026-05-13,CÓRDOBA,TOLEDO,60
2026-05-13,CÓRDOBA,VICUÑA MACKENNA,345
2026-05-13,CÓRDOBA,VILLA CONCEPCION DEL,34
2026-05-13,CÓRDOBA,VILLA DEL ROSARIO,200
2026-05-13,CÓRDOBA,VILLA HUIDOBRO,1360
2026-05-13,CÓRDOBA,VILLA VALERIA,146
2026-05-13,ENTRE RÍOS,ALDEA VALLE MARIA,50
2026-05-13,ENTRE RÍOS,BASAVILBASO,300
2026-05-13,ENTRE RÍOS,CONCORDIA,90
2026-05-13,ENTRE RÍOS,CRUCESITAS 7A. SECCI,34
2026-05-13,ENTRE RÍOS,DIAMANTE,56
2026-05-13,ENTRE RÍOS,GOBERNADOR MANSILLA,64
2026-05-13,ENTRE RÍOS,GUALEGUAYCHU,17
2026-05-13,ENTRE RÍOS,LA PAZ,1150
2026-05-13,ENTRE RÍOS,URDINARRAIN,300
2026-05-13,ENTRE RÍOS,VICTORIA,340
2026-05-13,LA PAMPA,CAMPO LUDUEÑA,3000
2026-05-13,LA PAMPA,CATRILO,580
2026-05-13,LA PAMPA,GENERAL PICO,929
2026-05-13,LA PAMPA,INTENDENTE ALVEAR,250
2026-05-13,LA PAMPA,QUEMU-QUEMU,1000
2026-05-13,LA PAMPA,SARAH,150
2026-05-13,SAN LUIS,ALGARROBITOS,97
2026-05-13,SAN LUIS,AVANZADA,316
2026-05-13,SAN LUIS,JUSTO DARACT,2000
2026-05-13,SAN LUIS,VILLA MERCEDES,150
2026-05-13,SANTA FE,ARMSTRONG,428
2026-05-13,SANTA FE,BARRANCAS,30
2026-05-13,SANTA FE,BERNARDO DE IRIGOYEN,360
2026-05-13,SANTA FE,BUSTINZA,200
2026-05-13,SANTA FE,CANDIOTI,15
2026-05-13,SANTA FE,CARCARAÑA,182
2026-05-13,SANTA FE,CARLOS PELLEGRINI,35
2026-05-13,SANTA FE,CARRERAS,90
2026-05-13,SANTA FE,CENTENO,270
2026-05-13,SANTA FE,CHAPUY,1210
2026-05-13,SANTA FE,CHAÑAR LADEADO,185
2026-05-13,SANTA FE,CHOVET,90
2026-05-13,SANTA FE,CHRISTOPHERSEN,550
2026-05-13,SANTA FE,EL TREBOL,550
2026-05-13,SANTA FE,GALVEZ,167
2026-05-13,SANTA FE,IRIGOYEN,90
2026-05-13,SANTA FE,LAS PETACAS,60
2026-05-13,SANTA FE,LAS ROSAS,210
2026-05-13,SANTA FE,LOS CARDOS,195
2026-05-13,SANTA FE,LOS QUIRQUINCHOS,719
2026-05-13,SANTA FE,LUIS PALACIOS,6005
2026-05-13,SANTA FE,MARIA JUANA,16446
2026-05-13,SANTA FE,MARIA SUSANA,592
2026-05-13,SANTA FE,MONTES DE OCA,2800
2026-05-13,SANTA FE,PUERTO GRAL SAN MARTIN,500
2026-05-13,SANTA FE,RAFAELA,2235
2026-05-13,SANTA FE,RICARDONE,4000
2026-05-13,SANTA FE,ROSARIO,7070
2026-05-13,SANTA FE,RUFINO,4260
2026-05-13,SANTA FE,SAN EDUARDO,30
2026-05-13,SANTA FE,SAN JERONIMO SUD,30
2026-05-13,SANTA FE,SAN JOSE DE LA ESQUI,190
2026-05-13,SANTA FE,SAN LORENZO,500
2026-05-13,SANTA FE,SAN MARCOS DE VENADO,4000
2026-05-13,SANTA FE,SAN MARTIN DE LAS ES,21
2026-05-13,SANTA FE,SANCTI SPIRITU,2000
2026-05-13,SANTA FE,SANTA EMILIA,150
2026-05-13,SANTA FE,SANTA FE,6500
2026-05-13,SANTA FE,TIMBUES,180
2026-05-13,SANTA FE,VENADO TUERTO,5292
2026-05-13,SANTA FE,VILLA CAÑAS,24
2026-05-13,SANTIAGO DEL ESTERO,OTUMPA,3000
2026-05-13,SANTIAGO DEL ESTERO,QUIMILI,500
2026-05-13,TUCUMÁN,CHILCAS,120
2026-05-14,BUENOS AIRES,ALBERDI,30
2026-05-14,BUENOS AIRES,ALBERTI,340
2026-05-14,BUENOS AIRES,AMERICA,1502
2026-05-14,BUENOS AIRES,APARICIO,1003
2026-05-14,BUENOS AIRES,ARRECIFES,510
2026-05-14,BUENOS AIRES,ARRIBEÑOS,109
2026-05-14,BUENOS AIRES,BANDERALO,120
2026-05-14,BUENOS AIRES,BRAGADO,2592
2026-05-14,BUENOS AIRES,CAPITAN SARMIENTO,860
2026-05-14,BUENOS AIRES,CARLOS CASARES,9513
2026-05-14,BUENOS AIRES,CHACABUCO,90
2026-05-14,BUENOS AIRES,CORONEL DORREGO,300
2026-05-14,BUENOS AIRES,CORONEL PRINGLES,4200
2026-05-14,BUENOS AIRES,CUATRO DE NOVIEMBRE,90
2026-05-14,BUENOS AIRES,DAIREAUX,1000
2026-05-14,BUENOS AIRES,DUGGAN,240
2026-05-14,BUENOS AIRES,GENERAL VILLEGAS,30
2026-05-14,BUENOS AIRES,JOSE MARIA BLANCO,30
2026-05-14,BUENOS AIRES,JUNIN,200
2026-05-14,BUENOS AIRES,LINCOLN,2180
2026-05-14,BUENOS AIRES,LOBERIA,690
2026-05-14,BUENOS AIRES,MARIANO H. ALFONZO,1115
2026-05-14,BUENOS AIRES,NECOCHEA,200
2026-05-14,BUENOS AIRES,OLAVARRIA,1120
2026-05-14,BUENOS AIRES,PEHUAJO,956
2026-05-14,BUENOS AIRES,PERGAMINO,50
2026-05-14,BUENOS AIRES,PIEDRITAS,1000
2026-05-14,BUENOS AIRES,PIGUE,180
2026-05-14,BUENOS AIRES,ROJAS,1742
2026-05-14,BUENOS AIRES,ROQUE PEREZ,28
2026-05-14,BUENOS AIRES,SALADILLO,28
2026-05-14,BUENOS AIRES,SALLIQUELO,60
2026-05-14,BUENOS AIRES,SALTO,530
2026-05-14,BUENOS AIRES,SALVADOR MARIA,60
2026-05-14,BUENOS AIRES,TRENQUE LAUQUEN,3
2026-05-14,BUENOS AIRES,TRES ARROYOS,450
2026-05-14,BUENOS AIRES,VEDIA,1066
2026-05-14,BUENOS AIRES,VILLA SAUZE,10
2026-05-14,CHACO,GANCEDO,36
2026-05-14,CHACO,VILLA ANGELA,32
2026-05-14,CIUDAD AUTÓNOMA DE BUENOS AIRES,CAPITAL FEDERAL,580
2026-05-14,CÓRDOBA,ABBURRA,600
2026-05-14,CÓRDOBA,ADELIA MARIA,90
2026-05-14,CÓRDOBA,ALEJANDRO ROCA,540
2026-05-14,CÓRDOBA,BELL VILLE,71
2026-05-14,CÓRDOBA,CAVANAGH,25
2026-05-14,CÓRDOBA,CORRAL DE BUSTOS,9
2026-05-14,CÓRDOBA,FREYRE,150
2026-05-14,CÓRDOBA,GENERAL BALDISSERA,234
2026-05-14,CÓRDOBA,GENERAL CABRERA,1500
2026-05-14,CÓRDOBA,GENERAL PAZ,6
2026-05-14,CÓRDOBA,GUATIMOZIN,25
2026-05-14,CÓRDOBA,HUINCA RENANCO,18
2026-05-14,CÓRDOBA,INRIVILLE,167
2026-05-14,CÓRDOBA,ITALO,2
2026-05-14,CÓRDOBA,LA CESIRA,500
2026-05-14,CÓRDOBA,LABOULAYE,24
2026-05-14,CÓRDOBA,MARCOS JUAREZ,791
2026-05-14,CÓRDOBA,MATORRALES,30
2026-05-14,CÓRDOBA,MONTE BUEY,615
2026-05-14,CÓRDOBA,MONTE CRISTO,500
2026-05-14,CÓRDOBA,ONCATIVO,180
2026-05-14,CÓRDOBA,ORDOÑEZ,30
2026-05-14,CÓRDOBA,PASCANAS,32
2026-05-14,CÓRDOBA,PILAR,600
2026-05-14,CÓRDOBA,SAN AMBROSIO,88
2026-05-14,CÓRDOBA,SINSACATE,80
2026-05-14,CÓRDOBA,TOSQUITA,375
2026-05-14,CÓRDOBA,TOTORAL (KILOMETRO 3,463
2026-05-14,CÓRDOBA,VILLA MARIA (JESUS M,30
2026-05-14,ENTRE RÍOS,ALDEA VALLE MARIA,182
2026-05-14,ENTRE RÍOS,GENERAL GALARZA,210
2026-05-14,ENTRE RÍOS,LA PAZ,390
2026-05-14,ENTRE RÍOS,LARROQUE,60
2026-05-14,ENTRE RÍOS,RAICES,88
2026-05-14,ENTRE RÍOS,RAICES OESTE,90
2026-05-14,ENTRE RÍOS,URDINARRAIN,490
2026-05-14,ENTRE RÍOS,VIALE,94
2026-05-14,ENTRE RÍOS,VILLAGUAY,24
2026-05-14,LA PAMPA,ADOLFO VAN PRAET,240
2026-05-14,LA PAMPA,BERNARDO LARROUDE,567
2026-05-14,LA PAMPA,CATRILO,634
2026-05-14,LA PAMPA,GENERAL PICO,665
2026-05-14,LA PAMPA,INGENIERO LUIGGI,18
2026-05-14,LA PAMPA,INTENDENTE ALVEAR,180
2026-05-14,SALTA,JOAQUIN V. GONZALEZ,1000
2026-05-14,SAN LUIS,CONCARAN,120
2026-05-14,SAN LUIS,CORONEL ALZOGARAY,181
2026-05-14,SAN LUIS,ELEODORO LOBOS,238
2026-05-14,SAN LUIS,JUSTO DARACT,30
2026-05-14,SAN LUIS,LA ANGELINA,810
2026-05-14,SAN LUIS,LA CUMBRE (SAN LUIS-,224
2026-05-14,SAN LUIS,SAN LUIS,300
2026-05-14,SANTA FE,ALVAREZ,9
2026-05-14,SANTA FE,ARMSTRONG,90
2026-05-14,SANTA FE,AROCENA,404
2026-05-14,SANTA FE,ARROYO CEIBAL,122
2026-05-14,SANTA FE,AVELLANEDA,28
2026-05-14,SANTA FE,CARCARAÑA,158
2026-05-14,SANTA FE,CARRERAS,623
2026-05-14,SANTA FE,CASAS,30
2026-05-14,SANTA FE,CENTENO,39
2026-05-14,SANTA FE,CHAPUY,630
2026-05-14,SANTA FE,CHOVET,30
2026-05-14,SANTA FE,CLUCELLAS,240
2026-05-14,SANTA FE,COLONIA EL CARMEN,62
2026-05-14,SANTA FE,GENERAL GELLY,3
2026-05-14,SANTA FE,IRIGOYEN,150
2026-05-14,SANTA FE,LAS ROSAS,380
2026-05-14,SANTA FE,LOS LAURELES,30
2026-05-14,SANTA FE,MARIA JUANA,750
2026-05-14,SANTA FE,MARIA SUSANA,322
2026-05-14,SANTA FE,MURPHY,180
2026-05-14,SANTA FE,PAZ,40
2026-05-14,SANTA FE,PUERTO GRAL SAN MARTIN,30
2026-05-14,SANTA FE,RAFAELA,34
2026-05-14,SANTA FE,ROSARIO,1500
2026-05-14,SANTA FE,RUFINO,7
2026-05-14,SANTA FE,SAN LORENZO,210
2026-05-14,SANTA FE,SAN VICENTE (DPTO. C,150
2026-05-14,SANTA FE,SANTA FE,30
2026-05-14,SANTA FE,SOLEDAD,30
2026-05-14,SANTA FE,VENADO TUERTO,1631
2026-05-14,SANTA FE,VILLA CAÑAS,250
2026-05-14,SANTIAGO DEL ESTERO,SANTIAGO DEL ESTERO,30
2026-05-14,SANTIAGO DEL ESTERO,TINTINA,5000
2026-05-15,BUENOS AIRES,AGUSTIN ROCA,110
2026-05-15,BUENOS AIRES,ALBERTI,1520
2026-05-15,BUENOS AIRES,ARRECIFES,210
2026-05-15,BUENOS AIRES,ARRIBEÑOS,100
2026-05-15,BUENOS AIRES,AZUL,120
2026-05-15,BUENOS AIRES,BAHIA BLANCA,30
2026-05-15,BUENOS AIRES,BANDERALO,90
2026-05-15,BUENOS AIRES,BARADERO,90
2026-05-15,BUENOS AIRES,BARRIO VILLA GAUCHO,5000
2026-05-15,BUENOS AIRES,BELLOCQ,5000
2026-05-15,BUENOS AIRES,BOLIVAR,366
2026-05-15,BUENOS AIRES,BRAGADO,300
2026-05-15,BUENOS AIRES,CARLOS CASARES,13500
2026-05-15,BUENOS AIRES,CHACABUCO,750
2026-05-15,BUENOS AIRES,CHIVILCOY,151
2026-05-15,BUENOS AIRES,CORONEL DORREGO,1300
2026-05-15,BUENOS AIRES,DAIREAUX,12
2026-05-15,BUENOS AIRES,GENERAL MADARIAGA,600
2026-05-15,BUENOS AIRES,GENERAL VILLEGAS,867
2026-05-15,BUENOS AIRES,GERMANIA,4
2026-05-15,BUENOS AIRES,IRENEO PORTELA,210
2026-05-15,BUENOS AIRES,LOBERIA,200
2026-05-15,BUENOS AIRES,NECOCHEA,590
2026-05-15,BUENOS AIRES,PEDERNALES,16
2026-05-15,BUENOS AIRES,PEHUAJO,140
2026-05-15,BUENOS AIRES,PIGUE,240
2026-05-15,BUENOS AIRES,ROJAS,632
2026-05-15,BUENOS AIRES,TRENQUE LAUQUEN,85
2026-05-15,BUENOS AIRES,VEDIA,267
2026-05-15,BUENOS AIRES,VICENTE LOPEZ,175
2026-05-15,CIUDAD AUTÓNOMA DE BUENOS AIRES,CAPITAL FEDERAL,175
2026-05-15,CÓRDOBA,ALCIRA,100
2026-05-15,CÓRDOBA,ALEJANDRO ROCA,270
2026-05-15,CÓRDOBA,BELL VILLE,155
2026-05-15,CÓRDOBA,CANALS,15
2026-05-15,CÓRDOBA,CARRILOBO,500
2026-05-15,CÓRDOBA,COLONIA BEIRO,157
2026-05-15,CÓRDOBA,COLONIA BREMEN,2
2026-05-15,CÓRDOBA,COLONIA SANTA MARIA,13
2026-05-15,CÓRDOBA,COLONIA TIROLESA,33
2026-05-15,CÓRDOBA,CONDOR,1000
2026-05-15,CÓRDOBA,ETRURIA,60
2026-05-15,CÓRDOBA,GENERAL CABRERA,900
2026-05-15,CÓRDOBA,HUINCA RENANCO,93
2026-05-15,CÓRDOBA,JESUS MARIA,236
2026-05-15,CÓRDOBA,JUSTINIANO POSSE,175
2026-05-15,CÓRDOBA,LA AGUADA (DPTO. RIO,150
2026-05-15,CÓRDOBA,LA CARLOTA,60
2026-05-15,CÓRDOBA,LA PUERTA (DPTO. RIO,30
2026-05-15,CÓRDOBA,LABORDE,300
2026-05-15,CÓRDOBA,LABOULAYE,237
2026-05-15,CÓRDOBA,LEGUIZAMON,59
2026-05-15,CÓRDOBA,LOS COMETIERRA,111
2026-05-15,CÓRDOBA,MARCOS JUAREZ,243
2026-05-15,CÓRDOBA,MATORRALES,600
2026-05-15,CÓRDOBA,MATTALDI,370
2026-05-15,CÓRDOBA,MONTE BUEY,300
2026-05-15,CÓRDOBA,MONTE MAIZ,180
2026-05-15,CÓRDOBA,NOETINGER,70
2026-05-15,CÓRDOBA,ONCATIVO,754
2026-05-15,CÓRDOBA,PASCANAS,39
2026-05-15,CÓRDOBA,PILAR,330
2026-05-15,CÓRDOBA,PUEBLO ITALIANO,420
2026-05-15,CÓRDOBA,RIO CUARTO,690
2026-05-15,CÓRDOBA,RIO PRIMERO,121
2026-05-15,CÓRDOBA,RIO TERCERO,2
2026-05-15,CÓRDOBA,VILLA MARIA (JESUS M,30
2026-05-15,CÓRDOBA,WASHINGTON,3
2026-05-15,ENTRE RÍOS,COLONIA AVIGDOR,314
2026-05-15,ENTRE RÍOS,CRUCESITAS 7A. SECCI,160
2026-05-15,ENTRE RÍOS,GUALEGUAY,19
2026-05-15,ENTRE RÍOS,HASENKAMP,60
2026-05-15,ENTRE RÍOS,PEHUAJO NORTE,196
2026-05-15,ENTRE RÍOS,PRONUNCIAMIENTO,32
2026-05-15,ENTRE RÍOS,SAGASTUME (CEIBAS-DP,184
2026-05-15,ENTRE RÍOS,VIALE,44
2026-05-15,ENTRE RÍOS,VILLAGUAY,62
2026-05-15,LA PAMPA,BERNARDO LARROUDE,60
2026-05-15,LA PAMPA,CATRILO,10
2026-05-15,LA PAMPA,EDUARDO CASTEX,30
2026-05-15,LA PAMPA,GENERAL PICO,715
2026-05-15,LA PAMPA,INTENDENTE ALVEAR,20
2026-05-15,SAN LUIS,CANDELARIA,300
2026-05-15,SANTA FE,ARMSTRONG,228
2026-05-15,SANTA FE,BOUQUET,43
2026-05-15,SANTA FE,CHAPUY,1860
2026-05-15,SANTA FE,CORONDA,125
2026-05-15,SANTA FE,IRIGOYEN,60
2026-05-15,SANTA FE,LAZZARINO,23
2026-05-15,SANTA FE,LUIS PALACIOS,2400
2026-05-15,SANTA FE,MARIA JUANA,600
2026-05-15,SANTA FE,MARIA SUSANA,300
2026-05-15,SANTA FE,ROSARIO,1343
2026-05-15,SANTA FE,SAN LORENZO,1270
2026-05-15,SANTA FE,SAN MARCOS DE VENADO,2000
2026-05-15,SANTA FE,SANCTI SPIRITU,14
2026-05-15,SANTA FE,SANTA FE,500
2026-05-15,SANTA FE,SOLDINI,90
2026-05-15,SANTA FE,VENADO TUERTO,7988
2026-05-15,SANTIAGO DEL ESTERO,RAPELLI,2000
2026-05-15,TUCUMÁN,GOBERNADOR GARMENDIA,1200
2026-05-16,CÓRDOBA,MONTE CRISTO,300
2026-05-16,CÓRDOBA,VILLA MARIA (JESUS M,60
2026-05-16,SANTA FE,GOBERNADOR CRESPO,117
2026-05-16,SANTA FE,MAGGIOLO,13
2026-05-16,SANTA FE,WHEELWRIGHT,71
2026-05-17,CÓRDOBA,VILLA MARIA (JESUS M,60
2026-05-18,BUENOS AIRES,ALBERTI,400
2026-05-18,BUENOS AIRES,AMERICA,1239
2026-05-18,BUENOS AIRES,ARRIBEÑOS,150
2026-05-18,BUENOS AIRES,ASCENSION,2000
2026-05-18,BUENOS AIRES,BAHIA BLANCA,120
2026-05-18,BUENOS AIRES,BAIGORRITA,30
2026-05-18,BUENOS AIRES,BOLIVAR,76
2026-05-18,BUENOS AIRES,BRAGADO,7570
2026-05-18,BUENOS AIRES,CAPITAN SARMIENTO,1000
2026-05-18,BUENOS AIRES,CARABELAS,85
2026-05-18,BUENOS AIRES,CARLOS CASARES,42
2026-05-18,BUENOS AIRES,CARMEN DE ARECO,2700
2026-05-18,BUENOS AIRES,CAÑADA MARIANO (EMBA,150
2026-05-18,BUENOS AIRES,CAÑADA SECA,24
2026-05-18,BUENOS AIRES,CHIVILCOY,203
2026-05-18,BUENOS AIRES,CORONEL DORREGO,685
2026-05-18,BUENOS AIRES,CORONEL GRANADA,30
2026-05-18,BUENOS AIRES,CORONEL SUAREZ,53
2026-05-18,BUENOS AIRES,DEL CARRIL,47
2026-05-18,BUENOS AIRES,EL TRIUNFO,134
2026-05-18,BUENOS AIRES,GENERAL MADARIAGA,200
2026-05-18,BUENOS AIRES,GENERAL VILLEGAS,478
2026-05-18,BUENOS AIRES,GERMANIA,60
2026-05-18,BUENOS AIRES,GONZALES CHAVES,2000
2026-05-18,BUENOS AIRES,HENDERSON,150
2026-05-18,BUENOS AIRES,JUNIN,531
2026-05-18,BUENOS AIRES,LINCOLN,100
2026-05-18,BUENOS AIRES,LOBERIA,120
2026-05-18,BUENOS AIRES,LOBOS,1000
2026-05-18,BUENOS AIRES,MONES CAZON,29
2026-05-18,BUENOS AIRES,NECOCHEA,120
2026-05-18,BUENOS AIRES,PEHUAJO,404
2026-05-18,BUENOS AIRES,PERGAMINO,282
2026-05-18,BUENOS AIRES,RANCHOS,350
2026-05-18,BUENOS AIRES,ROJAS,2580
2026-05-18,BUENOS AIRES,SALTO,100
2026-05-18,BUENOS AIRES,SAN ANTONIO DE ARECO,2435
2026-05-18,BUENOS AIRES,SAN NICOLAS,1000
2026-05-18,BUENOS AIRES,SUIPACHA,120
2026-05-18,BUENOS AIRES,TANDIL,600
2026-05-18,BUENOS AIRES,TRES ALGARROBOS,9
2026-05-18,BUENOS AIRES,TRES ARROYOS,420
2026-05-18,BUENOS AIRES,TRES LOMAS,500
2026-05-18,BUENOS AIRES,VEDIA,224
2026-05-18,BUENOS AIRES,VILLA MOQUEHUA,180
2026-05-18,CÓRDOBA,ADELIA MARIA,500
2026-05-18,CÓRDOBA,ALEJO LEDESMA,123
2026-05-18,CÓRDOBA,ARIAS,2301
2026-05-18,CÓRDOBA,AVELLANEDA,505
2026-05-18,CÓRDOBA,BALLESTEROS,72
2026-05-18,CÓRDOBA,BELL VILLE,470
2026-05-18,CÓRDOBA,CALCHIN,100
2026-05-18,CÓRDOBA,CANALS,460
2026-05-18,CÓRDOBA,COLONIA ALMADA,32
2026-05-18,CÓRDOBA,COLONIA ARROYO DE AL,560
2026-05-18,CÓRDOBA,COLONIA CALCHAQUI,90
2026-05-18,CÓRDOBA,COLONIA SAN BARTOLOM,30
2026-05-18,CÓRDOBA,CORDOBA,39
2026-05-18,CÓRDOBA,CORONEL MOLDES,160
2026-05-18,CÓRDOBA,CORRAL DE BUSTOS,100
2026-05-18,CÓRDOBA,DEL CAMPILLO,150
2026-05-18,CÓRDOBA,DEVOTO,31
2026-05-18,CÓRDOBA,EL RASTREADOR,15
2026-05-18,CÓRDOBA,GENERAL BALDISSERA,852
2026-05-18,CÓRDOBA,GENERAL LEVALLE,16
2026-05-18,CÓRDOBA,HERNANDO,19
2026-05-18,CÓRDOBA,HIPOLITO BOUCHARD,1000
2026-05-18,CÓRDOBA,HUANCHILLA,65
2026-05-18,CÓRDOBA,HUINCA RENANCO,24
2026-05-18,CÓRDOBA,INRIVILLE,400
2026-05-18,CÓRDOBA,JESUS MARIA,400
2026-05-18,CÓRDOBA,JUSTINIANO POSSE,11
2026-05-18,CÓRDOBA,LA CESIRA,278
2026-05-18,CÓRDOBA,LABOULAYE,464
2026-05-18,CÓRDOBA,LAS ACEQUIAS,314
2026-05-18,CÓRDOBA,LAS VARILLAS,150
2026-05-18,CÓRDOBA,LOS CISNES,457
2026-05-18,CÓRDOBA,LOS COMETIERRA,500
2026-05-18,CÓRDOBA,MARCOS JUAREZ,1100
2026-05-18,CÓRDOBA,MATORRALES,30
2026-05-18,CÓRDOBA,MONTE CRISTO,60
2026-05-18,CÓRDOBA,MORRISON,310
2026-05-18,CÓRDOBA,NOETINGER,180
2026-05-18,CÓRDOBA,OLIVA,270
2026-05-18,CÓRDOBA,ONCATIVO,149
2026-05-18,CÓRDOBA,PASCANAS,30
2026-05-18,CÓRDOBA,PILAR,880
2026-05-18,CÓRDOBA,PINCEN,498
2026-05-18,CÓRDOBA,PUEBLO ITALIANO,35
2026-05-18,CÓRDOBA,RIO CUARTO,548
2026-05-18,CÓRDOBA,RIO PRIMERO,170
2026-05-18,CÓRDOBA,SAN BASILIO,70
2026-05-18,CÓRDOBA,SINSACATE,300
2026-05-18,CÓRDOBA,VICUÑA MACKENNA,146
2026-05-18,CÓRDOBA,VILLA HUIDOBRO,148
2026-05-18,CÓRDOBA,VILLA MARIA (JESUS M,730
2026-05-18,CÓRDOBA,VILLA VALERIA,220
2026-05-18,ENTRE RÍOS,ALDEA VALLE MARIA,40
2026-05-18,ENTRE RÍOS,DIAMANTE,34
2026-05-18,ENTRE RÍOS,DISTRITO TALA,40
2026-05-18,ENTRE RÍOS,GUALEGUAYCHU,31
2026-05-18,ENTRE RÍOS,INGENIERO MIGUEL SAJ,1015
2026-05-18,ENTRE RÍOS,LA PAZ,1300
2026-05-18,ENTRE RÍOS,MARIA GRANDE PRIMERA,100
2026-05-18,ENTRE RÍOS,PEHUAJO NORTE,71
2026-05-18,ENTRE RÍOS,RAICES,66
2026-05-18,ENTRE RÍOS,SOSA,42
2026-05-18,ENTRE RÍOS,URDINARRAIN,35
2026-05-18,ENTRE RÍOS,VIALE,308
2026-05-18,ENTRE RÍOS,VICTORIA,172
2026-05-18,LA PAMPA,BERNARDO LARROUDE,461
2026-05-18,LA PAMPA,CATRILO,1800
2026-05-18,LA PAMPA,EDUARDO CASTEX,70
2026-05-18,LA PAMPA,GENERAL PICO,4753
2026-05-18,LA PAMPA,INTENDENTE ALVEAR,212
2026-05-18,LA PAMPA,LA HUMADA,300
2026-05-18,SAN LUIS,BUENA ESPERANZA,10000
2026-05-18,SAN LUIS,JUSTO DARACT,526
2026-05-18,SAN LUIS,LA ESQUINA (LAS CHAC,30
2026-05-18,SANTA FE,ALCORTA DTO CONSTITU,60
2026-05-18,SANTA FE,AREQUITO,95
2026-05-18,SANTA FE,ARMSTRONG,1130
2026-05-18,SANTA FE,BERNARDO DE IRIGOYEN,600
2026-05-18,SANTA FE,BUSTINZA,30
2026-05-18,SANTA FE,CARRERAS,30
2026-05-18,SANTA FE,CENTENO,390
2026-05-18,SANTA FE,CHAPUY,9000
2026-05-18,SANTA FE,COLONIA LA YERBA,400
2026-05-18,SANTA FE,ESMERALDA,800
2026-05-18,SANTA FE,GALVEZ,300
2026-05-18,SANTA FE,"HUMBERTO I""",2
2026-05-18,SANTA FE,IRIGOYEN,120
2026-05-18,SANTA FE,LAS PAREJAS,29
2026-05-18,SANTA FE,LAS ROSAS,380
2026-05-18,SANTA FE,LOS MOLINOS,500
2026-05-18,SANTA FE,LOS QUIRQUINCHOS,70
2026-05-18,SANTA FE,LUIS PALACIOS,3180
2026-05-18,SANTA FE,MARIA JUANA,800
2026-05-18,SANTA FE,MARIA SUSANA,420
2026-05-18,SANTA FE,MURPHY,280
2026-05-18,SANTA FE,PUERTO GRAL SAN MARTIN,1000
2026-05-18,SANTA FE,PUJATO,180
2026-05-18,SANTA FE,RICARDONE,30
2026-05-18,SANTA FE,ROSARIO,1000
2026-05-18,SANTA FE,SAN JERONIMO SUD,150
2026-05-18,SANTA FE,SAN LORENZO,218
2026-05-18,SANTA FE,SAN MARCOS DE VENADO,4000
2026-05-18,SANTA FE,SAN VICENTE (DPTO. C,620
2026-05-18,SANTA FE,SANTA FE,1000
2026-05-18,SANTA FE,SERODINO,3
2026-05-18,SANTA FE,SOLDINI,30
2026-05-18,SANTA FE,TACURAL,0
2026-05-18,SANTA FE,TEODELINA,300
2026-05-18,SANTA FE,VENADO TUERTO,576
2026-05-18,SANTA FE,VILLA CAÑAS,2300
2026-05-19,BUENOS AIRES,9 DE JULIO,39
2026-05-19,BUENOS AIRES,ACHUPALLAS,140
2026-05-19,BUENOS AIRES,ALBERTI,790
2026-05-19,BUENOS AIRES,AMEGHINO,1500
2026-05-19,BUENOS AIRES,AMERICA,1788
2026-05-19,BUENOS AIRES,ARRECIFES,9
2026-05-19,BUENOS AIRES,ARRIBEÑOS,910
2026-05-19,BUENOS AIRES,BAHIA BLANCA,1156
2026-05-19,BUENOS AIRES,BANDERALO,90
2026-05-19,BUENOS AIRES,BARRIO VILLA GAUCHO,300
2026-05-19,BUENOS AIRES,BONNEMENT (APEADERO,90
2026-05-19,BUENOS AIRES,BRAGADO,4130
2026-05-19,BUENOS AIRES,CAPITAN SARMIENTO,354
2026-05-19,BUENOS AIRES,CARLOS CASARES,2360
2026-05-19,BUENOS AIRES,CARLOS TEJEDOR,118
2026-05-19,BUENOS AIRES,CARMEN DE ARECO,2000
2026-05-19,BUENOS AIRES,CAÑADA MARIANO (EMBA,1000
2026-05-19,BUENOS AIRES,CHACABUCO,60
2026-05-19,BUENOS AIRES,COLON,80
2026-05-19,BUENOS AIRES,CONESA,37
2026-05-19,BUENOS AIRES,CORONEL DORREGO,1620
2026-05-19,BUENOS AIRES,CORONEL SUAREZ,500
2026-05-19,BUENOS AIRES,GENERAL BELGRANO,350
2026-05-19,BUENOS AIRES,GENERAL PINTO,12
2026-05-19,BUENOS AIRES,GENERAL VILLEGAS,32430
2026-05-19,BUENOS AIRES,GOBERNADOR UGARTE,150
2026-05-19,BUENOS AIRES,HUANGUELEN,300
2026-05-19,BUENOS AIRES,IRENEO PORTELA,14
2026-05-19,BUENOS AIRES,JUNIN,2489
2026-05-19,BUENOS AIRES,LA VIOLETA,400
2026-05-19,BUENOS AIRES,LINCOLN,356
2026-05-19,BUENOS AIRES,LOBERIA,120
2026-05-19,BUENOS AIRES,LOS TOLDOS,810
2026-05-19,BUENOS AIRES,MORSE,13
2026-05-19,BUENOS AIRES,NAVARRO,866
2026-05-19,BUENOS AIRES,NORBERTO DE LA RIEST,180
2026-05-19,BUENOS AIRES,PEHUAJO,400
2026-05-19,BUENOS AIRES,PERGAMINO,10
2026-05-19,BUENOS AIRES,PIEDRITAS,180
2026-05-19,BUENOS AIRES,QUEQUEN,1445
2026-05-19,BUENOS AIRES,RIVERA,60
2026-05-19,BUENOS AIRES,ROJAS,660
2026-05-19,BUENOS AIRES,SALADILLO,1000
2026-05-19,BUENOS AIRES,SALLIQUELO,750
2026-05-19,BUENOS AIRES,SALTO,1781
2026-05-19,BUENOS AIRES,SAN ANDRES DE GILES,1000
2026-05-19,BUENOS AIRES,TRENQUE LAUQUEN,3067
2026-05-19,BUENOS AIRES,TRES ALGARROBOS,345
2026-05-19,BUENOS AIRES,TRES ARROYOS,600
2026-05-19,BUENOS AIRES,TRES LOMAS,500
2026-05-19,BUENOS AIRES,VEDIA,1186
2026-05-19,CÓRDOBA,ACHIRAS (DPTO. RIO C,60
2026-05-19,CÓRDOBA,ALCIRA,35
2026-05-19,CÓRDOBA,ARIAS,97
2026-05-19,CÓRDOBA,ARROYITO,28
2026-05-19,CÓRDOBA,ARROYO ALGODON,2
2026-05-19,CÓRDOBA,BARRIO EL LIBERTADOR,60
2026-05-19,CÓRDOBA,BELL VILLE,1833
2026-05-19,CÓRDOBA,CAVANAGH,398
2026-05-19,CÓRDOBA,COLONIA ALMADA,16
2026-05-19,CÓRDOBA,COLONIA CAROYA,300
2026-05-19,CÓRDOBA,CORONEL MOLDES,55
2026-05-19,CÓRDOBA,CORRAL DE BUSTOS,174
2026-05-19,CÓRDOBA,EL POTOSI,100
2026-05-19,CÓRDOBA,ESTACION GENERAL PAZ,100
2026-05-19,CÓRDOBA,GENERAL LEVALLE,4
2026-05-19,CÓRDOBA,HERNANDO,3
2026-05-19,CÓRDOBA,INRIVILLE,27
2026-05-19,CÓRDOBA,ISLA VERDE (DPTO. MA,4
2026-05-19,CÓRDOBA,JUSTINIANO POSSE,259
2026-05-19,CÓRDOBA,LA CARLOTA,2
2026-05-19,CÓRDOBA,LA CESIRA,343
2026-05-19,CÓRDOBA,LA CRUZ (DPTO. CALAM,30
2026-05-19,CÓRDOBA,LABOULAYE,390
2026-05-19,CÓRDOBA,LAGUNILLA (PILAR-DPT,1500
2026-05-19,CÓRDOBA,LAS BAJADAS,200
2026-05-19,CÓRDOBA,LAS ISLETILLAS,400
2026-05-19,CÓRDOBA,LECUEDER,124
2026-05-19,CÓRDOBA,LEGUIZAMON,40
2026-05-19,CÓRDOBA,LOS CISNES,200
2026-05-19,CÓRDOBA,LOS COMETIERRA,60
2026-05-19,CÓRDOBA,LOZADA,2
2026-05-19,CÓRDOBA,LUXARDO,110
2026-05-19,CÓRDOBA,MARCOS JUAREZ,1862
2026-05-19,CÓRDOBA,MONTE BUEY,659
2026-05-19,CÓRDOBA,MONTE MAIZ,300
2026-05-19,CÓRDOBA,NOETINGER,116
2026-05-19,CÓRDOBA,ONCATIVO,22
2026-05-19,CÓRDOBA,PILAR,3050
2026-05-19,CÓRDOBA,POZO DEL MOLLE (SALT,10
2026-05-19,CÓRDOBA,RIO CUARTO,889
2026-05-19,CÓRDOBA,RIO TERCERO,120
2026-05-19,CÓRDOBA,SAN IGNACIO (DPTO. C,300
2026-05-19,CÓRDOBA,TRANSITO,60
2026-05-19,CÓRDOBA,UCACHA,36
2026-05-19,CÓRDOBA,VICUÑA MACKENNA,1260
2026-05-19,CÓRDOBA,VILLA HUIDOBRO,1142
2026-05-19,CÓRDOBA,VILLA MARIA (JESUS M,90
2026-05-19,CÓRDOBA,VILLA VALERIA,1029
2026-05-19,ENTRE RÍOS,GUALEGUAY,1600
2026-05-19,ENTRE RÍOS,HASENKAMP,90
2026-05-19,ENTRE RÍOS,LARROQUE,50
2026-05-19,ENTRE RÍOS,MARIA GRANDE PRIMERA,67
2026-05-19,ENTRE RÍOS,PEHUAJO NORTE,39
2026-05-19,ENTRE RÍOS,SOLA,5
2026-05-19,ENTRE RÍOS,STROBEL,227
2026-05-19,ENTRE RÍOS,URDINARRAIN,2235
2026-05-19,ENTRE RÍOS,VIALE,65
2026-05-19,ENTRE RÍOS,VICTORIA,360
2026-05-19,LA PAMPA,CATRILO,200
2026-05-19,LA PAMPA,COLONIA CASTEX,130
2026-05-19,LA PAMPA,CORONEL HILARIO LAGO,448
2026-05-19,LA PAMPA,GENERAL PICO,4941
2026-05-19,LA PAMPA,LA HUMADA,60
2026-05-19,LA PAMPA,PICHI-HUINCA,25
2026-05-19,LA PAMPA,SARAH,62
2026-05-19,LA PAMPA,TREBOLARES,2000
2026-05-19,SALTA,ORAN,1000
2026-05-19,SAN LUIS,ALGARROBITOS,137
2026-05-19,SAN LUIS,BELLA VISTA (VILLA D,53
2026-05-19,SAN LUIS,JUAN LLERENA,350
2026-05-19,SAN LUIS,JUSTO DARACT,30
2026-05-19,SAN LUIS,LA ANGELINA,90
2026-05-19,SAN LUIS,LA CUMBRE (SAN LUIS-,691
2026-05-19,SAN LUIS,PUNILLA,456
2026-05-19,SAN LUIS,VILLA MERCEDES,2000
2026-05-19,SANTA FE,ACEBAL,180
2026-05-19,SANTA FE,ARMSTRONG,780
2026-05-19,SANTA FE,ARROYO SECO,1000
2026-05-19,SANTA FE,BERNARDO DE IRIGOYEN,120
2026-05-19,SANTA FE,BOMBAL,105
2026-05-19,SANTA FE,CARCARAÑA,150
2026-05-19,SANTA FE,CARRERAS,90
2026-05-19,SANTA FE,CHABAS,144
2026-05-19,SANTA FE,DIAZ,162
2026-05-19,SANTA FE,ESTACION CHRISTOPHER,2
2026-05-19,SANTA FE,GALVEZ,15
2026-05-19,SANTA FE,HUGHES,122
2026-05-19,SANTA FE,IRIGOYEN,690
2026-05-19,SANTA FE,LAS ROSAS,30
2026-05-19,SANTA FE,LUIS PALACIOS,700
2026-05-19,SANTA FE,MALABRIGO,30
2026-05-19,SANTA FE,MARIA JUANA,500
2026-05-19,SANTA FE,MARIA SUSANA,300
2026-05-19,SANTA FE,MONTES DE OCA,100
2026-05-19,SANTA FE,MURPHY,103
2026-05-19,SANTA FE,PUEBLO RAMONA,300
2026-05-19,SANTA FE,RAFAELA,1900
2026-05-19,SANTA FE,ROLDAN,42
2026-05-19,SANTA FE,ROMANG,205
2026-05-19,SANTA FE,ROSARIO,10210
2026-05-19,SANTA FE,RUFINO,120
2026-05-19,SANTA FE,SAN JERONIMO SUD,105
2026-05-19,SANTA FE,SAN MARCOS DE VENADO,8000
2026-05-19,SANTA FE,SAN RICARDO,30
2026-05-19,SANTA FE,SANCTI SPIRITU,404
2026-05-19,SANTA FE,SANTA FE,2720
2026-05-19,SANTA FE,SANTA ISABEL,18
2026-05-19,SANTA FE,TEODELINA,275
2026-05-19,SANTA FE,TORTUGAS,3
2026-05-19,SANTA FE,VENADO TUERTO,1131
2026-05-19,SANTA FE,VIDELA,75
2026-05-19,SANTA FE,VILLA CAÑAS,673
2026-05-19,SANTIAGO DEL ESTERO,OTUMPA,300
2026-05-19,TUCUMÁN,LOS PEREYRA,1000
2026-05-20,BUENOS AIRES,9 DE JULIO,160
2026-05-20,BUENOS AIRES,AMERICA,657
2026-05-20,BUENOS AIRES,ARRECIFES,600
2026-05-20,BUENOS AIRES,ARRIBEÑOS,115
2026-05-20,BUENOS AIRES,ASCENSION,2000
2026-05-20,BUENOS AIRES,AZUL,500
2026-05-20,BUENOS AIRES,BALCARCE,550
2026-05-20,BUENOS AIRES,BANDERALO,360
2026-05-20,BUENOS AIRES,BRAGADO,330
2026-05-20,BUENOS AIRES,CARABELAS,221
2026-05-20,BUENOS AIRES,CARLOS CASARES,90
2026-05-20,BUENOS AIRES,CAÑADA MARIANO (EMBA,900
2026-05-20,BUENOS AIRES,CAÑUELAS,5
2026-05-20,BUENOS AIRES,CHACABUCO,769
2026-05-20,BUENOS AIRES,COLON,35
2026-05-20,BUENOS AIRES,CORONEL DORREGO,745
2026-05-20,BUENOS AIRES,CORONEL PRINGLES,500
2026-05-20,BUENOS AIRES,CORONEL SUAREZ,2000
2026-05-20,BUENOS AIRES,DAIREAUX,2000
2026-05-20,BUENOS AIRES,ESTACION ASCENSION,300
2026-05-20,BUENOS AIRES,GENERAL BELGRANO,90
2026-05-20,BUENOS AIRES,GENERAL VILLEGAS,6710
2026-05-20,BUENOS AIRES,GONZALES CHAVES,4000
2026-05-20,BUENOS AIRES,HUANGUELEN,30
2026-05-20,BUENOS AIRES,JUNIN,120
2026-05-20,BUENOS AIRES,LA DULCE,660
2026-05-20,BUENOS AIRES,LA VIOLETA,60
2026-05-20,BUENOS AIRES,LOBERIA,330
2026-05-20,BUENOS AIRES,LUJAN,30
2026-05-20,BUENOS AIRES,MAIPU,220
2026-05-20,BUENOS AIRES,MARIANO H. ALFONZO,2000
2026-05-20,BUENOS AIRES,NAVARRO,90
2026-05-20,BUENOS AIRES,PEHUAJO,1570
2026-05-20,BUENOS AIRES,PELLEGRINI,575
2026-05-20,BUENOS AIRES,PERGAMINO,189
2026-05-20,BUENOS AIRES,PIEDRITAS,150
2026-05-20,BUENOS AIRES,ROJAS,1186
2026-05-20,BUENOS AIRES,SALAZAR,130
2026-05-20,BUENOS AIRES,SALLIQUELO,180
2026-05-20,BUENOS AIRES,SAN ANTONIO DE ARECO,247
2026-05-20,BUENOS AIRES,SIERRA DE LOS PADRES,1000
2026-05-20,BUENOS AIRES,TRENQUE LAUQUEN,2332
2026-05-20,BUENOS AIRES,TRES ALGARROBOS,140
2026-05-20,BUENOS AIRES,TRES ARROYOS,90
2026-05-20,BUENOS AIRES,VEDIA,240
2026-05-20,BUENOS AIRES,VILLA MOQUEHUA,60
2026-05-20,CIUDAD AUTÓNOMA DE BUENOS AIRES,CAPITAL FEDERAL,300
2026-05-20,CÓRDOBA,ADELIA MARIA,127
2026-05-20,CÓRDOBA,ALCIRA,30
2026-05-20,CÓRDOBA,ALEJANDRO ROCA,50
2026-05-20,CÓRDOBA,BAJO CHICO (DPTO SAN,100
2026-05-20,CÓRDOBA,BELL VILLE,68
2026-05-20,CÓRDOBA,CAMILO ALDAO,280
2026-05-20,CÓRDOBA,DEVOTO,2
2026-05-20,CÓRDOBA,ELENA,36
2026-05-20,CÓRDOBA,FREYRE,516
2026-05-20,CÓRDOBA,GENERAL BALDISSERA,80
2026-05-20,CÓRDOBA,GENERAL CABRERA,200
2026-05-20,CÓRDOBA,GENERAL LEVALLE,37
2026-05-20,CÓRDOBA,GUATIMOZIN,66
2026-05-20,CÓRDOBA,HERNANDO,510
2026-05-20,CÓRDOBA,HIPOLITO BOUCHARD,3100
2026-05-20,CÓRDOBA,HUINCA RENANCO,2700
2026-05-20,CÓRDOBA,IDIAZABAL,180
2026-05-20,CÓRDOBA,INRIVILLE,124
2026-05-20,CÓRDOBA,JUSTINIANO POSSE,53
2026-05-20,CÓRDOBA,LABOULAYE,630
2026-05-20,CÓRDOBA,LAS VERTIENTES,230
2026-05-20,CÓRDOBA,LEONES,1890
2026-05-20,CÓRDOBA,LOS CISNES,93
2026-05-20,CÓRDOBA,LUQUE,144
2026-05-20,CÓRDOBA,MARCOS JUAREZ,24
2026-05-20,CÓRDOBA,MATORRALES,19
2026-05-20,CÓRDOBA,MONTE BUEY,250
2026-05-20,CÓRDOBA,MONTE CRISTO,150
2026-05-20,CÓRDOBA,OLIVA,173
2026-05-20,CÓRDOBA,PORTEÑA,160
2026-05-20,CÓRDOBA,PUEBLO ITALIANO,150
2026-05-20,CÓRDOBA,RIO CEBALLOS,1000
2026-05-20,CÓRDOBA,RIO CUARTO,90
2026-05-20,CÓRDOBA,RIO TERCERO,600
2026-05-20,CÓRDOBA,SINSACATE,1000
2026-05-20,CÓRDOBA,VICUÑA MACKENNA,88
2026-05-20,CÓRDOBA,VILLA HUIDOBRO,1000
2026-05-20,CÓRDOBA,VILLA ROSSI,420
2026-05-20,ENTRE RÍOS,ALDEA BRASILERA,200
2026-05-20,ENTRE RÍOS,BASAVILBASO,850
2026-05-20,ENTRE RÍOS,COLONIA ELIA,66
2026-05-20,ENTRE RÍOS,COLONIA SAN ANTONIO,120
2026-05-20,ENTRE RÍOS,GUALEGUAY,800
2026-05-20,ENTRE RÍOS,MARIA GRANDE PRIMERA,65
2026-05-20,ENTRE RÍOS,URDINARRAIN,800
2026-05-20,ENTRE RÍOS,VIALE,50
2026-05-20,ENTRE RÍOS,VICTORIA,240
2026-05-20,ENTRE RÍOS,VILLA FONTANA,60
2026-05-20,ENTRE RÍOS,VILLAGUAY,468
2026-05-20,LA PAMPA,BERNARDO LARROUDE,5095
2026-05-20,LA PAMPA,COLONIA CASTEX,33
2026-05-20,LA PAMPA,GENERAL PICO,6600
2026-05-20,LA PAMPA,INTENDENTE ALVEAR,47
2026-05-20,LA PAMPA,MACACHIN,270
2026-05-20,SAN LUIS,ALGARROBITOS,33
2026-05-20,SAN LUIS,BAGUAL,150
2026-05-20,SAN LUIS,CORONEL ALZOGARAY,3
2026-05-20,SAN LUIS,FRAGA,156
2026-05-20,SAN LUIS,JUAN W. GEZ,300
2026-05-20,SANTA FE,ARMSTRONG,240
2026-05-20,SANTA FE,AROCENA,334
2026-05-20,SANTA FE,BOUQUET,54
2026-05-20,SANTA FE,CAFFERATA,2
2026-05-20,SANTA FE,CARCARAÑA,210
2026-05-20,SANTA FE,CARRERAS,120
2026-05-20,SANTA FE,CASILDA,46
2026-05-20,SANTA FE,CAÑADA DE GOMEZ,16
2026-05-20,SANTA FE,CENTENO,30
2026-05-20,SANTA FE,ESMERALDA,30
2026-05-20,SANTA FE,FIRMAT,135
2026-05-20,SANTA FE,GALVEZ,140
2026-05-20,SANTA FE,GOBERNADOR CRESPO,49
2026-05-20,SANTA FE,IRIGOYEN,30
2026-05-20,SANTA FE,LAS PAREJAS,233
2026-05-20,SANTA FE,LAS ROSAS,248
2026-05-20,SANTA FE,LOS LAURELES,34
2026-05-20,SANTA FE,LOS MOLINOS,500
2026-05-20,SANTA FE,LOS SALADILLOS,64
2026-05-20,SANTA FE,LUIS PALACIOS,300
2026-05-20,SANTA FE,MARIA JUANA,9252
2026-05-20,SANTA FE,MARIA SUSANA,300
2026-05-20,SANTA FE,PEYRANO,420
2026-05-20,SANTA FE,PIAMONTE,179
2026-05-20,SANTA FE,PUERTO GRAL SAN MARTIN,210
2026-05-20,SANTA FE,RAFAELA,1000
2026-05-20,SANTA FE,ROSARIO,2800
2026-05-20,SANTA FE,RUFINO,320
2026-05-20,SANTA FE,SAN LORENZO,190
2026-05-20,SANTA FE,SAN MARTIN DE LAS ES,5
2026-05-20,SANTA FE,TEODELINA,37
2026-05-20,SANTA FE,VENADO TUERTO,1250
2026-05-20,SANTA FE,VILLA CAÑAS,1389
2026-05-21,BUENOS AIRES,CARLOS CASARES,1500
2026-05-21,BUENOS AIRES,CASBAS,60
2026-05-21,BUENOS AIRES,CORONEL DORREGO,60
2026-05-21,BUENOS AIRES,NECOCHEA,11
2026-05-21,BUENOS AIRES,TANDIL,750
2026-05-21,CÓRDOBA,COLONIA VICENTE AGUE,210
2026-05-21,CÓRDOBA,COSTA SACATE,6
2026-05-21,CÓRDOBA,SANTIAGO TEMPLE,29
2026-05-21,SAN LUIS,SAN LUIS,1000
2026-05-21,SANTA FE,SANTA TERESA (AARON,700
2026-05-21,SANTA FE,ZAVALLA,60
