fecha,provincia,localidad,tn
2024-12-16,BUENOS AIRES,OTAMENDI,205
2025-01-09,BUENOS AIRES,ORIENTE,200
2025-03-25,BUENOS AIRES,BAJO HONDO,3759
2025-04-23,BUENOS AIRES,NECOCHEA,180
2025-04-24,BUENOS AIRES,BAJO HONDO,3149
2025-04-24,BUENOS AIRES,TANDIL,300
2025-04-25,BUENOS AIRES,TANDIL,146
2025-04-29,BUENOS AIRES,CORONEL DORREGO,402
2025-04-30,BUENOS AIRES,CORONEL DORREGO,807
2025-05-06,BUENOS AIRES,BAJO HONDO,611
2025-05-07,BUENOS AIRES,QUEQUEN,740
2025-05-16,BUENOS AIRES,NECOCHEA,750
2025-05-19,BUENOS AIRES,LOBERIA,300
2025-05-22,BUENOS AIRES,BALCARCE,11
2025-05-23,BUENOS AIRES,NECOCHEA,2160
2025-05-27,BUENOS AIRES,CORONEL DORREGO,2230
2025-06-03,BUENOS AIRES,JUAN N. FERNANDEZ,90
2025-06-09,BUENOS AIRES,PIGUE,55
2025-06-10,BUENOS AIRES,TANDIL,90
2025-06-13,BUENOS AIRES,LOBERIA,26
2025-06-18,BUENOS AIRES,CARLOS CASARES,200
2025-06-18,BUENOS AIRES,PEHUAJO,42
2025-06-18,BUENOS AIRES,QUEQUEN,90
2025-06-24,BUENOS AIRES,LOBERIA,120
2025-06-24,BUENOS AIRES,PEHUAJO,10
2025-06-24,BUENOS AIRES,TRES ARROYOS,68
2025-07-03,BUENOS AIRES,LOBERIA,164
2025-07-04,BUENOS AIRES,AZUL,300
2025-07-10,BUENOS AIRES,JUAN N. FERNANDEZ,120
2025-07-10,BUENOS AIRES,LOBERIA,33
2025-07-10,BUENOS AIRES,NECOCHEA,231
2025-07-10,BUENOS AIRES,SAN CAYETANO,392
2025-07-14,BUENOS AIRES,NECOCHEA,90
2025-07-15,BUENOS AIRES,LA DULCE,120
2025-07-16,BUENOS AIRES,CORONEL SUAREZ,300
2025-07-18,BUENOS AIRES,QUEQUEN,800
2025-07-21,BUENOS AIRES,NECOCHEA,329
2025-07-22,BUENOS AIRES,AZUL,315
2025-07-22,BUENOS AIRES,LOBERIA,60
2025-07-22,BUENOS AIRES,QUEQUEN,340
2025-07-23,BUENOS AIRES,LOBERIA,164
2025-07-23,BUENOS AIRES,MAR DEL PLATA,60
2025-07-23,BUENOS AIRES,NECOCHEA,211
2025-07-25,BUENOS AIRES,BAJO HONDO,2006
2025-07-28,BUENOS AIRES,QUEQUEN,53
2025-07-28,BUENOS AIRES,SALDUNGARAY,120
2025-07-31,BUENOS AIRES,AZUL,1362
2025-08-01,BUENOS AIRES,ADOLFO GONZALES CHAVEZ,106
2025-08-01,BUENOS AIRES,NECOCHEA,380
2025-08-04,BUENOS AIRES,BAHIA BLANCA,60
2025-08-04,BUENOS AIRES,CORONEL DORREGO,90
2025-08-04,BUENOS AIRES,HUANGUELEN,2500
2025-08-04,BUENOS AIRES,JUAN N. FERNANDEZ,90
2025-08-05,BUENOS AIRES,CORONEL DORREGO,200
2025-08-05,BUENOS AIRES,GUAMINI,300
2025-08-05,BUENOS AIRES,LA DULCE,90
2025-08-05,BUENOS AIRES,NECOCHEA,58
2025-08-05,BUENOS AIRES,PEHUEN CO,150
2025-08-06,BUENOS AIRES,BARRIO BANCO PROVINC,350
2025-08-06,BUENOS AIRES,CARHUE,30
2025-08-06,BUENOS AIRES,CORONEL DORREGO,30
2025-08-06,BUENOS AIRES,PIGUE,90
2025-08-06,BUENOS AIRES,SAN MIGUEL ARCANGEL,600
2025-08-07,BUENOS AIRES,9 DE JULIO,220
2025-08-07,BUENOS AIRES,BAHIA BLANCA,90
2025-08-07,BUENOS AIRES,CARHUE,120
2025-08-07,BUENOS AIRES,JUAN N. FERNANDEZ,60
2025-08-07,BUENOS AIRES,PIGUE,60
2025-08-07,BUENOS AIRES,QUEQUEN,60
2025-08-08,BUENOS AIRES,LOBERIA,394
2025-08-08,BUENOS AIRES,PIGUE,150
2025-08-12,BUENOS AIRES,LOBERIA,90
2025-08-14,BUENOS AIRES,NECOCHEA,120
2025-08-14,BUENOS AIRES,PIGUE,60
2025-08-18,BUENOS AIRES,GUAMINI,300
2025-08-18,BUENOS AIRES,QUEQUEN,574
2025-08-19,BUENOS AIRES,BALCARCE,720
2025-08-19,BUENOS AIRES,CORONEL SUAREZ,1500
2025-08-19,BUENOS AIRES,TANDIL,700
2025-08-20,BUENOS AIRES,CORONEL DORREGO,930
2025-08-20,BUENOS AIRES,LA DULCE,120
2025-08-20,BUENOS AIRES,LIBANO,60
2025-08-21,BUENOS AIRES,LOBERIA,56
2025-08-21,BUENOS AIRES,PIGUE,30
2025-08-25,BUENOS AIRES,JUAN N. FERNANDEZ,110
2025-08-25,BUENOS AIRES,NECOCHEA,240
2025-08-26,BUENOS AIRES,LOBERIA,124
2025-08-27,BUENOS AIRES,BAHIA BLANCA,1000
2025-08-27,BUENOS AIRES,CARHUE,240
2025-08-27,BUENOS AIRES,CORONEL SUAREZ,270
2025-08-27,BUENOS AIRES,ESPARTILLAR (PDO. SAAVEDRA),150
2025-08-27,BUENOS AIRES,GONZALES CHAVES,2000
2025-08-27,BUENOS AIRES,LA DULCE,60
2025-08-27,BUENOS AIRES,SAN MIGUEL ARCANGEL,900
2025-08-27,BUENOS AIRES,TANDIL,262
2025-08-27,BUENOS AIRES,TRES ARROYOS,510
2025-08-28,BUENOS AIRES,BRAGADO,150
2025-08-28,BUENOS AIRES,CARLOS CASARES,60
2025-08-28,BUENOS AIRES,CLARAZ,110
2025-08-28,BUENOS AIRES,PIGUE,120
2025-08-28,BUENOS AIRES,QUEQUEN,3500
2025-08-28,BUENOS AIRES,TANDIL,150
2025-08-28,SANTA FE,LOPEZ,30
2025-08-29,BUENOS AIRES,BAHIA BLANCA,920
2025-08-29,BUENOS AIRES,BORDENAVE,300
2025-08-29,BUENOS AIRES,CARHUE,450
2025-08-29,BUENOS AIRES,CARLOS CASARES,500
2025-08-29,BUENOS AIRES,COLONIA HINOJO,240
2025-08-29,BUENOS AIRES,CORONEL DORREGO,390
2025-08-29,BUENOS AIRES,DARREGUEIRA,100
2025-08-29,BUENOS AIRES,ESPARTILLAR (PDO. SAAVEDRA),60
2025-08-29,BUENOS AIRES,GONZALES CHAVES,1000
2025-08-29,BUENOS AIRES,JUAN N. FERNANDEZ,210
2025-08-29,BUENOS AIRES,LOBERIA,1000
2025-08-29,BUENOS AIRES,MAR DEL PLATA,60
2025-08-29,BUENOS AIRES,MIRAMAR (PDO. GRAL.,450
2025-08-29,BUENOS AIRES,PIGUE,200
2025-08-29,BUENOS AIRES,QUEQUEN,2300
2025-08-29,BUENOS AIRES,RAUCH,600
2025-08-29,BUENOS AIRES,TRES ARROYOS,1000
2025-08-29,SANTA FE,CHAPUY,500
2025-08-29,SANTA FE,ROSARIO,1000
2025-09-01,BUENOS AIRES,CORONEL SUAREZ,1000
2025-09-01,BUENOS AIRES,LARTIGAU,1000
2025-09-01,BUENOS AIRES,NECOCHEA,138
2025-09-01,BUENOS AIRES,PIGUE,30
2025-09-01,BUENOS AIRES,TANDIL,1500
2025-09-02,BUENOS AIRES,BALCARCE,720
2025-09-02,BUENOS AIRES,CARLOS CASARES,500
2025-09-02,BUENOS AIRES,SAN CAYETANO,250
2025-09-03,BUENOS AIRES,CORONEL DORREGO,180
2025-09-03,BUENOS AIRES,JUAN N. FERNANDEZ,60
2025-09-03,BUENOS AIRES,LOBERIA,30
2025-09-03,BUENOS AIRES,ORENSE,600
2025-09-04,BUENOS AIRES,PIGUE,480
2025-09-04,BUENOS AIRES,TORNQUIST,60
2025-09-04,BUENOS AIRES,TRENQUE LAUQUEN,240
2025-09-05,BUENOS AIRES,CARLOS CASARES,1000
2025-09-05,BUENOS AIRES,GONZALES CHAVES,1500
2025-09-08,BUENOS AIRES,CARLOS CASARES,2000
2025-09-08,BUENOS AIRES,ESPARTILLAR (PDO. SAAVEDRA),2000
2025-09-09,BUENOS AIRES,BAHIA BLANCA,60
2025-09-09,BUENOS AIRES,CASCADA,100
2025-09-09,BUENOS AIRES,CORONEL DORREGO,3000
2025-09-09,BUENOS AIRES,EMILIO V. BUNGE,290
2025-09-09,BUENOS AIRES,ESPARTILLAR (PDO. SAAVEDRA),1400
2025-09-09,BUENOS AIRES,GONZALES CHAVES,2000
2025-09-09,BUENOS AIRES,LARTIGAU,500
2025-09-09,BUENOS AIRES,TANDIL,173
2025-09-09,BUENOS AIRES,TRES ARROYOS,182
2025-09-10,BUENOS AIRES,BAHIA BLANCA,1200
2025-09-10,BUENOS AIRES,BARRIO BANCO PROVINC,210
2025-09-10,BUENOS AIRES,CORONEL DORREGO,250
2025-09-10,BUENOS AIRES,QUEQUEN,90
2025-09-10,LA PAMPA,GENERAL PICO,70
2025-09-11,BUENOS AIRES,GONZALES CHAVES,1000
2025-09-11,BUENOS AIRES,TANDIL,265
2025-09-11,BUENOS AIRES,TRES ARROYOS,23
2025-09-12,BUENOS AIRES,BAHIA BLANCA,500
2025-09-12,BUENOS AIRES,CARLOS CASARES,200
2025-09-12,BUENOS AIRES,CORONEL PRINGLES,690
2025-09-12,BUENOS AIRES,GONZALES CHAVES,2000
2025-09-12,BUENOS AIRES,PIGUE,760
2025-09-15,BUENOS AIRES,AZUL,60
2025-09-15,BUENOS AIRES,BAHIA BLANCA,5000
2025-09-15,BUENOS AIRES,BRAGADO,60
2025-09-15,BUENOS AIRES,TANDIL,600
2025-09-16,BUENOS AIRES,LA DULCE,200
2025-09-16,BUENOS AIRES,LOBERIA,300
2025-09-16,BUENOS AIRES,NECOCHEA,58
2025-09-16,BUENOS AIRES,RAUCH,700
2025-09-17,BUENOS AIRES,ADOLFO GONZALES CHAVEZ,500
2025-09-17,BUENOS AIRES,CABILDO,60
2025-09-17,BUENOS AIRES,GUAMINI,60
2025-09-17,BUENOS AIRES,LOBERIA,30
2025-09-17,BUENOS AIRES,NECOCHEA,110
2025-09-18,BUENOS AIRES,CORONEL DORREGO,200
2025-09-18,BUENOS AIRES,CORONEL SUAREZ,200
2025-09-18,BUENOS AIRES,NECOCHEA,30
2025-09-19,BUENOS AIRES,BAHIA BLANCA,1600
2025-09-19,BUENOS AIRES,BALCARCE,1000
2025-09-19,BUENOS AIRES,TRES ARROYOS,120
2025-09-22,BUENOS AIRES,BAHIA BLANCA,650
2025-09-22,BUENOS AIRES,PIGUE,330
2025-09-22,BUENOS AIRES,SAN MIGUEL ARCANGEL,180
2025-09-23,BUENOS AIRES,BOLIVAR,1300
2025-09-23,BUENOS AIRES,BORDENAVE,240
2025-09-23,BUENOS AIRES,CARHUE,90
2025-09-23,BUENOS AIRES,CLAROMECO,150
2025-09-23,BUENOS AIRES,CORONEL DORREGO,11430
2025-09-23,BUENOS AIRES,CORONEL PRINGLES,480
2025-09-23,BUENOS AIRES,DAIREAUX,120
2025-09-23,BUENOS AIRES,DARREGUEIRA,360
2025-09-23,BUENOS AIRES,GUAMINI,30
2025-09-23,BUENOS AIRES,JUAN JOSE PASO,60
2025-09-23,BUENOS AIRES,LOBERIA,2620
2025-09-23,BUENOS AIRES,MAR DEL PLATA,60
2025-09-23,BUENOS AIRES,NECOCHEA,13262
2025-09-23,BUENOS AIRES,ORIENTE,200
2025-09-23,BUENOS AIRES,PEHUAJO,100
2025-09-23,BUENOS AIRES,PIEDRITAS,120
2025-09-23,BUENOS AIRES,PIERES,70
2025-09-23,BUENOS AIRES,SALLIQUELO,236
2025-09-23,BUENOS AIRES,TANDIL,2060
2025-09-23,BUENOS AIRES,TAPALQUE,210
2025-09-23,BUENOS AIRES,TRES ARROYOS,930
2025-09-23,LA PAMPA,CATRILO,3000
2025-09-23,SANTA FE,SAN LORENZO,12700
2025-09-24,BUENOS AIRES,ABRA DE HINOJO,60
2025-09-24,BUENOS AIRES,ADOLFO GONZALES CHAVEZ,950
2025-09-24,BUENOS AIRES,ANDANT,500
2025-09-24,BUENOS AIRES,BAHIA BLANCA,1600
2025-09-24,BUENOS AIRES,BALCARCE,3220
2025-09-24,BUENOS AIRES,BORDENAVE,120
2025-09-24,BUENOS AIRES,CARHUE,450
2025-09-24,BUENOS AIRES,CAÑADA MARIANO (EMBA,1500
2025-09-24,BUENOS AIRES,CORONEL DORREGO,2425
2025-09-24,BUENOS AIRES,CORONEL SUAREZ,1150
2025-09-24,BUENOS AIRES,DARREGUEIRA,120
2025-09-24,BUENOS AIRES,ESPARTILLAR (PDO. SAAVEDRA),3300
2025-09-24,BUENOS AIRES,GONZALES CHAVES,17500
2025-09-24,BUENOS AIRES,LA DULCE,1000
2025-09-24,BUENOS AIRES,LOBERIA,5350
2025-09-24,BUENOS AIRES,NAPALEOFU,350
2025-09-24,BUENOS AIRES,NECOCHEA,7860
2025-09-24,BUENOS AIRES,OLAVARRIA,1590
2025-09-24,BUENOS AIRES,ORENSE,400
2025-09-24,BUENOS AIRES,PEHUEN CO,120
2025-09-24,BUENOS AIRES,PIGUE,6500
2025-09-24,BUENOS AIRES,QUEQUEN,3064
2025-09-24,BUENOS AIRES,SALDUNGARAY,120
2025-09-24,BUENOS AIRES,SAN CAYETANO,1000
2025-09-24,BUENOS AIRES,SAN MANUEL,1180
2025-09-24,BUENOS AIRES,TANDIL,8550
2025-09-24,BUENOS AIRES,TORNQUIST,1110
2025-09-24,BUENOS AIRES,TRENQUE LAUQUEN,390
2025-09-24,BUENOS AIRES,TRES ARROYOS,5470
2025-09-24,LA PAMPA,CATRILO,6000
2025-09-24,LA PAMPA,GUATRACHE,200
2025-09-24,LA PAMPA,QUEMU-QUEMU,300
2025-09-25,BUENOS AIRES,CARLOS CASARES,200
2025-09-25,BUENOS AIRES,CORONEL DORREGO,190
2025-09-25,BUENOS AIRES,CORONEL PRINGLES,240
2025-09-25,BUENOS AIRES,LOBERIA,360
2025-09-25,BUENOS AIRES,MAR DEL PLATA,100
2025-09-25,BUENOS AIRES,MIRAMAR (PDO. GRAL.,300
2025-09-25,BUENOS AIRES,NECOCHEA,100
2025-09-25,LA PAMPA,CATRILO,5000
2025-09-26,BUENOS AIRES,BAHIA BLANCA,30
2025-09-26,BUENOS AIRES,CORONEL DORREGO,60
2025-09-26,BUENOS AIRES,PEDRO LURO,60
2025-09-29,BUENOS AIRES,BAHIA BLANCA,700
2025-09-29,BUENOS AIRES,BAJO HONDO,1880
2025-09-29,BUENOS AIRES,CORONEL DORREGO,1200
2025-09-29,BUENOS AIRES,CORONEL SUAREZ,680
2025-09-29,BUENOS AIRES,DARREGUEIRA,500
2025-09-29,BUENOS AIRES,GONZALES CHAVES,3000
2025-09-29,BUENOS AIRES,PIGUE,800
2025-09-29,BUENOS AIRES,TRES ARROYOS,2410
2025-09-29,BUENOS AIRES,VILLA IRIS,900
2025-09-30,BUENOS AIRES,BAHIA BLANCA,600
2025-09-30,BUENOS AIRES,CORONEL DORREGO,1290
2025-10-01,BUENOS AIRES,CORONEL DORREGO,5510
2025-10-02,BUENOS AIRES,TANDIL,1000
2025-10-02,BUENOS AIRES,TORNQUIST,210
2025-10-02,SANTA FE,LOPEZ,60
2025-10-03,BUENOS AIRES,CORONEL SUAREZ,150
2025-10-03,BUENOS AIRES,EMPORIO STROEDER,200
2025-10-06,BUENOS AIRES,CORONEL SUAREZ,2000
2025-10-06,BUENOS AIRES,LARTIGAU,300
2025-10-06,BUENOS AIRES,TRES ARROYOS,619
2025-10-07,BUENOS AIRES,PIGUE,2000
2025-10-07,BUENOS AIRES,RAUCH,150
2025-10-07,BUENOS AIRES,TANDIL,400
2025-10-07,BUENOS AIRES,TRES ARROYOS,410
2025-10-08,BUENOS AIRES,CORONEL PRINGLES,360
2025-10-08,BUENOS AIRES,LA DULCE,550
2025-10-08,BUENOS AIRES,LAS PIEDRITAS (OLAVA,120
2025-10-08,BUENOS AIRES,PIGUE,60
2025-10-08,BUENOS AIRES,TRES ARROYOS,150
2025-10-09,BUENOS AIRES,BARRIO VILLA GAUCHO,300
2025-10-09,BUENOS AIRES,CARHUE,330
2025-10-09,BUENOS AIRES,CORONEL DORREGO,1300
2025-10-09,BUENOS AIRES,CORONEL PRINGLES,30
2025-10-09,BUENOS AIRES,LOBERIA,750
2025-10-09,BUENOS AIRES,NECOCHEA,210
2025-10-09,BUENOS AIRES,TRES ARROYOS,420
2025-10-13,BUENOS AIRES,CORONEL PRINGLES,510
2025-10-13,BUENOS AIRES,CORONEL SUAREZ,150
2025-10-13,BUENOS AIRES,DARREGUEIRA,2000
2025-10-13,BUENOS AIRES,JUAN N. FERNANDEZ,150
2025-10-13,BUENOS AIRES,NECOCHEA,2008
2025-10-13,BUENOS AIRES,TANDIL,60
2025-10-13,BUENOS AIRES,TENIENTE ORIGONE,650
2025-10-13,BUENOS AIRES,TRENQUE LAUQUEN,60
2025-10-13,SANTA FE,CHAPUY,1000
2025-10-14,BUENOS AIRES,BAHIA BLANCA,600
2025-10-14,BUENOS AIRES,CAÑADA MARIANO (EMBA,1500
2025-10-14,BUENOS AIRES,COPETONAS,400
2025-10-14,BUENOS AIRES,CORONEL DORREGO,5860
2025-10-14,BUENOS AIRES,CORONEL PRINGLES,300
2025-10-14,BUENOS AIRES,CORONEL SUAREZ,1000
2025-10-14,BUENOS AIRES,DARREGUEIRA,200
2025-10-14,BUENOS AIRES,GUAMINI,90
2025-10-14,BUENOS AIRES,JUAN N. FERNANDEZ,150
2025-10-14,BUENOS AIRES,LIBANO,180
2025-10-14,BUENOS AIRES,LOBERIA,60
2025-10-14,BUENOS AIRES,NECOCHEA,497
2025-10-14,BUENOS AIRES,OLAVARRIA,90
2025-10-14,BUENOS AIRES,TRES ARROYOS,300
2025-10-14,CHACO,CHARATA,500
2025-10-14,SANTA FE,CHAPUY,500
2025-10-14,SANTA FE,LAS ROSAS,200
2025-10-15,BUENOS AIRES,AZUL,870
2025-10-15,BUENOS AIRES,CABILDO,60
2025-10-15,BUENOS AIRES,CORONEL DORREGO,190
2025-10-15,BUENOS AIRES,CORONEL SUAREZ,30
2025-10-15,BUENOS AIRES,DAIREAUX,200
2025-10-15,BUENOS AIRES,LARTIGAU,300
2025-10-15,BUENOS AIRES,NECOCHEA,1500
2025-10-15,BUENOS AIRES,TANDIL,1000
2025-10-15,BUENOS AIRES,TORNQUIST,500
2025-10-15,BUENOS AIRES,TRENQUE LAUQUEN,500
2025-10-15,BUENOS AIRES,TRES ARROYOS,2254
2025-10-15,LA PAMPA,GUATRACHE,210
2025-10-15,SANTA FE,CHAPUY,270
2025-10-16,BUENOS AIRES,BAHIA BLANCA,100
2025-10-16,BUENOS AIRES,CARHUE,60
2025-10-16,BUENOS AIRES,CASBAS,68
2025-10-16,BUENOS AIRES,LA DULCE,330
2025-10-16,BUENOS AIRES,LOBERIA,800
2025-10-17,BUENOS AIRES,BAHIA BLANCA,260
2025-10-17,BUENOS AIRES,CORONEL DORREGO,3300
2025-10-17,BUENOS AIRES,CORONEL SUAREZ,120
2025-10-17,BUENOS AIRES,TRES ARROYOS,200
2025-10-17,LA PAMPA,CATRILO,180
2025-10-17,SANTA FE,CHAPUY,150
2025-10-20,BUENOS AIRES,BAHIA BLANCA,140
2025-10-20,BUENOS AIRES,CORONEL DORREGO,100
2025-10-20,BUENOS AIRES,CORONEL SUAREZ,300
2025-10-20,BUENOS AIRES,JUAN N. FERNANDEZ,500
2025-10-20,BUENOS AIRES,TANDIL,2000
2025-10-20,BUENOS AIRES,TRES ARROYOS,1060
2025-10-21,BUENOS AIRES,AZUL,500
2025-10-21,BUENOS AIRES,BAHIA BLANCA,400
2025-10-21,BUENOS AIRES,BRAGADO,30
2025-10-21,BUENOS AIRES,CORONEL DORREGO,3000
2025-10-21,BUENOS AIRES,CORONEL PRINGLES,2030
2025-10-21,BUENOS AIRES,CORONEL SUAREZ,3000
2025-10-21,BUENOS AIRES,DAIREAUX,280
2025-10-21,BUENOS AIRES,DARREGUEIRA,1500
2025-10-21,BUENOS AIRES,GONZALES CHAVES,13000
2025-10-21,BUENOS AIRES,IRENE,90
2025-10-21,BUENOS AIRES,LA DULCE,400
2025-10-21,BUENOS AIRES,LARTIGAU,290
2025-10-21,BUENOS AIRES,LOBERIA,3920
2025-10-21,BUENOS AIRES,NECOCHEA,5510
2025-10-21,BUENOS AIRES,PIGUE,2000
2025-10-21,BUENOS AIRES,RAUCH,120
2025-10-21,BUENOS AIRES,TANDIL,3850
2025-10-21,BUENOS AIRES,TRENQUE LAUQUEN,270
2025-10-21,BUENOS AIRES,TRES ARROYOS,3814
2025-10-21,LA PAMPA,CATRILO,2000
2025-10-21,LA PAMPA,GUATRACHE,1000
2025-10-21,SANTA FE,CHAPUY,900
2025-10-22,BUENOS AIRES,BAHIA BLANCA,150
2025-10-22,BUENOS AIRES,CABILDO,51
2025-10-22,BUENOS AIRES,CORONEL DORREGO,1060
2025-10-22,BUENOS AIRES,DARREGUEIRA,1000
2025-10-22,BUENOS AIRES,GENERAL LAMADRID,1100
2025-10-22,BUENOS AIRES,LA DULCE,200
2025-10-22,BUENOS AIRES,LOBERIA,1230
2025-10-22,BUENOS AIRES,NECOCHEA,150
2025-10-22,LA PAMPA,GUATRACHE,1200
2025-10-22,SANTA FE,CHAPUY,770
2025-10-22,SANTA FE,SANTA FE,120
2025-10-23,BUENOS AIRES,BAHIA BLANCA,1150
2025-10-23,BUENOS AIRES,CARLOS CASARES,210
2025-10-23,BUENOS AIRES,CORONEL DORREGO,210
2025-10-23,BUENOS AIRES,LA DULCE,60
2025-10-23,BUENOS AIRES,LARTIGAU,200
2025-10-23,BUENOS AIRES,LOBERIA,300
2025-10-23,BUENOS AIRES,TANDIL,1560
2025-10-23,BUENOS AIRES,TRES ARROYOS,710
2025-10-23,SANTA FE,CHAPUY,800
2025-10-23,SANTA FE,SANTA FE,1000
2025-10-24,BUENOS AIRES,CAÑADA MARIANO (EMBA,1000
2025-10-24,BUENOS AIRES,CORONEL DORREGO,300
2025-10-24,BUENOS AIRES,DARREGUEIRA,500
2025-10-24,BUENOS AIRES,LAPRIDA,220
2025-10-24,BUENOS AIRES,RAUCH,90
2025-10-24,LA PAMPA,COLONIA BARON,60
2025-10-24,SANTA FE,CHAPUY,450
2025-10-27,BUENOS AIRES,BAHIA BLANCA,300
2025-10-27,BUENOS AIRES,CAÑADA MARIANO (EMBA,3000
2025-10-27,BUENOS AIRES,CORONEL SUAREZ,490
2025-10-27,BUENOS AIRES,PEHUAJO,90
2025-10-27,BUENOS AIRES,TANDIL,2000
2025-10-28,BUENOS AIRES,AZUL,500
2025-10-28,BUENOS AIRES,BRAGADO,30
2025-10-28,BUENOS AIRES,CABILDO,60
2025-10-28,BUENOS AIRES,CARHUE,30
2025-10-28,BUENOS AIRES,CORONEL PRINGLES,90
2025-10-28,BUENOS AIRES,CORONEL SUAREZ,180
2025-10-28,BUENOS AIRES,GONZALES CHAVES,1500
2025-10-28,BUENOS AIRES,LA DULCE,120
2025-10-28,BUENOS AIRES,LOBERIA,300
2025-10-28,BUENOS AIRES,MAR DEL PLATA,30
2025-10-28,BUENOS AIRES,OTAMENDI,1000
2025-10-28,BUENOS AIRES,PIGUE,600
2025-10-28,BUENOS AIRES,RAUCH,300
2025-10-28,BUENOS AIRES,TANDIL,240
2025-10-28,BUENOS AIRES,TORNQUIST,2040
2025-10-28,BUENOS AIRES,TRES ARROYOS,108
2025-10-28,CÓRDOBA,ONCATIVO,60
2025-10-28,SANTA FE,CHAPUY,120
2025-10-29,BUENOS AIRES,BELLOCQ,1100
2025-10-29,BUENOS AIRES,CARHUE,120
2025-10-29,BUENOS AIRES,CARLOS CASARES,1100
2025-10-29,BUENOS AIRES,CORONEL PRINGLES,1285
2025-10-29,BUENOS AIRES,GIL,920
2025-10-29,BUENOS AIRES,PEHUAJO,1000
2025-10-29,BUENOS AIRES,PIGUE,350
2025-10-29,BUENOS AIRES,RAUCH,220
2025-10-29,BUENOS AIRES,RIVERA,120
2025-10-29,BUENOS AIRES,SALLIQUELO,750
2025-10-29,BUENOS AIRES,TORNQUIST,120
2025-10-29,BUENOS AIRES,TRES ARROYOS,160
2025-10-30,BUENOS AIRES,BAHIA BLANCA,360
2025-10-30,BUENOS AIRES,CARLOS CASARES,1000
2025-10-30,BUENOS AIRES,CORONEL DORREGO,1200
2025-10-30,BUENOS AIRES,CORONEL PRINGLES,3600
2025-10-30,BUENOS AIRES,CORONEL SUAREZ,30
2025-10-30,BUENOS AIRES,EL LENGUARAZ,90
2025-10-30,BUENOS AIRES,JUAN N. FERNANDEZ,600
2025-10-30,BUENOS AIRES,LARTIGAU,200
2025-10-30,BUENOS AIRES,NECOCHEA,1060
2025-10-30,BUENOS AIRES,PIGUE,1000
2025-10-30,BUENOS AIRES,RIVERA,270
2025-10-30,BUENOS AIRES,SANTA MARIA BELLOQ,600
2025-10-30,BUENOS AIRES,TANDIL,3000
2025-10-30,BUENOS AIRES,TORNQUIST,210
2025-10-30,BUENOS AIRES,TRENQUE LAUQUEN,200
2025-10-30,BUENOS AIRES,TRES ARROYOS,2150
2025-10-30,BUENOS AIRES,TRES LOMAS,60
2025-10-30,SANTA FE,CHAPUY,150
2025-10-30,SANTA FE,SANTA FE,120
2025-10-31,BUENOS AIRES,AZUL,1750
2025-10-31,BUENOS AIRES,BAHIA BLANCA,420
2025-10-31,BUENOS AIRES,BARRIO VILLA GAUCHO,90
2025-10-31,BUENOS AIRES,CABILDO,30
2025-10-31,BUENOS AIRES,CARLOS CASARES,2000
2025-10-31,BUENOS AIRES,CORONEL DORREGO,7870
2025-10-31,BUENOS AIRES,CORONEL PRINGLES,200
2025-10-31,BUENOS AIRES,DARREGUEIRA,500
2025-10-31,BUENOS AIRES,DE LA GARMA,500
2025-10-31,BUENOS AIRES,GONZALES CHAVES,6000
2025-10-31,BUENOS AIRES,JUAN N. FERNANDEZ,90
2025-10-31,BUENOS AIRES,LARTIGAU,200
2025-10-31,BUENOS AIRES,LOBERIA,1500
2025-10-31,BUENOS AIRES,PIGUE,1200
2025-10-31,BUENOS AIRES,QUEQUEN,6350
2025-10-31,BUENOS AIRES,TORNQUIST,2060
2025-10-31,BUENOS AIRES,TRES ARROYOS,1040
2025-10-31,LA PAMPA,ALPACHIRI,7150
2025-10-31,SANTA FE,CHAPUY,340
2025-11-01,BUENOS AIRES,CARMEN DE ARECO,31
2025-11-03,BUENOS AIRES,CORONEL DORREGO,500
2025-11-03,BUENOS AIRES,CORONEL PRINGLES,500
2025-11-03,BUENOS AIRES,CORONEL SUAREZ,500
2025-11-03,BUENOS AIRES,GONZALES CHAVES,2000
2025-11-03,BUENOS AIRES,LA DULCE,210
2025-11-03,BUENOS AIRES,LARTIGAU,232
2025-11-03,BUENOS AIRES,TRENQUE LAUQUEN,30
2025-11-03,BUENOS AIRES,TRES ARROYOS,3210
2025-11-03,SANTA FE,IRIGOYEN,60
2025-11-04,BUENOS AIRES,30 DE AGOSTO,1200
2025-11-04,BUENOS AIRES,BAHIA BLANCA,400
2025-11-04,BUENOS AIRES,BARRIO VILLA GAUCHO,500
2025-11-04,BUENOS AIRES,CARLOS CASARES,500
2025-11-04,BUENOS AIRES,CORONEL DORREGO,880
2025-11-04,BUENOS AIRES,CORONEL PRINGLES,400
2025-11-04,BUENOS AIRES,GONZALES CHAVES,4000
2025-11-04,BUENOS AIRES,JUAN N. FERNANDEZ,60
2025-11-04,BUENOS AIRES,LA DULCE,250
2025-11-04,BUENOS AIRES,LARTIGAU,200
2025-11-04,BUENOS AIRES,LOBERIA,270
2025-11-04,BUENOS AIRES,NECOCHEA,200
2025-11-04,BUENOS AIRES,OLAVARRIA,210
2025-11-04,BUENOS AIRES,PIGUE,120
2025-11-04,BUENOS AIRES,TRES ARROYOS,240
2025-11-04,CÓRDOBA,OLIVA,300
2025-11-04,SANTA FE,CHAPUY,250
2025-11-04,SANTA FE,VILLA TRINIDAD,90
2025-11-05,BUENOS AIRES,BAHIA BLANCA,2000
2025-11-05,BUENOS AIRES,BARRIO OESTE,30
2025-11-05,BUENOS AIRES,CARLOS CASARES,750
2025-11-05,BUENOS AIRES,CASCADA,300
2025-11-05,BUENOS AIRES,CORONEL DORREGO,1600
2025-11-05,BUENOS AIRES,CORONEL SUAREZ,170
2025-11-05,BUENOS AIRES,DAIREAUX,300
2025-11-05,BUENOS AIRES,GONZALES CHAVES,3000
2025-11-05,BUENOS AIRES,JUAN N. FERNANDEZ,500
2025-11-05,BUENOS AIRES,LA DULCE,1410
2025-11-05,BUENOS AIRES,NECOCHEA,2000
2025-11-05,BUENOS AIRES,PIGUE,500
2025-11-05,BUENOS AIRES,QUEQUEN,290
2025-11-05,BUENOS AIRES,RAUCH,90
2025-11-05,BUENOS AIRES,TANDIL,120
2025-11-05,BUENOS AIRES,TORNQUIST,450
2025-11-05,CÓRDOBA,ABBURRA,30
2025-11-05,CÓRDOBA,JUSTINIANO POSSE,200
2025-11-05,CÓRDOBA,NOETINGER,500
2025-11-05,LA PAMPA,GUATRACHE,500
2025-11-06,BUENOS AIRES,APARICIO,1314
2025-11-06,BUENOS AIRES,BAHIA BLANCA,1280
2025-11-06,BUENOS AIRES,BOLIVAR,90
2025-11-06,BUENOS AIRES,CABILDO,420
2025-11-06,BUENOS AIRES,CORONEL PRINGLES,420
2025-11-06,BUENOS AIRES,CORONEL SUAREZ,270
2025-11-06,BUENOS AIRES,LOBERIA,510
2025-11-06,BUENOS AIRES,SALTO,30
2025-11-06,BUENOS AIRES,SAN CAYETANO,60
2025-11-06,BUENOS AIRES,SIERRA DE LA VENTANA,200
2025-11-06,BUENOS AIRES,TRES ARROYOS,875
2025-11-06,CÓRDOBA,ABBURRA,30
2025-11-06,LA PAMPA,CATRILO,400
2025-11-06,SANTA FE,VILLA TRINIDAD,150
2025-11-07,BUENOS AIRES,BAHIA BLANCA,90
2025-11-07,BUENOS AIRES,BARRIO VILLA GAUCHO,60
2025-11-07,BUENOS AIRES,CARLOS CASARES,300
2025-11-07,BUENOS AIRES,CORONEL DORREGO,3360
2025-11-07,BUENOS AIRES,CORONEL PRINGLES,1590
2025-11-07,BUENOS AIRES,EL LENGUARAZ,200
2025-11-07,BUENOS AIRES,GONZALES CHAVES,2000
2025-11-07,BUENOS AIRES,JUAN N. FERNANDEZ,60
2025-11-07,BUENOS AIRES,NECOCHEA,210
2025-11-07,BUENOS AIRES,RAUCH,3000
2025-11-07,BUENOS AIRES,TANDIL,330
2025-11-07,BUENOS AIRES,TRES ARROYOS,750
2025-11-07,SANTA FE,CHAPUY,240
2025-11-07,SANTA FE,PAZ,60
2025-11-07,SANTA FE,SANTA FE,800
2025-11-07,SANTIAGO DEL ESTERO,QUIMILI,25
2025-11-10,BUENOS AIRES,BAHIA BLANCA,90
2025-11-10,BUENOS AIRES,BALCARCE,390
2025-11-10,BUENOS AIRES,BRAGADO,150
2025-11-10,BUENOS AIRES,CARLOS CASARES,200
2025-11-10,BUENOS AIRES,CAÑADA MARIANO (EMBA,600
2025-11-10,BUENOS AIRES,CORONEL DORREGO,500
2025-11-10,BUENOS AIRES,DAIREAUX,360
2025-11-10,BUENOS AIRES,DARREGUEIRA,90
2025-11-10,BUENOS AIRES,GONZALES CHAVES,4000
2025-11-10,BUENOS AIRES,GUAMINI,60
2025-11-10,BUENOS AIRES,IRENE,120
2025-11-10,BUENOS AIRES,LARTIGAU,150
2025-11-10,BUENOS AIRES,NECOCHEA,1840
2025-11-10,BUENOS AIRES,OLAVARRIA,60
2025-11-10,BUENOS AIRES,PEHUAJO,120
2025-11-10,BUENOS AIRES,QUEQUEN,520
2025-11-10,BUENOS AIRES,RAUCH,210
2025-11-10,BUENOS AIRES,SAN CAYETANO,210
2025-11-10,BUENOS AIRES,SAN MIGUEL ARCANGEL,250
2025-11-10,BUENOS AIRES,TANDIL,800
2025-11-10,CÓRDOBA,ABBURRA,90
2025-11-10,SANTA FE,CHAPUY,60
2025-11-10,SANTA FE,LOPEZ,30
2025-11-10,SANTA FE,PAZ,100
2025-11-11,BUENOS AIRES,BENITO JUAREZ,500
2025-11-11,BUENOS AIRES,CARHUE,30
2025-11-11,BUENOS AIRES,CORONEL DORREGO,90
2025-11-11,BUENOS AIRES,CORONEL PRINGLES,30
2025-11-11,BUENOS AIRES,DARREGUEIRA,60
2025-11-11,BUENOS AIRES,EL LENGUARAZ,140
2025-11-11,BUENOS AIRES,GENERAL VILLEGAS,450
2025-11-11,BUENOS AIRES,LA DULCE,300
2025-11-11,BUENOS AIRES,LARTIGAU,90
2025-11-11,BUENOS AIRES,LOBERIA,120
2025-11-11,BUENOS AIRES,LOPEZ,600
2025-11-11,BUENOS AIRES,NECOCHEA,1680
2025-11-11,BUENOS AIRES,PEHUAJO,400
2025-11-11,BUENOS AIRES,SAN MIGUEL DEL MONTE,270
2025-11-11,BUENOS AIRES,TANDIL,2500
2025-11-11,BUENOS AIRES,TORNQUIST,180
2025-11-11,BUENOS AIRES,TRENQUE LAUQUEN,90
2025-11-11,BUENOS AIRES,TRES ARROYOS,150
2025-11-11,BUENOS AIRES,TRES LOMAS,60
2025-11-11,CÓRDOBA,ABBURRA,60
2025-11-11,SANTA FE,CHAPUY,230
2025-11-12,BUENOS AIRES,APARICIO,210
2025-11-12,BUENOS AIRES,BAHIA BLANCA,750
2025-11-12,BUENOS AIRES,CORONEL DORREGO,660
2025-11-12,BUENOS AIRES,DAIREAUX,180
2025-11-12,BUENOS AIRES,GENERAL VILLEGAS,300
2025-11-12,BUENOS AIRES,JUAN N. FERNANDEZ,210
2025-11-12,BUENOS AIRES,LARTIGAU,240
2025-11-12,BUENOS AIRES,LOBERIA,412
2025-11-12,BUENOS AIRES,LOPEZ,300
2025-11-12,BUENOS AIRES,NECOCHEA,1780
2025-11-12,BUENOS AIRES,QUEQUEN,300
2025-11-12,BUENOS AIRES,RIVERA,300
2025-11-12,BUENOS AIRES,SALTO,60
2025-11-12,BUENOS AIRES,SAN CAYETANO,149
2025-11-12,BUENOS AIRES,TANDIL,3450
2025-11-12,BUENOS AIRES,TRES ARROYOS,1190
2025-11-12,CÓRDOBA,CAÑADA DE MACHADO SU,90
2025-11-12,CÓRDOBA,MONTE CRISTO,60
2025-11-12,CÓRDOBA,SATURNINO M. LASPIUR,600
2025-11-12,SANTA FE,CHAPUY,30
2025-11-12,SANTA FE,LOPEZ,30
2025-11-12,SANTA FE,PILAR,117
2025-11-12,SANTA FE,VILLA CONSTITUCION,300
2025-11-13,BUENOS AIRES,AZUL,1570
2025-11-13,BUENOS AIRES,BAHIA BLANCA,90
2025-11-13,BUENOS AIRES,BARRIO VILLA GAUCHO,150
2025-11-13,BUENOS AIRES,CORONEL DORREGO,1500
2025-11-13,BUENOS AIRES,CORONEL SUAREZ,60
2025-11-13,BUENOS AIRES,DAIREAUX,200
2025-11-13,BUENOS AIRES,ESPARTILLAR (PDO. SAAVEDRA),1500
2025-11-13,BUENOS AIRES,LA DULCE,400
2025-11-13,BUENOS AIRES,LOBERIA,100
2025-11-13,BUENOS AIRES,NECOCHEA,2110
2025-11-13,BUENOS AIRES,ORENSE,600
2025-11-13,BUENOS AIRES,PEHUAJO,270
2025-11-13,BUENOS AIRES,PIEDRITAS,210
2025-11-13,BUENOS AIRES,PIGUE,400
2025-11-13,BUENOS AIRES,QUEQUEN,500
2025-11-13,BUENOS AIRES,RIVERA,300
2025-11-13,BUENOS AIRES,SAN CAYETANO,152
2025-11-13,BUENOS AIRES,TANDIL,3190
2025-11-13,BUENOS AIRES,TRENQUE LAUQUEN,120
2025-11-13,BUENOS AIRES,TRES ARROYOS,1180
2025-11-13,CÓRDOBA,CAÑADA DE MACHADO SU,90
2025-11-13,SANTA FE,CHAPUY,30
2025-11-13,SANTA FE,LAS ROSAS,60
2025-11-13,SANTA FE,SAN LORENZO,23
2025-11-13,SANTA FE,SASTRE,60
2025-11-13,SANTA FE,ZENON PEREYRA,40
2025-11-14,BUENOS AIRES,30 DE AGOSTO,100
2025-11-14,BUENOS AIRES,BAHIA BLANCA,1150
2025-11-14,BUENOS AIRES,BARRIO VILLA GAUCHO,420
2025-11-14,BUENOS AIRES,CABILDO,150
2025-11-14,BUENOS AIRES,CHASICO,60
2025-11-14,BUENOS AIRES,CHILLAR,1000
2025-11-14,BUENOS AIRES,CORONEL DORREGO,150
2025-11-14,BUENOS AIRES,CORONEL PRINGLES,60
2025-11-14,BUENOS AIRES,DAIREAUX,210
2025-11-14,BUENOS AIRES,DARREGUEIRA,240
2025-11-14,BUENOS AIRES,GENERAL VILLEGAS,280
2025-11-14,BUENOS AIRES,GONZALES CHAVES,3000
2025-11-14,BUENOS AIRES,LOBERIA,1011
2025-11-14,BUENOS AIRES,OLAVARRIA,200
2025-11-14,BUENOS AIRES,PEHUAJO,150
2025-11-14,BUENOS AIRES,QUEQUEN,260
2025-11-14,BUENOS AIRES,TANDIL,450
2025-11-14,BUENOS AIRES,TORNQUIST,390
2025-11-14,BUENOS AIRES,TRENQUE LAUQUEN,200
2025-11-14,BUENOS AIRES,TRES ARROYOS,900
2025-11-14,SANTA FE,LAS ROSAS,60
2025-11-14,SANTA FE,ROSARIO,90
2025-11-14,SANTA FE,SANTA FE,410
2025-11-17,BUENOS AIRES,AZUL,630
2025-11-17,BUENOS AIRES,BAHIA BLANCA,765
2025-11-17,BUENOS AIRES,BALCARCE,300
2025-11-17,BUENOS AIRES,BENITO JUAREZ,30
2025-11-17,BUENOS AIRES,CORONEL DORREGO,1700
2025-11-17,BUENOS AIRES,CORONEL SUAREZ,180
2025-11-17,BUENOS AIRES,EL LENGUARAZ,130
2025-11-17,BUENOS AIRES,ESPARTILLAR (PDO. SAAVEDRA),500
2025-11-17,BUENOS AIRES,GONZALES CHAVES,2000
2025-11-17,BUENOS AIRES,IRENE,240
2025-11-17,BUENOS AIRES,LA DULCE,450
2025-11-17,BUENOS AIRES,LOBERIA,290
2025-11-17,BUENOS AIRES,NECOCHEA,60
2025-11-17,BUENOS AIRES,ORENSE,1600
2025-11-17,BUENOS AIRES,PEHUAJO,90
2025-11-17,BUENOS AIRES,QUEQUEN,200
2025-11-17,BUENOS AIRES,TRES ARROYOS,2560
2025-11-17,CÓRDOBA,BALLESTEROS,75
2025-11-17,LA PAMPA,VERTIZ,26
2025-11-17,SANTA FE,LAS ROSAS,240
2025-11-18,BUENOS AIRES,ADOLFO GONZALES CHAVEZ,210
2025-11-18,BUENOS AIRES,AZUL,500
2025-11-18,BUENOS AIRES,BAHIA BLANCA,4050
2025-11-18,BUENOS AIRES,BARRIO VILLA GAUCHO,150
2025-11-18,BUENOS AIRES,BENITO JUAREZ,500
2025-11-18,BUENOS AIRES,CAÑADA MARIANO (EMBA,420
2025-11-18,BUENOS AIRES,COPETONAS,300
2025-11-18,BUENOS AIRES,IGARZABAL,300
2025-11-18,BUENOS AIRES,JUAN N. FERNANDEZ,60
2025-11-18,BUENOS AIRES,LA DULCE,2300
2025-11-18,BUENOS AIRES,LOBERIA,600
2025-11-18,BUENOS AIRES,QUEQUEN,1590
2025-11-18,BUENOS AIRES,RIVERA,150
2025-11-18,BUENOS AIRES,SALADILLO,30
2025-11-18,BUENOS AIRES,SALTO,30
2025-11-18,BUENOS AIRES,SAN CAYETANO,300
2025-11-18,BUENOS AIRES,TRES ARROYOS,7024
2025-11-18,CÓRDOBA,CAÑADA DE MACHADO SU,30
2025-11-18,CÓRDOBA,NOETINGER,300
2025-11-18,CÓRDOBA,OLIVA,195
2025-11-18,CÓRDOBA,RIO CUARTO,90
2025-11-18,SANTA FE,LAS ROSAS,150
2025-11-18,SANTA FE,PAZ,30
2025-11-19,BUENOS AIRES,BAHIA BLANCA,500
2025-11-19,BUENOS AIRES,BALCARCE,1010
2025-11-19,BUENOS AIRES,BENITO JUAREZ,1000
2025-11-19,BUENOS AIRES,BORDENAVE,200
2025-11-19,BUENOS AIRES,CARHUE,200
2025-11-19,BUENOS AIRES,CARLOS CASARES,1000
2025-11-19,BUENOS AIRES,CASCADA,120
2025-11-19,BUENOS AIRES,CHIVILCOY,200
2025-11-19,BUENOS AIRES,CORONEL DORREGO,120
2025-11-19,BUENOS AIRES,CORONEL SUAREZ,205
2025-11-19,BUENOS AIRES,DAIREAUX,60
2025-11-19,BUENOS AIRES,GONZALES CHAVES,4400
2025-11-19,BUENOS AIRES,LA DULCE,60
2025-11-19,BUENOS AIRES,LA NEGRA,210
2025-11-19,BUENOS AIRES,LAPRIDA,570
2025-11-19,BUENOS AIRES,LIBANO,390
2025-11-19,BUENOS AIRES,LOBERIA,2830
2025-11-19,BUENOS AIRES,NECOCHEA,1270
2025-11-19,BUENOS AIRES,PEHUAJO,180
2025-11-19,BUENOS AIRES,PERGAMINO,700
2025-11-19,BUENOS AIRES,QUEQUEN,400
2025-11-19,BUENOS AIRES,RAUCH,300
2025-11-19,BUENOS AIRES,TRENQUE LAUQUEN,1000
2025-11-19,BUENOS AIRES,TRES ARROYOS,1700
2025-11-19,ENTRE RÍOS,VILLA DEL ROSARIO,111
2025-11-19,LA PAMPA,CATRILO,60
2025-11-19,LA PAMPA,GUATRACHE,300
2025-11-19,LA PAMPA,LONQUIMAY,200
2025-11-19,SANTA FE,RUFINO,90
2025-11-20,BUENOS AIRES,ADOLFO GONZALES CHAVEZ,120
2025-11-20,BUENOS AIRES,AZUL,500
2025-11-20,BUENOS AIRES,BAHIA BLANCA,550
2025-11-20,BUENOS AIRES,BELLOCQ,4000
2025-11-20,BUENOS AIRES,BRAGADO,100
2025-11-20,BUENOS AIRES,CARLOS CASARES,8000
2025-11-20,BUENOS AIRES,CORONEL PRINGLES,450
2025-11-20,BUENOS AIRES,CORONEL SUAREZ,350
2025-11-20,BUENOS AIRES,CRISTIANO MUERTO,500
2025-11-20,BUENOS AIRES,DARREGUEIRA,150
2025-11-20,BUENOS AIRES,GENERAL VILLEGAS,35
2025-11-20,BUENOS AIRES,LINCOLN,150
2025-11-20,BUENOS AIRES,LOBERIA,2030
2025-11-20,BUENOS AIRES,MAR DEL PLATA,240
2025-11-20,BUENOS AIRES,NECOCHEA,30
2025-11-20,BUENOS AIRES,OTAMENDI,600
2025-11-20,BUENOS AIRES,PEHUAJO,200
2025-11-20,BUENOS AIRES,QUEQUEN,900
2025-11-20,BUENOS AIRES,TORNQUIST,450
2025-11-20,BUENOS AIRES,TRES ARROYOS,3300
2025-11-20,CÓRDOBA,ADELIA MARIA,30
2025-11-20,CÓRDOBA,HERNANDO,27
2025-11-20,SANTA FE,ROSARIO,500
2025-11-20,SANTA FE,SANTA FE,60
2025-11-21,BUENOS AIRES,BENITO JUAREZ,1000
2025-11-21,BUENOS AIRES,TRES ARROYOS,90
2025-11-25,BUENOS AIRES,ADOLFO GONZALES CHAVEZ,150
2025-11-25,BUENOS AIRES,AZUL,500
2025-11-25,BUENOS AIRES,BAHIA BLANCA,2040
2025-11-25,BUENOS AIRES,BALCARCE,463
2025-11-25,BUENOS AIRES,BELLOCQ,2500
2025-11-25,BUENOS AIRES,BOLIVAR,800
2025-11-25,BUENOS AIRES,CARHUE,200
2025-11-25,BUENOS AIRES,CARLOS CASARES,7000
2025-11-25,BUENOS AIRES,CORONEL DORREGO,1150
2025-11-25,BUENOS AIRES,CORONEL PRINGLES,1100
2025-11-25,BUENOS AIRES,CORONEL SUAREZ,270
2025-11-25,BUENOS AIRES,DAIREAUX,60
2025-11-25,BUENOS AIRES,EMILIO V. BUNGE,400
2025-11-25,BUENOS AIRES,GENERAL VILLEGAS,379
2025-11-25,BUENOS AIRES,GONZALES CHAVES,3500
2025-11-25,BUENOS AIRES,GUAMINI,270
2025-11-25,BUENOS AIRES,LA NEGRA,379
2025-11-25,BUENOS AIRES,LARTIGAU,300
2025-11-25,BUENOS AIRES,LOBERIA,300
2025-11-25,BUENOS AIRES,MARIANO H. ALFONZO,360
2025-11-25,BUENOS AIRES,NECOCHEA,270
2025-11-25,BUENOS AIRES,PEHUAJO,1018
2025-11-25,BUENOS AIRES,QUEQUEN,600
2025-11-25,BUENOS AIRES,SALTO,300
2025-11-25,BUENOS AIRES,TANDIL,150
2025-11-25,BUENOS AIRES,TORNQUIST,60
2025-11-25,BUENOS AIRES,TRES ARROYOS,1760
2025-11-25,CÓRDOBA,GENERAL CABRERA,240
2025-11-25,ENTRE RÍOS,GUALEGUAY,120
2025-11-25,LA PAMPA,CATRILO,150
2025-11-25,LA PAMPA,CORONEL HILARIO LAGO,180
2025-11-25,LA PAMPA,GUATRACHE,35
2025-11-25,SANTA FE,CHAPUY,20
2025-11-25,SANTA FE,PAZ,30
2025-11-26,BUENOS AIRES,25 DE MAYO,1000
2025-11-26,BUENOS AIRES,ALBERTI,420
2025-11-26,BUENOS AIRES,AZUL,1000
2025-11-26,BUENOS AIRES,BAHIA BLANCA,2150
2025-11-26,BUENOS AIRES,BAJO HONDO,3595
2025-11-26,BUENOS AIRES,BOLIVAR,150
2025-11-26,BUENOS AIRES,CALDERON,150
2025-11-26,BUENOS AIRES,CARLOS CASARES,3500
2025-11-26,BUENOS AIRES,CASBAS,800
2025-11-26,BUENOS AIRES,CASCADA,400
2025-11-26,BUENOS AIRES,CAÑADA MARIANO (EMBA,300
2025-11-26,BUENOS AIRES,CHILLAR,240
2025-11-26,BUENOS AIRES,COPETONAS,1120
2025-11-26,BUENOS AIRES,CORONEL DORREGO,3440
2025-11-26,BUENOS AIRES,CORONEL PRINGLES,590
2025-11-26,BUENOS AIRES,CORONEL SUAREZ,140
2025-11-26,BUENOS AIRES,DAIREAUX,180
2025-11-26,BUENOS AIRES,DARREGUEIRA,150
2025-11-26,BUENOS AIRES,ESPARTILLAR (PDO. SAAVEDRA),2000
2025-11-26,BUENOS AIRES,GONZALES CHAVES,3400
2025-11-26,BUENOS AIRES,JUAN N. FERNANDEZ,120
2025-11-26,BUENOS AIRES,LA DULCE,320
2025-11-26,BUENOS AIRES,LOBERIA,920
2025-11-26,BUENOS AIRES,LOBOS,270
2025-11-26,BUENOS AIRES,MECHONGUE,150
2025-11-26,BUENOS AIRES,NECOCHEA,737
2025-11-26,BUENOS AIRES,PEHUAJO,1464
2025-11-26,BUENOS AIRES,PUAN,300
2025-11-26,BUENOS AIRES,RAUCH,600
2025-11-26,BUENOS AIRES,SAN CAYETANO,250
2025-11-26,BUENOS AIRES,SAN FRANCISCO DE BEL,2500
2025-11-26,BUENOS AIRES,SAN MIGUEL ARCANGEL,180
2025-11-26,BUENOS AIRES,TANDIL,210
2025-11-26,BUENOS AIRES,TORNQUIST,500
2025-11-26,BUENOS AIRES,TRENQUE LAUQUEN,91
2025-11-26,BUENOS AIRES,TRES ARROYOS,1780
2025-11-26,CÓRDOBA,NOETINGER,500
2025-11-26,ENTRE RÍOS,MONTOYA (NOGOYA-DPTO,350
2025-11-26,LA PAMPA,CATRILO,2300
2025-11-26,LA PAMPA,CORONEL HILARIO LAGO,90
2025-11-26,LA PAMPA,GENERAL PICO,300
2025-11-26,LA PAMPA,GUATRACHE,200
2025-11-26,SANTA FE,CASILDA,70
2025-11-26,SANTA FE,SANTA FE,1100
2025-11-27,BUENOS AIRES,30 DE AGOSTO,500
2025-11-27,BUENOS AIRES,BAHIA BLANCA,20430
2025-11-27,BUENOS AIRES,BENITO JUAREZ,120
2025-11-27,BUENOS AIRES,CARLOS CASARES,1000
2025-11-27,BUENOS AIRES,CARMEN DE PATAGONES,370
2025-11-27,BUENOS AIRES,CAÑADA MARIANO (EMBA,120
2025-11-27,BUENOS AIRES,CORONEL DORREGO,732
2025-11-27,BUENOS AIRES,CORONEL PRINGLES,560
2025-11-27,BUENOS AIRES,DE LA GARMA,500
2025-11-27,BUENOS AIRES,GENERAL VILLEGAS,97
2025-11-27,BUENOS AIRES,GONZALES CHAVES,8500
2025-11-27,BUENOS AIRES,HENDERSON,210
2025-11-27,BUENOS AIRES,HUANGUELEN,380
2025-11-27,BUENOS AIRES,INGENIERO WHITE,120
2025-11-27,BUENOS AIRES,LA DULCE,400
2025-11-27,BUENOS AIRES,LARTIGAU,1000
2025-11-27,BUENOS AIRES,LOBERIA,1876
2025-11-27,BUENOS AIRES,MICAELA CASCALLARES,2000
2025-11-27,BUENOS AIRES,NECOCHEA,4450
2025-11-27,BUENOS AIRES,PIGUE,1500
2025-11-27,BUENOS AIRES,QUEQUEN,5800
2025-11-27,BUENOS AIRES,SAN CAYETANO,90
2025-11-27,BUENOS AIRES,TANDIL,7300
2025-11-27,BUENOS AIRES,TENIENTE ORIGONE,30
2025-11-27,BUENOS AIRES,TORNQUIST,30
2025-11-27,BUENOS AIRES,TRENQUE LAUQUEN,450
2025-11-27,BUENOS AIRES,TRES ARROYOS,10080
2025-11-27,BUENOS AIRES,TRES LOMAS,120
2025-11-27,CÓRDOBA,CANALS,396
2025-11-27,CÓRDOBA,HIPOLITO BOUCHARD,90
2025-11-27,CÓRDOBA,LABOULAYE,600
2025-11-27,CÓRDOBA,SERRANO,60
2025-11-27,LA PAMPA,CATRILO,1000
2025-11-27,LA PAMPA,COLONIA BARON,30
2025-11-27,LA PAMPA,QUEMU-QUEMU,60
2025-11-27,SANTA FE,CHAPUY,90
2025-11-27,SANTA FE,SANTA FE,300
2025-11-28,BUENOS AIRES,25 DE MAYO,300
2025-11-28,BUENOS AIRES,ADOLFO GONZALES CHAVEZ,30
2025-11-28,BUENOS AIRES,ARRECIFES,30
2025-11-28,BUENOS AIRES,BAHIA BLANCA,390
2025-11-28,BUENOS AIRES,BAJO HONDO,90
2025-11-28,BUENOS AIRES,CARLOS CASARES,210
2025-11-28,BUENOS AIRES,CLARAZ,120
2025-11-28,BUENOS AIRES,CORONEL DORREGO,1000
2025-11-28,BUENOS AIRES,DAIREAUX,60
2025-11-28,BUENOS AIRES,GENERAL LAMADRID,400
2025-11-28,BUENOS AIRES,GENERAL VILLEGAS,307
2025-11-28,BUENOS AIRES,IGARZABAL,90
2025-11-28,BUENOS AIRES,LA DULCE,700
2025-11-28,BUENOS AIRES,LOBERIA,4090
2025-11-28,BUENOS AIRES,NECOCHEA,3540
2025-11-28,BUENOS AIRES,PEHUAJO,217
2025-11-28,BUENOS AIRES,QUEQUEN,2500
2025-11-28,BUENOS AIRES,TANDIL,2200
2025-11-28,BUENOS AIRES,TAPALQUE,200
2025-11-28,BUENOS AIRES,TRENQUE LAUQUEN,150
2025-11-28,BUENOS AIRES,TRES ARROYOS,5740
2025-11-28,CÓRDOBA,ABBURRA,90
2025-11-28,CÓRDOBA,HUINCA RENANCO,60
2025-11-28,CÓRDOBA,JUSTINIANO POSSE,420
2025-11-28,ENTRE RÍOS,GENERAL RAMIREZ,30
2025-11-28,LA PAMPA,CATRILO,710
2025-11-28,LA PAMPA,QUEMU-QUEMU,150
2025-11-28,SANTA FE,CHAPUY,120
2025-11-28,SANTA FE,PAZ,120
2025-11-28,SANTA FE,ROSARIO,300
2025-12-01,BUENOS AIRES,ADOLFO GONZALES CHAVEZ,60
2025-12-01,BUENOS AIRES,ASAMBLEA,90
2025-12-01,BUENOS AIRES,AZUL,300
2025-12-01,BUENOS AIRES,BAHIA BLANCA,1690
2025-12-01,BUENOS AIRES,BENITO JUAREZ,300
2025-12-01,BUENOS AIRES,BOLIVAR,120
2025-12-01,BUENOS AIRES,BORDENAVE,220
2025-12-01,BUENOS AIRES,CARMEN DE PATAGONES,60
2025-12-01,BUENOS AIRES,CAÑADA MARIANO (EMBA,390
2025-12-01,BUENOS AIRES,CORONEL PRINGLES,1900
2025-12-01,BUENOS AIRES,CORONEL SUAREZ,389
2025-12-01,BUENOS AIRES,GONZALES CHAVES,90
2025-12-01,BUENOS AIRES,LA DULCE,90
2025-12-01,BUENOS AIRES,LARTIGAU,200
2025-12-01,BUENOS AIRES,NECOCHEA,310
2025-12-01,BUENOS AIRES,TORNQUIST,150
2025-12-01,BUENOS AIRES,TRES ARROYOS,1560
2025-12-01,SANTA FE,CASILDA,150
2025-12-01,SANTA FE,CHAPUY,120
2025-12-01,SANTA FE,LOS MOLINOS,30
2025-12-01,SANTA FE,ROSARIO,90
2025-12-02,BUENOS AIRES,ALBERTI,300
2025-12-02,BUENOS AIRES,AZUL,500
2025-12-02,BUENOS AIRES,BAHIA BLANCA,1480
2025-12-02,BUENOS AIRES,BALCARCE,1000
2025-12-02,BUENOS AIRES,CORONEL DORREGO,720
2025-12-02,BUENOS AIRES,CORONEL SUAREZ,280
2025-12-02,BUENOS AIRES,GENERAL VILLEGAS,449
2025-12-02,BUENOS AIRES,GONZALES CHAVES,30
2025-12-02,BUENOS AIRES,LA DULCE,360
2025-12-02,BUENOS AIRES,LARTIGAU,300
2025-12-02,BUENOS AIRES,LOBERIA,100
2025-12-02,BUENOS AIRES,NECOCHEA,2840
2025-12-02,BUENOS AIRES,PIGUE,240
2025-12-02,BUENOS AIRES,QUEQUEN,1050
2025-12-02,BUENOS AIRES,RAUCH,600
2025-12-02,BUENOS AIRES,SAN CAYETANO,200
2025-12-02,BUENOS AIRES,TORNQUIST,120
2025-12-02,BUENOS AIRES,TRENQUE LAUQUEN,1082
2025-12-02,BUENOS AIRES,TRES ARROYOS,3170
2025-12-02,BUENOS AIRES,TRES LOMAS,30
2025-12-02,CÓRDOBA,SERRANO,60
2025-12-02,LA PAMPA,EMBAJADOR MARTINI,90
2025-12-02,SANTA FE,CHAPUY,245
2025-12-03,BUENOS AIRES,BAHIA BLANCA,504
2025-12-03,BUENOS AIRES,BALCARCE,300
2025-12-03,BUENOS AIRES,BARRIO ESTACION QUEQ,90
2025-12-03,BUENOS AIRES,BLANDENGUES,107
2025-12-03,BUENOS AIRES,BOLIVAR,150
2025-12-03,BUENOS AIRES,BRAGADO,60
2025-12-03,BUENOS AIRES,CARLOS CASARES,815
2025-12-03,BUENOS AIRES,CAÑADA MARIANO (EMBA,300
2025-12-03,BUENOS AIRES,CHILLAR,90
2025-12-03,BUENOS AIRES,CORONEL DORREGO,270
2025-12-03,BUENOS AIRES,CORONEL PRINGLES,570
2025-12-03,BUENOS AIRES,CORONEL SUAREZ,150
2025-12-03,BUENOS AIRES,DARREGUEIRA,330
2025-12-03,BUENOS AIRES,GONZALES CHAVES,5400
2025-12-03,BUENOS AIRES,LA DULCE,1120
2025-12-03,BUENOS AIRES,LARTIGAU,1030
2025-12-03,BUENOS AIRES,LAS FLORES,90
2025-12-03,BUENOS AIRES,LOBERIA,3350
2025-12-03,BUENOS AIRES,MAR DEL PLATA,250
2025-12-03,BUENOS AIRES,NECOCHEA,710
2025-12-03,BUENOS AIRES,PIGUE,30
2025-12-03,BUENOS AIRES,QUEQUEN,800
2025-12-03,BUENOS AIRES,SALADILLO,120
2025-12-03,BUENOS AIRES,SAN GERMAN,180
2025-12-03,BUENOS AIRES,SAN MANUEL,360
2025-12-03,BUENOS AIRES,TANDIL,1170
2025-12-03,BUENOS AIRES,TRENQUE LAUQUEN,1380
2025-12-03,BUENOS AIRES,TRES ARROYOS,950
2025-12-03,LA PAMPA,CATRILO,2060
2025-12-03,SANTA FE,CHAPUY,240
2025-12-03,SANTA FE,LUIS PALACIOS,62
2025-12-03,SANTA FE,RUFINO,60
2025-12-03,SANTA FE,SAN LORENZO,120
2025-12-03,SANTA FE,SANTA FE,580
2025-12-04,BUENOS AIRES,25 DE MAYO,120
2025-12-04,BUENOS AIRES,30 DE AGOSTO,300
2025-12-04,BUENOS AIRES,BAHIA BLANCA,1780
2025-12-04,BUENOS AIRES,BARRIO ALFAR,60
2025-12-04,BUENOS AIRES,BARRIO BANCO PROVINC,90
2025-12-04,BUENOS AIRES,BARRIO VILLA GAUCHO,1000
2025-12-04,BUENOS AIRES,BRAGADO,100
2025-12-04,BUENOS AIRES,CAMINERA AZUL,200
2025-12-04,BUENOS AIRES,CAMPO LA LIMA,150
2025-12-04,BUENOS AIRES,CARHUE,330
2025-12-04,BUENOS AIRES,CARLOS CASARES,1214
2025-12-04,BUENOS AIRES,CAÑADA MARIANO (EMBA,720
2025-12-04,BUENOS AIRES,CHIVILCOY,210
2025-12-04,BUENOS AIRES,COPETONAS,268
2025-12-04,BUENOS AIRES,CORONEL DORREGO,485
2025-12-04,BUENOS AIRES,CORONEL PRINGLES,5270
2025-12-04,BUENOS AIRES,CORONEL SUAREZ,390
2025-12-04,BUENOS AIRES,DAIREAUX,560
2025-12-04,BUENOS AIRES,DARREGUEIRA,510
2025-12-04,BUENOS AIRES,GENERAL VILLEGAS,147
2025-12-04,BUENOS AIRES,GONZALES CHAVES,1500
2025-12-04,BUENOS AIRES,HENDERSON,90
2025-12-04,BUENOS AIRES,JUAN N. FERNANDEZ,80
2025-12-04,BUENOS AIRES,LOBOS,30
2025-12-04,BUENOS AIRES,NECOCHEA,1161
2025-12-04,BUENOS AIRES,PASO MAYOR,400
2025-12-04,BUENOS AIRES,PIGUE,500
2025-12-04,BUENOS AIRES,TRENQUE LAUQUEN,1267
2025-12-04,BUENOS AIRES,TRES ARROYOS,4595
2025-12-04,CÓRDOBA,EL FORTIN,28
2025-12-04,CÓRDOBA,GENERAL LEVALLE,30
2025-12-04,CÓRDOBA,POZO DEL MOLLE (DPTO,60
2025-12-04,CÓRDOBA,SAIRA,61
2025-12-04,LA PAMPA,CATRILO,1120
2025-12-04,LA PAMPA,GENERAL PICO,300
2025-12-04,SANTA FE,CASILDA,210
2025-12-04,SANTA FE,CAÑADA ROSQUIN,90
2025-12-04,SANTA FE,SANTA FE,1000
2025-12-05,BUENOS AIRES,ALBERTI,30
2025-12-05,BUENOS AIRES,AMEGHINO,500
2025-12-05,BUENOS AIRES,BAHIA BLANCA,2951
2025-12-05,BUENOS AIRES,BALCARCE,30
2025-12-05,BUENOS AIRES,BRAGADO,150
2025-12-05,BUENOS AIRES,CABILDO,180
2025-12-05,BUENOS AIRES,CAMPO LA LIMA,500
2025-12-05,BUENOS AIRES,CARHUE,60
2025-12-05,BUENOS AIRES,CASTELLI,30
2025-12-05,BUENOS AIRES,COPETONAS,270
2025-12-05,BUENOS AIRES,CORONEL DORREGO,453
2025-12-05,BUENOS AIRES,CORONEL SUAREZ,330
2025-12-05,BUENOS AIRES,DAIREAUX,660
2025-12-05,BUENOS AIRES,GENERAL VILLEGAS,1000
2025-12-05,BUENOS AIRES,GUAMINI,300
2025-12-05,BUENOS AIRES,JUAN N. FERNANDEZ,500
2025-12-05,BUENOS AIRES,LA DULCE,350
2025-12-05,BUENOS AIRES,LAPRIDA,180
2025-12-05,BUENOS AIRES,LOBERIA,300
2025-12-05,BUENOS AIRES,LUJAN,60
2025-12-05,BUENOS AIRES,MEDANOS,230
2025-12-05,BUENOS AIRES,NECOCHEA,270
2025-12-05,BUENOS AIRES,OLAVARRIA,2006
2025-12-05,BUENOS AIRES,PEHUAJO,598
2025-12-05,BUENOS AIRES,PIGUE,720
2025-12-05,BUENOS AIRES,RIVERA,300
2025-12-05,BUENOS AIRES,SIERRA DE LA VENTANA,150
2025-12-05,BUENOS AIRES,TANDIL,2500
2025-12-05,BUENOS AIRES,TORNQUIST,60
2025-12-05,BUENOS AIRES,TRENQUE LAUQUEN,330
2025-12-05,BUENOS AIRES,TRES ARROYOS,270
2025-12-05,CÓRDOBA,JESUS MARIA,180
2025-12-05,LA PAMPA,CATRILO,30
2025-12-05,LA PAMPA,EMBAJADOR MARTINI,60
2025-12-05,LA PAMPA,GENERAL PICO,30
2025-12-05,LA PAMPA,JACINTO ARAUZ,200
2025-12-05,LA PAMPA,LONQUIMAY,30
2025-12-05,SANTA FE,CHAPUY,3000
2025-12-05,SANTA FE,LAS ROSAS,30
2025-12-05,SANTA FE,PAZ,30
2025-12-05,SANTA FE,RUFINO,200
2025-12-05,SANTA FE,SANTA FE,210
2025-12-08,BUENOS AIRES,CORONEL SUAREZ,90
2025-12-09,BUENOS AIRES,17  DE AGOSTO,420
2025-12-09,BUENOS AIRES,ADELA CORTI,90
2025-12-09,BUENOS AIRES,ADOLFO GONZALES CHAVEZ,30
2025-12-09,BUENOS AIRES,AMEGHINO,150
2025-12-09,BUENOS AIRES,BAHIA BLANCA,1250
2025-12-09,BUENOS AIRES,BAJO HONDO,111
2025-12-09,BUENOS AIRES,BALCARCE,3188
2025-12-09,BUENOS AIRES,BARRIO LELOIR DE QUI,180
2025-12-09,BUENOS AIRES,BENITO JUAREZ,500
2025-12-09,BUENOS AIRES,BORDENAVE,500
2025-12-09,BUENOS AIRES,BRAGADO,120
2025-12-09,BUENOS AIRES,CABILDO,60
2025-12-09,BUENOS AIRES,CAÑADA MARIANO (EMBA,750
2025-12-09,BUENOS AIRES,CHASICO,30
2025-12-09,BUENOS AIRES,CLAUDIO C. MOLINA,60
2025-12-09,BUENOS AIRES,COPETONAS,90
2025-12-09,BUENOS AIRES,CORONEL DORREGO,280
2025-12-09,BUENOS AIRES,CORONEL PRINGLES,620
2025-12-09,BUENOS AIRES,CORONEL SUAREZ,231
2025-12-09,BUENOS AIRES,DARREGUEIRA,3000
2025-12-09,BUENOS AIRES,DE LA GARMA,1000
2025-12-09,BUENOS AIRES,EL LENGUARAZ,520
2025-12-09,BUENOS AIRES,ESPARTILLAR (PDO. SAAVEDRA),2000
2025-12-09,BUENOS AIRES,FELIPE SOLA,60
2025-12-09,BUENOS AIRES,GENERAL LAMADRID,350
2025-12-09,BUENOS AIRES,GENERAL VILLEGAS,1553
2025-12-09,BUENOS AIRES,GONZALES CHAVES,1800
2025-12-09,BUENOS AIRES,LAPRIDA,90
2025-12-09,BUENOS AIRES,LIBANO,90
2025-12-09,BUENOS AIRES,LOBERIA,530
2025-12-09,BUENOS AIRES,LOBOS,60
2025-12-09,BUENOS AIRES,NECOCHEA,420
2025-12-09,BUENOS AIRES,PIGUE,890
2025-12-09,BUENOS AIRES,SALTO,95
2025-12-09,BUENOS AIRES,TANDIL,1330
2025-12-09,BUENOS AIRES,TORNQUIST,375
2025-12-09,BUENOS AIRES,TRENQUE LAUQUEN,750
2025-12-09,BUENOS AIRES,TRES ARROYOS,7859
2025-12-09,BUENOS AIRES,VILLA SENA,75
2025-12-09,LA PAMPA,CATRILO,330
2025-12-09,LA PAMPA,GENERAL PICO,36
2025-12-09,LA PAMPA,QUEMU-QUEMU,300
2025-12-09,SANTA FE,CHAPUY,3090
2025-12-09,SANTA FE,ROSARIO,210
2025-12-09,SANTA FE,VENADO TUERTO,123
2025-12-10,BUENOS AIRES,17  DE AGOSTO,30
2025-12-10,BUENOS AIRES,30 DE AGOSTO,300
2025-12-10,BUENOS AIRES,ALBERTI,180
2025-12-10,BUENOS AIRES,AMEGHINO,240
2025-12-10,BUENOS AIRES,AYACUCHO,150
2025-12-10,BUENOS AIRES,AZUL,500
2025-12-10,BUENOS AIRES,BAHIA BLANCA,574
2025-12-10,BUENOS AIRES,BALCARCE,210
2025-12-10,BUENOS AIRES,BARRIO BANCO PROVINC,60
2025-12-10,BUENOS AIRES,BARRIO OESTE,210
2025-12-10,BUENOS AIRES,BARRIO VILLA GAUCHO,500
2025-12-10,BUENOS AIRES,BATHURST,500
2025-12-10,BUENOS AIRES,BENITO JUAREZ,1000
2025-12-10,BUENOS AIRES,BOLIVAR,57
2025-12-10,BUENOS AIRES,BRAGADO,120
2025-12-10,BUENOS AIRES,CARHUE,720
2025-12-10,BUENOS AIRES,CARLOS CASARES,1000
2025-12-10,BUENOS AIRES,CARLOS TEJEDOR,107
2025-12-10,BUENOS AIRES,CASBAS,140
2025-12-10,BUENOS AIRES,CHIVILCOY,30
2025-12-10,BUENOS AIRES,COPETONAS,120
2025-12-10,BUENOS AIRES,CORONEL DORREGO,300
2025-12-10,BUENOS AIRES,CORONEL PRINGLES,600
2025-12-10,BUENOS AIRES,CORONEL SUAREZ,330
2025-12-10,BUENOS AIRES,DAIREAUX,209
2025-12-10,BUENOS AIRES,DARREGUEIRA,12000
2025-12-10,BUENOS AIRES,DE LA GARMA,200
2025-12-10,BUENOS AIRES,ESPARTILLAR (PDO. SAAVEDRA),1000
2025-12-10,BUENOS AIRES,GOYENA,90
2025-12-10,BUENOS AIRES,JUAN JOSE PASO,60
2025-12-10,BUENOS AIRES,JUAN N. FERNANDEZ,150
2025-12-10,BUENOS AIRES,JUNIN,30
2025-12-10,BUENOS AIRES,LA DULCE,300
2025-12-10,BUENOS AIRES,LA NUMANCIA,940
2025-12-10,BUENOS AIRES,LAPRIDA,30
2025-12-10,BUENOS AIRES,LARTIGAU,630
2025-12-10,BUENOS AIRES,LOBERIA,1820
2025-12-10,BUENOS AIRES,LOBOS,30
2025-12-10,BUENOS AIRES,MEDANOS,92
2025-12-10,BUENOS AIRES,NECOCHEA,1050
2025-12-10,BUENOS AIRES,PEHUAJO,100
2025-12-10,BUENOS AIRES,PEHUEN CO,300
2025-12-10,BUENOS AIRES,PIGUE,630
2025-12-10,BUENOS AIRES,QUEQUEN,150
2025-12-10,BUENOS AIRES,RAUCH,120
2025-12-10,BUENOS AIRES,SAAVEDRA,120
2025-12-10,BUENOS AIRES,SALTO,60
2025-12-10,BUENOS AIRES,SAN CAYETANO,1000
2025-12-10,BUENOS AIRES,SAN FRANCISCO DE BEL,210
2025-12-10,BUENOS AIRES,TANDIL,2682
2025-12-10,BUENOS AIRES,TORNQUIST,120
2025-12-10,BUENOS AIRES,TRENQUE LAUQUEN,120
2025-12-10,BUENOS AIRES,TRES ARROYOS,3600
2025-12-10,CÓRDOBA,ABBURRA,120
2025-12-10,CÓRDOBA,NICOLAS BRUZONE,120
2025-12-10,CÓRDOBA,POZO DEL MOLLE (DPTO,30
2025-12-10,LA PAMPA,CATRILO,170
2025-12-10,SANTA FE,CHAPUY,150
2025-12-10,SANTA FE,MARIA JUANA,70
2025-12-10,SANTA FE,SAN JOSE DE LA ESQUI,30
2025-12-10,SANTA FE,SANTA FE,650
2025-12-11,BUENOS AIRES,BAHIA BLANCA,1900
2025-12-11,BUENOS AIRES,BARRIO OESTE,60
2025-12-11,BUENOS AIRES,BARRIO VILLA GAUCHO,270
2025-12-11,BUENOS AIRES,BRAGADO,120
2025-12-11,BUENOS AIRES,CABILDO,90
2025-12-11,BUENOS AIRES,CARHUE,390
2025-12-11,BUENOS AIRES,COPETONAS,180
2025-12-11,BUENOS AIRES,CORONEL DORREGO,690
2025-12-11,BUENOS AIRES,CORONEL PRINGLES,120
2025-12-11,BUENOS AIRES,CORONEL SUAREZ,35
2025-12-11,BUENOS AIRES,DARREGUEIRA,1700
2025-12-11,BUENOS AIRES,DE LA GARMA,350
2025-12-11,BUENOS AIRES,ESPARTILLAR (PDO. SAAVEDRA),150
2025-12-11,BUENOS AIRES,FORTIN CHACO,90
2025-12-11,BUENOS AIRES,GONZALES CHAVES,9000
2025-12-11,BUENOS AIRES,HENDERSON,270
2025-12-11,BUENOS AIRES,JUAN N. FERNANDEZ,60
2025-12-11,BUENOS AIRES,LA DULCE,180
2025-12-11,BUENOS AIRES,LA VIOLETA,30
2025-12-11,BUENOS AIRES,LOBERIA,410
2025-12-11,BUENOS AIRES,MAR DEL PLATA,180
2025-12-11,BUENOS AIRES,NECOCHEA,620
2025-12-11,BUENOS AIRES,OLAVARRIA,1218
2025-12-11,BUENOS AIRES,PEHUAJO,9
2025-12-11,BUENOS AIRES,PERGAMINO,60
2025-12-11,BUENOS AIRES,PUAN,8000
2025-12-11,BUENOS AIRES,QUEQUEN,120
2025-12-11,BUENOS AIRES,RIVERA,27
2025-12-11,BUENOS AIRES,SALDUNGARAY,1000
2025-12-11,BUENOS AIRES,TORNQUIST,210
2025-12-11,BUENOS AIRES,TRES ARROYOS,2243
2025-12-11,BUENOS AIRES,TRES LOMAS,170
2025-12-11,CÓRDOBA,JUSTINIANO POSSE,60
2025-12-11,CÓRDOBA,NOETINGER,500
2025-12-11,LA PAMPA,CATRILO,3330
2025-12-11,SANTA FE,CHAPUY,1022
2025-12-11,SANTA FE,RUFINO,150
2025-12-11,SANTA FE,SANTA FE,1060
2025-12-12,BUENOS AIRES,17  DE AGOSTO,150
2025-12-12,BUENOS AIRES,ADELA CORTI,90
2025-12-12,BUENOS AIRES,AZUL,90
2025-12-12,BUENOS AIRES,BAHIA BLANCA,1010
2025-12-12,BUENOS AIRES,BAJO HONDO,680
2025-12-12,BUENOS AIRES,BALCARCE,590
2025-12-12,BUENOS AIRES,BARRIO VILLA GAUCHO,500
2025-12-12,BUENOS AIRES,BELLOCQ,90
2025-12-12,BUENOS AIRES,BOLIVAR,146
2025-12-12,BUENOS AIRES,BORDENAVE,530
2025-12-12,BUENOS AIRES,BRAGADO,90
2025-12-12,BUENOS AIRES,CABILDO,60
2025-12-12,BUENOS AIRES,CARLOS CASARES,9500
2025-12-12,BUENOS AIRES,CAÑADA MARIANO (EMBA,2750
2025-12-12,BUENOS AIRES,CHACABUCO,120
2025-12-12,BUENOS AIRES,CHILLAR,60
2025-12-12,BUENOS AIRES,CORONEL DORREGO,6332
2025-12-12,BUENOS AIRES,CORONEL PRINGLES,1800
2025-12-12,BUENOS AIRES,CORONEL SUAREZ,800
2025-12-12,BUENOS AIRES,DAIREAUX,360
2025-12-12,BUENOS AIRES,DUFAUR,120
2025-12-12,BUENOS AIRES,ESPARTILLAR (PDO. SAAVEDRA),1000
2025-12-12,BUENOS AIRES,GONZALES CHAVES,8194
2025-12-12,BUENOS AIRES,JUAN N. FERNANDEZ,400
2025-12-12,BUENOS AIRES,LA DULCE,1700
2025-12-12,BUENOS AIRES,LAPRIDA,120
2025-12-12,BUENOS AIRES,LARTIGAU,500
2025-12-12,BUENOS AIRES,LIBANO,720
2025-12-12,BUENOS AIRES,LOBERIA,1650
2025-12-12,BUENOS AIRES,NECOCHEA,4150
2025-12-12,BUENOS AIRES,ORIENTE,600
2025-12-12,BUENOS AIRES,PEHUAJO,85
2025-12-12,BUENOS AIRES,PEHUEN CO,300
2025-12-12,BUENOS AIRES,PIGUE,1450
2025-12-12,BUENOS AIRES,PUAN,1000
2025-12-12,BUENOS AIRES,QUEQUEN,2240
2025-12-12,BUENOS AIRES,ROQUE PEREZ,120
2025-12-12,BUENOS AIRES,SALTO,399
2025-12-12,BUENOS AIRES,SAN CAYETANO,180
2025-12-12,BUENOS AIRES,SAN MIGUEL ARCANGEL,450
2025-12-12,BUENOS AIRES,TANDIL,210
2025-12-12,BUENOS AIRES,TAPALQUE,150
2025-12-12,BUENOS AIRES,TENIENTE ORIGONE,90
2025-12-12,BUENOS AIRES,TORNQUIST,480
2025-12-12,BUENOS AIRES,TRENQUE LAUQUEN,247
2025-12-12,BUENOS AIRES,TRES ARROYOS,4070
2025-12-12,LA PAMPA,CATRILO,3300
2025-12-12,LA PAMPA,COLONIA LA ORACION,60
2025-12-12,LA PAMPA,QUEMU-QUEMU,160
2025-12-12,SANTA FE,CHAPUY,1160
2025-12-12,SANTA FE,SANTA FE,300
2025-12-13,BUENOS AIRES,CARHUE,90
2025-12-15,BUENOS AIRES,9 DE JULIO,150
2025-12-15,BUENOS AIRES,ADOLFO GONZALES CHAVEZ,230
2025-12-15,BUENOS AIRES,AZUL,360
2025-12-15,BUENOS AIRES,BAHIA BLANCA,3360
2025-12-15,BUENOS AIRES,BAJO HONDO,1800
2025-12-15,BUENOS AIRES,BALCARCE,300
2025-12-15,BUENOS AIRES,BOLIVAR,22
2025-12-15,BUENOS AIRES,BRAGADO,30
2025-12-15,BUENOS AIRES,CABILDO,60
2025-12-15,BUENOS AIRES,CARHUE,210
2025-12-15,BUENOS AIRES,CARLOS TEJEDOR,30
2025-12-15,BUENOS AIRES,CASBAS,900
2025-12-15,BUENOS AIRES,CASTELLI,150
2025-12-15,BUENOS AIRES,CAÑADA MARIANO (EMBA,600
2025-12-15,BUENOS AIRES,CHILLAR,210
2025-12-15,BUENOS AIRES,COPETONAS,240
2025-12-15,BUENOS AIRES,CORONEL DORREGO,770
2025-12-15,BUENOS AIRES,CORONEL PRINGLES,1330
2025-12-15,BUENOS AIRES,CORONEL SUAREZ,1100
2025-12-15,BUENOS AIRES,DAIREAUX,120
2025-12-15,BUENOS AIRES,DARREGUEIRA,400
2025-12-15,BUENOS AIRES,DE LA GARMA,150
2025-12-15,BUENOS AIRES,DEFERRARI,90
2025-12-15,BUENOS AIRES,ESPARTILLAR (PDO. SAAVEDRA),2060
2025-12-15,BUENOS AIRES,ESTELA,60
2025-12-15,BUENOS AIRES,GONZALES CHAVES,1100
2025-12-15,BUENOS AIRES,JUAN JOSE PASO,120
2025-12-15,BUENOS AIRES,JUAN N. FERNANDEZ,300
2025-12-15,BUENOS AIRES,LAPRIDA,150
2025-12-15,BUENOS AIRES,LIBANO,300
2025-12-15,BUENOS AIRES,LOBERIA,2453
2025-12-15,BUENOS AIRES,MAR DEL PLATA,400
2025-12-15,BUENOS AIRES,MICAELA CASCALLARES,2000
2025-12-15,BUENOS AIRES,NECOCHEA,2478
2025-12-15,BUENOS AIRES,ORENSE,180
2025-12-15,BUENOS AIRES,PEHUAJO,90
2025-12-15,BUENOS AIRES,PIGUE,2380
2025-12-15,BUENOS AIRES,PUAN,2100
2025-12-15,BUENOS AIRES,QUEQUEN,540
2025-12-15,BUENOS AIRES,RAUCH,180
2025-12-15,BUENOS AIRES,SAAVEDRA,300
2025-12-15,BUENOS AIRES,SALADILLO,60
2025-12-15,BUENOS AIRES,SALTO,115
2025-12-15,BUENOS AIRES,TANDIL,2620
2025-12-15,BUENOS AIRES,TORNQUIST,980
2025-12-15,BUENOS AIRES,TRENQUE LAUQUEN,180
2025-12-15,BUENOS AIRES,TRES ARROYOS,2669
2025-12-15,LA PAMPA,CATRILO,150
2025-12-15,SANTA FE,CHAPUY,240
2025-12-15,SANTA FE,ELORTONDO,30
2025-12-15,SANTA FE,SANTA FE,350
2025-12-16,BUENOS AIRES,9 DE JULIO,120
2025-12-16,BUENOS AIRES,ADOLFO GONZALES CHAVEZ,90
2025-12-16,BUENOS AIRES,AZUL,270
2025-12-16,BUENOS AIRES,BAHIA BLANCA,1150
2025-12-16,BUENOS AIRES,BAJO HONDO,180
2025-12-16,BUENOS AIRES,BALCARCE,227
2025-12-16,BUENOS AIRES,BARRIO BANCO PROVINC,60
2025-12-16,BUENOS AIRES,BARRIO VILLA GAUCHO,4000
2025-12-16,BUENOS AIRES,BATHURST,60
2025-12-16,BUENOS AIRES,BELLOCQ,1000
2025-12-16,BUENOS AIRES,BOLIVAR,201
2025-12-16,BUENOS AIRES,BRAGADO,590
2025-12-16,BUENOS AIRES,CABILDO,360
2025-12-16,BUENOS AIRES,CARHUE,270
2025-12-16,BUENOS AIRES,CASBAS,175
2025-12-16,BUENOS AIRES,CASCADA,28
2025-12-16,BUENOS AIRES,CAÑADA MARIANO (EMBA,600
2025-12-16,BUENOS AIRES,COLONIA BARON HIRSCH,210
2025-12-16,BUENOS AIRES,COPETONAS,41
2025-12-16,BUENOS AIRES,CORONEL DORREGO,60
2025-12-16,BUENOS AIRES,CORONEL PRINGLES,1402
2025-12-16,BUENOS AIRES,CORONEL SUAREZ,505
2025-12-16,BUENOS AIRES,DAIREAUX,91
2025-12-16,BUENOS AIRES,DUFAUR,60
2025-12-16,BUENOS AIRES,EL LENGUARAZ,530
2025-12-16,BUENOS AIRES,ENERGIA,1000
2025-12-16,BUENOS AIRES,FELIPE SOLA,60
2025-12-16,BUENOS AIRES,GONZALES CHAVES,4000
2025-12-16,BUENOS AIRES,GOYENA,420
2025-12-16,BUENOS AIRES,HUANGUELEN,200
2025-12-16,BUENOS AIRES,JUAN JOSE PASO,30
2025-12-16,BUENOS AIRES,JUAN N. FERNANDEZ,30
2025-12-16,BUENOS AIRES,LA DULCE,750
2025-12-16,BUENOS AIRES,LA NEGRA,60
2025-12-16,BUENOS AIRES,LAPRIDA,270
2025-12-16,BUENOS AIRES,LARTIGAU,500
2025-12-16,BUENOS AIRES,LIBANO,408
2025-12-16,BUENOS AIRES,MAR DEL PLATA,59
2025-12-16,BUENOS AIRES,NECOCHEA,1000
2025-12-16,BUENOS AIRES,OLAVARRIA,2401
2025-12-16,BUENOS AIRES,PEHUAJO,385
2025-12-16,BUENOS AIRES,PIGUE,680
2025-12-16,BUENOS AIRES,QUEQUEN,450
2025-12-16,BUENOS AIRES,RECALDE,57
2025-12-16,BUENOS AIRES,RIVERA,300
2025-12-16,BUENOS AIRES,SAN CAYETANO,51
2025-12-16,BUENOS AIRES,TANDIL,1380
2025-12-16,BUENOS AIRES,TORNQUIST,330
2025-12-16,BUENOS AIRES,TRENQUE LAUQUEN,144
2025-12-16,BUENOS AIRES,TRES ARROYOS,4536
2025-12-16,CÓRDOBA,NICOLAS BRUZONE,180
2025-12-16,ENTRE RÍOS,GUALEGUAY,28
2025-12-16,LA PAMPA,EMBAJADOR MARTINI,30
2025-12-16,LA PAMPA,GENERAL PICO,60
2025-12-16,SANTA FE,CAÑADA ROSQUIN,30
2025-12-16,SANTA FE,CHAPUY,500
2025-12-16,SANTA FE,RUFINO,57
2025-12-16,SANTA FE,SANTA FE,150
2025-12-17,BUENOS AIRES,17  DE AGOSTO,700
2025-12-17,BUENOS AIRES,ADOLFO GONZALES CHAVEZ,90
2025-12-17,BUENOS AIRES,BAHIA BLANCA,3330
2025-12-17,BUENOS AIRES,BALCARCE,1140
2025-12-17,BUENOS AIRES,BARRIO BANCO PROVINC,60
2025-12-17,BUENOS AIRES,BARRIO JARDIN,30
2025-12-17,BUENOS AIRES,BARRIO OESTE,120
2025-12-17,BUENOS AIRES,BORDENAVE,1130
2025-12-17,BUENOS AIRES,CABILDO,90
2025-12-17,BUENOS AIRES,CAMINERA AZUL,500
2025-12-17,BUENOS AIRES,CASCADA,250
2025-12-17,BUENOS AIRES,CAÑADA MARIANO (EMBA,2600
2025-12-17,BUENOS AIRES,CORONEL DORREGO,2150
2025-12-17,BUENOS AIRES,CORONEL PRINGLES,1490
2025-12-17,BUENOS AIRES,CORONEL SUAREZ,670
2025-12-17,BUENOS AIRES,DAIREAUX,152
2025-12-17,BUENOS AIRES,DARREGUEIRA,270
2025-12-17,BUENOS AIRES,DEFERRARI,90
2025-12-17,BUENOS AIRES,EL LENGUARAZ,130
2025-12-17,BUENOS AIRES,ESPARTILLAR (PDO. SAAVEDRA),1000
2025-12-17,BUENOS AIRES,FORTIN CHACO,280
2025-12-17,BUENOS AIRES,GARRE,570
2025-12-17,BUENOS AIRES,GENERAL LAMADRID,800
2025-12-17,BUENOS AIRES,GONZALES CHAVES,600
2025-12-17,BUENOS AIRES,GOYENA,280
2025-12-17,BUENOS AIRES,IRIARTE,30
2025-12-17,BUENOS AIRES,JUAN JOSE PASO,30
2025-12-17,BUENOS AIRES,LA DULCE,600
2025-12-17,BUENOS AIRES,LAPRIDA,510
2025-12-17,BUENOS AIRES,LARTIGAU,120
2025-12-17,BUENOS AIRES,LIBANO,150
2025-12-17,BUENOS AIRES,LOBERIA,520
2025-12-17,BUENOS AIRES,LOPEZ,300
2025-12-17,BUENOS AIRES,NECOCHEA,1600
2025-12-17,BUENOS AIRES,OLAVARRIA,3099
2025-12-17,BUENOS AIRES,ORENSE,30
2025-12-17,BUENOS AIRES,ORIENTE,1800
2025-12-17,BUENOS AIRES,PIGUE,1150
2025-12-17,BUENOS AIRES,QUEQUEN,420
2025-12-17,BUENOS AIRES,SAAVEDRA,390
2025-12-17,BUENOS AIRES,SALTO,30
2025-12-17,BUENOS AIRES,SAN MIGUEL ARCANGEL,600
2025-12-17,BUENOS AIRES,TANDIL,1110
2025-12-17,BUENOS AIRES,TORNQUIST,232
2025-12-17,BUENOS AIRES,TRENQUE LAUQUEN,30
2025-12-17,BUENOS AIRES,TRES ARROYOS,7290
2025-12-17,CÓRDOBA,NOETINGER,180
2025-12-17,CÓRDOBA,PILAR,180
2025-12-17,LA PAMPA,GENERAL PICO,30
2025-12-17,SANTA FE,CHAPUY,280
2025-12-17,SANTA FE,LOPEZ,60
2025-12-17,SANTA FE,SAN LORENZO,500
2025-12-17,SANTA FE,SANTA FE,1210
2025-12-18,BUENOS AIRES,ADOLFO GONZALES CHAVEZ,300
2025-12-18,BUENOS AIRES,AZUL,238
2025-12-18,BUENOS AIRES,BAHIA BLANCA,688
2025-12-18,BUENOS AIRES,BALCARCE,980
2025-12-18,BUENOS AIRES,BATHURST,120
2025-12-18,BUENOS AIRES,BOLIVAR,114
2025-12-18,BUENOS AIRES,BRAGADO,300
2025-12-18,BUENOS AIRES,CABILDO,360
2025-12-18,BUENOS AIRES,CARHUE,120
2025-12-18,BUENOS AIRES,CARLOS CASARES,200
2025-12-18,BUENOS AIRES,CASCADA,30
2025-12-18,BUENOS AIRES,CAÑADA MARIANO (EMBA,360
2025-12-18,BUENOS AIRES,COLONIA BARON HIRSCH,200
2025-12-18,BUENOS AIRES,COLONIA HINOJO,118
2025-12-18,BUENOS AIRES,COPETONAS,1414
2025-12-18,BUENOS AIRES,CORONEL DORREGO,890
2025-12-18,BUENOS AIRES,CORONEL PRINGLES,620
2025-12-18,BUENOS AIRES,CORONEL SUAREZ,425
2025-12-18,BUENOS AIRES,GONZALES CHAVES,3400
2025-12-18,BUENOS AIRES,JUAN N. FERNANDEZ,500
2025-12-18,BUENOS AIRES,LA DULCE,360
2025-12-18,BUENOS AIRES,LAPRIDA,1270
2025-12-18,BUENOS AIRES,LARTIGAU,770
2025-12-18,BUENOS AIRES,LIBANO,650
2025-12-18,BUENOS AIRES,LOBERIA,350
2025-12-18,BUENOS AIRES,MAR DEL PLATA,120
2025-12-18,BUENOS AIRES,NECOCHEA,390
2025-12-18,BUENOS AIRES,OLAVARRIA,2469
2025-12-18,BUENOS AIRES,ORIENTE,1110
2025-12-18,BUENOS AIRES,PEHUAJO,626
2025-12-18,BUENOS AIRES,PEHUEN CO,600
2025-12-18,BUENOS AIRES,PIGUE,500
2025-12-18,BUENOS AIRES,PUAN,1200
2025-12-18,BUENOS AIRES,QUEQUEN,540
2025-12-18,BUENOS AIRES,RAUCH,2040
2025-12-18,BUENOS AIRES,TANDIL,360
2025-12-18,BUENOS AIRES,TORNQUIST,320
2025-12-18,BUENOS AIRES,TRES ARROYOS,12700
2025-12-18,BUENOS AIRES,TRES LOMAS,500
2025-12-18,LA PAMPA,COLONIA CASTEX,90
2025-12-18,LA PAMPA,EMBAJADOR MARTINI,120
2025-12-18,LA PAMPA,GENERAL SAN MARTIN,210
2025-12-18,LA PAMPA,MACACHIN,2000
2025-12-18,LA PAMPA,QUEMU-QUEMU,320
2025-12-18,SANTA FE,CAÑADA ROSQUIN,60
2025-12-18,SANTA FE,CHAPUY,540
2025-12-18,SANTA FE,RUFINO,60
2025-12-18,SANTA FE,SANTA FE,30
2025-12-19,BUENOS AIRES,17  DE AGOSTO,90
2025-12-19,BUENOS AIRES,ALBERTI,150
2025-12-19,BUENOS AIRES,AZUCENA,210
2025-12-19,BUENOS AIRES,AZUL,873
2025-12-19,BUENOS AIRES,BAHIA BLANCA,1520
2025-12-19,BUENOS AIRES,BAJO HONDO,120
2025-12-19,BUENOS AIRES,BALCARCE,1200
2025-12-19,BUENOS AIRES,BARRIO BANCO PROVINC,60
2025-12-19,BUENOS AIRES,BARRIO VILLA GAUCHO,300
2025-12-19,BUENOS AIRES,BENITO JUAREZ,1500
2025-12-19,BUENOS AIRES,BORDENAVE,150
2025-12-19,BUENOS AIRES,CARHUE,1210
2025-12-19,BUENOS AIRES,CARLOS CASARES,480
2025-12-19,BUENOS AIRES,CASCADA,1000
2025-12-19,BUENOS AIRES,CHILLAR,360
2025-12-19,BUENOS AIRES,CORONEL DORREGO,6180
2025-12-19,BUENOS AIRES,CORONEL PRINGLES,840
2025-12-19,BUENOS AIRES,CORTI,200
2025-12-19,BUENOS AIRES,DAIREAUX,150
2025-12-19,BUENOS AIRES,ENERGIA,1000
2025-12-19,BUENOS AIRES,ESPARTILLAR (PDO. SAAVEDRA),3500
2025-12-19,BUENOS AIRES,FELIPE SOLA,180
2025-12-19,BUENOS AIRES,GARDEY,180
2025-12-19,BUENOS AIRES,GONZALES CHAVES,2000
2025-12-19,BUENOS AIRES,IGARZABAL,90
2025-12-19,BUENOS AIRES,JOSE A. GUISASOLA,390
2025-12-19,BUENOS AIRES,JUAN N. FERNANDEZ,1500
2025-12-19,BUENOS AIRES,LA DULCE,380
2025-12-19,BUENOS AIRES,LAPRIDA,60
2025-12-19,BUENOS AIRES,LOBERIA,1540
2025-12-19,BUENOS AIRES,NECOCHEA,3350
2025-12-19,BUENOS AIRES,OLAVARRIA,624
2025-12-19,BUENOS AIRES,PIGUE,1010
2025-12-19,BUENOS AIRES,PUAN,1000
2025-12-19,BUENOS AIRES,QUEQUEN,1000
2025-12-19,BUENOS AIRES,RAUCH,150
2025-12-19,BUENOS AIRES,TANDIL,11405
2025-12-19,BUENOS AIRES,TRES ARROYOS,4929
2025-12-19,CIUDAD AUTÓNOMA DE BUENOS AIRES,CAPITAL FEDERAL,1000
2025-12-19,CÓRDOBA,NOETINGER,30
2025-12-19,LA PAMPA,CATRILO,180
2025-12-19,LA PAMPA,GENERAL SAN MARTIN,210
2025-12-19,SANTA FE,CHAPUY,930
2025-12-19,SANTA FE,ROSARIO,240
2025-12-19,SANTA FE,SANTA FE,1768
2025-12-20,BUENOS AIRES,LAPRIDA,30
2025-12-20,BUENOS AIRES,LIBANO,180
2025-12-22,BUENOS AIRES,ADOLFO GONZALES CHAVEZ,150
2025-12-22,BUENOS AIRES,AZUL,90
2025-12-22,BUENOS AIRES,BAHIA BLANCA,620
2025-12-22,BUENOS AIRES,BALCARCE,2741
2025-12-22,BUENOS AIRES,BENITO JUAREZ,1700
2025-12-22,BUENOS AIRES,BOLIVAR,360
2025-12-22,BUENOS AIRES,BRAGADO,388
2025-12-22,BUENOS AIRES,CABILDO,120
2025-12-22,BUENOS AIRES,CARHUE,240
2025-12-22,BUENOS AIRES,CAÑADA MARIANO (EMBA,720
2025-12-22,BUENOS AIRES,CHILLAR,30
2025-12-22,BUENOS AIRES,CHIVILCOY,30
2025-12-22,BUENOS AIRES,CONDARCO,300
2025-12-22,BUENOS AIRES,CORONEL DORREGO,2290
2025-12-22,BUENOS AIRES,CORONEL PRINGLES,1010
2025-12-22,BUENOS AIRES,CORONEL SUAREZ,460
2025-12-22,BUENOS AIRES,EL LENGUARAZ,150
2025-12-22,BUENOS AIRES,EMPORIO STROEDER,60
2025-12-22,BUENOS AIRES,ENERGIA,31
2025-12-22,BUENOS AIRES,GONZALES CHAVES,3710
2025-12-22,BUENOS AIRES,GOYENA,210
2025-12-22,BUENOS AIRES,GUAMINI,79
2025-12-22,BUENOS AIRES,HUANGUELEN,150
2025-12-22,BUENOS AIRES,JOSE A. GUISASOLA,60
2025-12-22,BUENOS AIRES,LA DULCE,270
2025-12-22,BUENOS AIRES,LA VIOLETA,61
2025-12-22,BUENOS AIRES,LAPRIDA,420
2025-12-22,BUENOS AIRES,LARTIGAU,300
2025-12-22,BUENOS AIRES,LIBANO,120
2025-12-22,BUENOS AIRES,LOBERIA,4650
2025-12-22,BUENOS AIRES,MAR DEL PLATA,4
2025-12-22,BUENOS AIRES,NECOCHEA,420
2025-12-22,BUENOS AIRES,OLAVARRIA,663
2025-12-22,BUENOS AIRES,PIGUE,3700
2025-12-22,BUENOS AIRES,PUAN,1400
2025-12-22,BUENOS AIRES,RAUCH,900
2025-12-22,BUENOS AIRES,SAN CAYETANO,60
2025-12-22,BUENOS AIRES,SAN MIGUEL ARCANGEL,600
2025-12-22,BUENOS AIRES,TANDIL,3470
2025-12-22,BUENOS AIRES,TAPALQUE,120
2025-12-22,BUENOS AIRES,TORNQUIST,240
2025-12-22,BUENOS AIRES,TRENQUE LAUQUEN,24
2025-12-22,BUENOS AIRES,TRES ARROYOS,3740
2025-12-22,LA PAMPA,CATRILO,21
2025-12-22,LA PAMPA,GENERAL PICO,27
2025-12-22,LA PAMPA,QUEMU-QUEMU,890
2025-12-22,SANTA FE,CHAPUY,90
2025-12-22,SANTA FE,SANTA FE,90
2025-12-23,BUENOS AIRES,ALBERTI,60
2025-12-23,BUENOS AIRES,ALDECON,500
2025-12-23,BUENOS AIRES,AZUL,341
2025-12-23,BUENOS AIRES,BARRIO JARDIN,30
2025-12-23,BUENOS AIRES,BARRIO VILLA GAUCHO,150
2025-12-23,BUENOS AIRES,BENITO JUAREZ,1110
2025-12-23,BUENOS AIRES,BRAGADO,30
2025-12-23,BUENOS AIRES,CAMET,66
2025-12-23,BUENOS AIRES,CARHUE,1970
2025-12-23,BUENOS AIRES,CHILLAR,210
2025-12-23,BUENOS AIRES,COPETONAS,1152
2025-12-23,BUENOS AIRES,CORONEL DORREGO,721
2025-12-23,BUENOS AIRES,CORONEL PRINGLES,1180
2025-12-23,BUENOS AIRES,CORONEL SUAREZ,1120
2025-12-23,BUENOS AIRES,EL LENGUARAZ,340
2025-12-23,BUENOS AIRES,FORTIN CHACO,400
2025-12-23,BUENOS AIRES,GONZALES CHAVES,600
2025-12-23,BUENOS AIRES,GOYENA,88
2025-12-23,BUENOS AIRES,JUAN JOSE PASO,203
2025-12-23,BUENOS AIRES,JUAN N. FERNANDEZ,60
2025-12-23,BUENOS AIRES,LA DULCE,420
2025-12-23,BUENOS AIRES,LAPRIDA,120
2025-12-23,BUENOS AIRES,LIBANO,30
2025-12-23,BUENOS AIRES,LOBERIA,3090
2025-12-23,BUENOS AIRES,LOBOS,30
2025-12-23,BUENOS AIRES,NECOCHEA,454
2025-12-23,BUENOS AIRES,OLAVARRIA,176
2025-12-23,BUENOS AIRES,PIGUE,1200
2025-12-23,BUENOS AIRES,RAUCH,660
2025-12-23,BUENOS AIRES,SALLIQUELO,300
2025-12-23,BUENOS AIRES,SAN CAYETANO,150
2025-12-23,BUENOS AIRES,TANDIL,2630
2025-12-23,BUENOS AIRES,TRENQUE LAUQUEN,5
2025-12-23,BUENOS AIRES,TRES ARROYOS,2705
2025-12-23,BUENOS AIRES,ZARATE,60
2025-12-23,ENTRE RÍOS,CONCEPCION DEL URUGU,1700
2025-12-23,ENTRE RÍOS,GUALEGUAY,1700
2025-12-23,LA PAMPA,GENERAL PICO,25
2025-12-23,LA PAMPA,GENERAL SAN MARTIN,120
2025-12-23,LA PAMPA,LONQUIMAY,120
2025-12-23,LA PAMPA,MACACHIN,90
2025-12-23,SANTA FE,LUIS PALACIOS,180
2025-12-23,SANTA FE,ROSARIO,190
2025-12-23,SANTA FE,SANTA FE,500
2025-12-24,BUENOS AIRES,CHIVILCOY,150
2025-12-24,BUENOS AIRES,MAR DEL PLATA,60
2025-12-24,BUENOS AIRES,TANDIL,251
2025-12-24,BUENOS AIRES,TRES ARROYOS,860
2025-12-24,LA PAMPA,MACACHIN,90
2025-12-24,SANTA FE,CHAPUY,120
2025-12-26,BUENOS AIRES,ADOLFO GONZALES CHAVEZ,240
2025-12-26,BUENOS AIRES,ALBERTI,29
2025-12-26,BUENOS AIRES,ARRECIFES,200
2025-12-26,BUENOS AIRES,AZUL,174
2025-12-26,BUENOS AIRES,BAHIA BLANCA,1560
2025-12-26,BUENOS AIRES,BARRIO VILLA GAUCHO,330
2025-12-26,BUENOS AIRES,CABILDO,430
2025-12-26,BUENOS AIRES,CARLOS CASARES,2000
2025-12-26,BUENOS AIRES,CAÑADA MARIANO (EMBA,300
2025-12-26,BUENOS AIRES,CHILLAR,230
2025-12-26,BUENOS AIRES,COLONIA HINOJO,100
2025-12-26,BUENOS AIRES,CORONEL DORREGO,2810
2025-12-26,BUENOS AIRES,CORONEL PRINGLES,750
2025-12-26,BUENOS AIRES,CORONEL SUAREZ,330
2025-12-26,BUENOS AIRES,DE LA GARMA,175
2025-12-26,BUENOS AIRES,EL LENGUARAZ,450
2025-12-26,BUENOS AIRES,EMPORIO STROEDER,240
2025-12-26,BUENOS AIRES,FORTIN CHACO,500
2025-12-26,BUENOS AIRES,GENERAL LAMADRID,600
2025-12-26,BUENOS AIRES,GUAMINI,240
2025-12-26,BUENOS AIRES,HENDERSON,300
2025-12-26,BUENOS AIRES,JUAN N. FERNANDEZ,240
2025-12-26,BUENOS AIRES,LA DULCE,850
2025-12-26,BUENOS AIRES,LAPRIDA,270
2025-12-26,BUENOS AIRES,LARTIGAU,140
2025-12-26,BUENOS AIRES,LIBANO,660
2025-12-26,BUENOS AIRES,LOBERIA,720
2025-12-26,BUENOS AIRES,MAR DEL PLATA,60
2025-12-26,BUENOS AIRES,NECOCHEA,290
2025-12-26,BUENOS AIRES,OLAVARRIA,626
2025-12-26,BUENOS AIRES,ORIENTE,500
2025-12-26,BUENOS AIRES,PEDRO LURO,90
2025-12-26,BUENOS AIRES,PIERES,90
2025-12-26,BUENOS AIRES,PIGUE,658
2025-12-26,BUENOS AIRES,QUEQUEN,64
2025-12-26,BUENOS AIRES,RAUCH,240
2025-12-26,BUENOS AIRES,SAN FRANCISCO DE BEL,500
2025-12-26,BUENOS AIRES,TANDIL,991
2025-12-26,BUENOS AIRES,TRENQUE LAUQUEN,150
2025-12-26,BUENOS AIRES,TRES ARROYOS,4466
2025-12-26,BUENOS AIRES,TRES LOMAS,455
2025-12-26,CÓRDOBA,HERNANDO,30
2025-12-26,CÓRDOBA,JUSTINIANO POSSE,30
2025-12-26,CÓRDOBA,OLIVA,30
2025-12-26,LA PAMPA,CATRILO,140
2025-12-26,LA PAMPA,MIGUEL CANE,106
2025-12-26,SANTA FE,CHAPUY,800
2025-12-26,SANTA FE,ROSARIO,30
2025-12-26,SANTA FE,SANTA FE,60
2025-12-27,BUENOS AIRES,LIBANO,270
2025-12-27,CÓRDOBA,LA CARLOTA,100
2025-12-28,BUENOS AIRES,OLAVARRIA,183
2025-12-29,BUENOS AIRES,AYACUCHO,60
2025-12-29,BUENOS AIRES,BAHIA BLANCA,2100
2025-12-29,BUENOS AIRES,BAJO HONDO,1329
2025-12-29,BUENOS AIRES,BALCARCE,280
2025-12-29,BUENOS AIRES,BARRIO VILLA GAUCHO,380
2025-12-29,BUENOS AIRES,BENITO JUAREZ,390
2025-12-29,BUENOS AIRES,BORDENAVE,65
2025-12-29,BUENOS AIRES,CABILDO,150
2025-12-29,BUENOS AIRES,CAMINERA NAPALEOFU,150
2025-12-29,BUENOS AIRES,CARHUE,650
2025-12-29,BUENOS AIRES,CASTELLI,90
2025-12-29,BUENOS AIRES,CAÑADA MARIANO (EMBA,2220
2025-12-29,BUENOS AIRES,CAÑADA SECA,90
2025-12-29,BUENOS AIRES,CHILLAR,360
2025-12-29,BUENOS AIRES,CORONEL DORREGO,5650
2025-12-29,BUENOS AIRES,CORONEL PRINGLES,380
2025-12-29,BUENOS AIRES,CORONEL SUAREZ,837
2025-12-29,BUENOS AIRES,ESPARTILLAR (PDO. SAAVEDRA),2000
2025-12-29,BUENOS AIRES,HENDERSON,120
2025-12-29,BUENOS AIRES,IGARZABAL,100
2025-12-29,BUENOS AIRES,LA DULCE,1200
2025-12-29,BUENOS AIRES,LAPRIDA,360
2025-12-29,BUENOS AIRES,LAS FLORES,269
2025-12-29,BUENOS AIRES,LIBANO,225
2025-12-29,BUENOS AIRES,LOBERIA,2860
2025-12-29,BUENOS AIRES,MARIANO H. ALFONZO,300
2025-12-29,BUENOS AIRES,NECOCHEA,190
2025-12-29,BUENOS AIRES,OLAVARRIA,1531
2025-12-29,BUENOS AIRES,PEHUAJO,60
2025-12-29,BUENOS AIRES,PIERES,76
2025-12-29,BUENOS AIRES,PIGUE,300
2025-12-29,BUENOS AIRES,QUEQUEN,60
2025-12-29,BUENOS AIRES,SAN CAYETANO,120
2025-12-29,BUENOS AIRES,TANDIL,1807
2025-12-29,BUENOS AIRES,TORNQUIST,390
2025-12-29,BUENOS AIRES,TRENQUE LAUQUEN,30
2025-12-29,BUENOS AIRES,TRES ARROYOS,3331
2025-12-29,CÓRDOBA,LA CARLOTA,100
2025-12-29,LA PAMPA,GENERAL SAN MARTIN,600
2025-12-29,SANTA FE,CHAPUY,90
2025-12-29,SANTA FE,ROSARIO,660
2025-12-29,SANTA FE,SANTA FE,148
2025-12-30,BUENOS AIRES,ABRA DE HINOJO,2220
2025-12-30,BUENOS AIRES,AZUL,621
2025-12-30,BUENOS AIRES,BAHIA BLANCA,4652
2025-12-30,BUENOS AIRES,BAJO HONDO,3553
2025-12-30,BUENOS AIRES,BARRIO VILLA GAUCHO,1022
2025-12-30,BUENOS AIRES,BRAGADO,30
2025-12-30,BUENOS AIRES,CARHUE,1700
2025-12-30,BUENOS AIRES,CARLOS CASARES,1000
2025-12-30,BUENOS AIRES,CAÑADA MARIANO (EMBA,900
2025-12-30,BUENOS AIRES,CHILLAR,30
2025-12-30,BUENOS AIRES,CHIVILCOY,30
2025-12-30,BUENOS AIRES,CORONEL PRINGLES,1200
2025-12-30,BUENOS AIRES,CORONEL SUAREZ,600
2025-12-30,BUENOS AIRES,GOYENA,500
2025-12-30,BUENOS AIRES,GUAMINI,29
2025-12-30,BUENOS AIRES,JUAN N. FERNANDEZ,113
2025-12-30,BUENOS AIRES,LA VIOLETA,120
2025-12-30,BUENOS AIRES,LAPRIDA,60
2025-12-30,BUENOS AIRES,LARTIGAU,110
2025-12-30,BUENOS AIRES,LIBANO,240
2025-12-30,BUENOS AIRES,LOBERIA,3030
2025-12-30,BUENOS AIRES,MAR DEL PLATA,35
2025-12-30,BUENOS AIRES,NECOCHEA,540
2025-12-30,BUENOS AIRES,OLAVARRIA,1323
2025-12-30,BUENOS AIRES,PEHUAJO,71
2025-12-30,BUENOS AIRES,PIGUE,3423
2025-12-30,BUENOS AIRES,RAUCH,420
2025-12-30,BUENOS AIRES,SALTO,960
2025-12-30,BUENOS AIRES,SAN CAYETANO,120
2025-12-30,BUENOS AIRES,SAN MIGUEL ARCANGEL,1706
2025-12-30,BUENOS AIRES,SAN MIGUEL DEL MONTE,270
2025-12-30,BUENOS AIRES,TANDIL,432
2025-12-30,BUENOS AIRES,TORNQUIST,870
2025-12-30,BUENOS AIRES,TRENQUE LAUQUEN,655
2025-12-30,BUENOS AIRES,TRES ARROYOS,590
2025-12-30,CIUDAD AUTÓNOMA DE BUENOS AIRES,CAPITAL FEDERAL,560
2025-12-30,CÓRDOBA,NICOLAS BRUZONE,150
2025-12-30,LA PAMPA,CAMPO LUDUEÑA,230
2025-12-30,LA PAMPA,MACACHIN,86
2025-12-30,SANTA FE,CASILDA,290
2025-12-30,SANTA FE,CHAPUY,150
2025-12-30,SANTA FE,ROSARIO,60
2025-12-30,SANTA FE,SANTA FE,30
2025-12-31,SANTA FE,ROSARIO,120
2026-01-02,BUENOS AIRES,30 DE AGOSTO,300
2026-01-02,BUENOS AIRES,ADOLFO GONZALES CHAVEZ,600
2026-01-02,BUENOS AIRES,AZUL,1064
2026-01-02,BUENOS AIRES,BAHIA BLANCA,1870
2026-01-02,BUENOS AIRES,BELLOCQ,3000
2026-01-02,BUENOS AIRES,BOLIVAR,620
2026-01-02,BUENOS AIRES,CABILDO,420
2026-01-02,BUENOS AIRES,CARHUE,290
2026-01-02,BUENOS AIRES,CHILLAR,208
2026-01-02,BUENOS AIRES,COPETONAS,420
2026-01-02,BUENOS AIRES,CORONEL PRINGLES,3531
2026-01-02,BUENOS AIRES,DAIREAUX,300
2026-01-02,BUENOS AIRES,EL LENGUARAZ,30
2026-01-02,BUENOS AIRES,GARDEY,360
2026-01-02,BUENOS AIRES,GARRE,165
2026-01-02,BUENOS AIRES,GENERAL LAMADRID,210
2026-01-02,BUENOS AIRES,GONZALES CHAVES,4000
2026-01-02,BUENOS AIRES,HENDERSON,113
2026-01-02,BUENOS AIRES,HUANGUELEN,300
2026-01-02,BUENOS AIRES,JUAN N. FERNANDEZ,360
2026-01-02,BUENOS AIRES,LA DULCE,550
2026-01-02,BUENOS AIRES,LAPRIDA,38
2026-01-02,BUENOS AIRES,LIBANO,210
2026-01-02,BUENOS AIRES,LOBERIA,90
2026-01-02,BUENOS AIRES,MEDANOS,240
2026-01-02,BUENOS AIRES,MICAELA CASCALLARES,3000
2026-01-02,BUENOS AIRES,NECOCHEA,3420
2026-01-02,BUENOS AIRES,OLAVARRIA,1573
2026-01-02,BUENOS AIRES,ORENSE,180
2026-01-02,BUENOS AIRES,PIGUE,590
2026-01-02,BUENOS AIRES,QUEQUEN,300
2026-01-02,BUENOS AIRES,RAUCH,210
2026-01-02,BUENOS AIRES,SALLIQUELO,380
2026-01-02,BUENOS AIRES,SALTO,85
2026-01-02,BUENOS AIRES,SAN CAYETANO,120
2026-01-02,BUENOS AIRES,TANDIL,5159
2026-01-02,BUENOS AIRES,TORNQUIST,350
2026-01-02,BUENOS AIRES,TRENQUE LAUQUEN,1400
2026-01-02,BUENOS AIRES,TRES ARROYOS,3473
2026-01-02,CÓRDOBA,NICOLAS BRUZONE,200
2026-01-02,LA PAMPA,CATRILO,450
2026-01-02,LA PAMPA,LONQUIMAY,8
2026-01-02,LA PAMPA,SANTA ROSA,90
2026-01-02,SANTA FE,CHAPUY,185
2026-01-02,SANTA FE,ROSARIO,30
2026-01-02,SANTA FE,SANTA FE,30
2026-01-04,BUENOS AIRES,LIBANO,90
2026-01-05,BUENOS AIRES,17  DE AGOSTO,250
2026-01-05,BUENOS AIRES,ADOLFO GONZALES CHAVEZ,120
2026-01-05,BUENOS AIRES,BAHIA BLANCA,360
2026-01-05,BUENOS AIRES,BARRIO BANCO PROVINC,600
2026-01-05,BUENOS AIRES,BENITO JUAREZ,150
2026-01-05,BUENOS AIRES,BORDENAVE,500
2026-01-05,BUENOS AIRES,BRAGADO,70
2026-01-05,BUENOS AIRES,CABILDO,240
2026-01-05,BUENOS AIRES,CARDENAL CAGLIERO,70
2026-01-05,BUENOS AIRES,CARHUE,540
2026-01-05,BUENOS AIRES,CAÑADA MARIANO (EMBA,1710
2026-01-05,BUENOS AIRES,CHILLAR,210
2026-01-05,BUENOS AIRES,CHIVILCOY,30
2026-01-05,BUENOS AIRES,COPETONAS,450
2026-01-05,BUENOS AIRES,CORONEL DORREGO,3090
2026-01-05,BUENOS AIRES,CORONEL PRINGLES,660
2026-01-05,BUENOS AIRES,CORONEL SUAREZ,592
2026-01-05,BUENOS AIRES,DARREGUEIRA,2000
2026-01-05,BUENOS AIRES,EMPORIO STROEDER,14
2026-01-05,BUENOS AIRES,ESPARTILLAR (PDO. SAAVEDRA),25
2026-01-05,BUENOS AIRES,FORTIN CHACO,950
2026-01-05,BUENOS AIRES,GARRE,30
2026-01-05,BUENOS AIRES,GENERAL VILLEGAS,10
2026-01-05,BUENOS AIRES,GONZALES CHAVES,45
2026-01-05,BUENOS AIRES,GOYENA,360
2026-01-05,BUENOS AIRES,JUAN N. FERNANDEZ,180
2026-01-05,BUENOS AIRES,LA DULCE,950
2026-01-05,BUENOS AIRES,LAPRIDA,2000
2026-01-05,BUENOS AIRES,LIBANO,380
2026-01-05,BUENOS AIRES,LOBERIA,1048
2026-01-05,BUENOS AIRES,LOPEZ,22
2026-01-05,BUENOS AIRES,LUMB,120
2026-01-05,BUENOS AIRES,MAR DEL PLATA,90
2026-01-05,BUENOS AIRES,NECOCHEA,928
2026-01-05,BUENOS AIRES,QUEQUEN,1710
2026-01-05,BUENOS AIRES,TANDIL,2620
2026-01-05,BUENOS AIRES,TRES ARROYOS,6057
2026-01-05,BUENOS AIRES,TRES LOMAS,500
2026-01-05,CÓRDOBA,OLIVA,60
2026-01-05,CÓRDOBA,VICUÑA MACKENNA,30
2026-01-05,LA PAMPA,CAMPO LUDUEÑA,330
2026-01-05,LA PAMPA,GENERAL SAN MARTIN,360
2026-01-05,LA PAMPA,METILEO,250
2026-01-05,SANTA FE,CHAPUY,330
2026-01-05,SANTA FE,SAN LORENZO,120
2026-01-05,SANTA FE,SANTA FE,180
2026-01-06,BUENOS AIRES,ADOLFO GONZALES CHAVEZ,35
2026-01-06,BUENOS AIRES,ANDANT,42
2026-01-06,BUENOS AIRES,AZUL,300
2026-01-06,BUENOS AIRES,BAHIA BLANCA,692
2026-01-06,BUENOS AIRES,BAJO HONDO,461
2026-01-06,BUENOS AIRES,BALCARCE,1112
2026-01-06,BUENOS AIRES,BARRIO VILLA GAUCHO,3000
2026-01-06,BUENOS AIRES,BENITO JUAREZ,210
2026-01-06,BUENOS AIRES,CABILDO,180
2026-01-06,BUENOS AIRES,CARHUE,1000
2026-01-06,BUENOS AIRES,CASBAS,77
2026-01-06,BUENOS AIRES,CHACABUCO,400
2026-01-06,BUENOS AIRES,CHILLAR,580
2026-01-06,BUENOS AIRES,CORONEL DORREGO,60
2026-01-06,BUENOS AIRES,CORONEL PRINGLES,8470
2026-01-06,BUENOS AIRES,CORONEL SUAREZ,294
2026-01-06,BUENOS AIRES,CRISTIANO MUERTO,1000
2026-01-06,BUENOS AIRES,DAIREAUX,180
2026-01-06,BUENOS AIRES,EL LENGUARAZ,630
2026-01-06,BUENOS AIRES,ESPARTILLAR (PDO. SAAVEDRA),1000
2026-01-06,BUENOS AIRES,FORTIN CHACO,100
2026-01-06,BUENOS AIRES,GENERAL O BRIEN,35
2026-01-06,BUENOS AIRES,GENERAL PIRAN,300
2026-01-06,BUENOS AIRES,HENDERSON,90
2026-01-06,BUENOS AIRES,JUAN N. FERNANDEZ,25
2026-01-06,BUENOS AIRES,LA DULCE,750
2026-01-06,BUENOS AIRES,LIBANO,72
2026-01-06,BUENOS AIRES,LOBERIA,239
2026-01-06,BUENOS AIRES,MEDANOS,236
2026-01-06,BUENOS AIRES,NECOCHEA,120
2026-01-06,BUENOS AIRES,OLAVARRIA,458
2026-01-06,BUENOS AIRES,PEHUAJO,1871
2026-01-06,BUENOS AIRES,PIGUE,650
2026-01-06,BUENOS AIRES,QUEQUEN,1300
2026-01-06,BUENOS AIRES,RAUCH,120
2026-01-06,BUENOS AIRES,SAN CAYETANO,120
2026-01-06,BUENOS AIRES,TANDIL,1940
2026-01-06,BUENOS AIRES,TORNQUIST,180
2026-01-06,BUENOS AIRES,TRENQUE LAUQUEN,120
2026-01-06,BUENOS AIRES,TRES ARROYOS,3000
2026-01-06,BUENOS AIRES,VILLA IRIS,420
2026-01-06,CÓRDOBA,PILAR,270
2026-01-06,LA PAMPA,CATRILO,2600
2026-01-06,LA PAMPA,MACACHIN,800
2026-01-06,SANTA FE,CHAPUY,60
2026-01-06,SANTA FE,ROSARIO,290
2026-01-06,SANTA FE,SANTA FE,1330
2026-01-07,BUENOS AIRES,17  DE AGOSTO,430
2026-01-07,BUENOS AIRES,30 DE AGOSTO,400
2026-01-07,BUENOS AIRES,AZUL,17
2026-01-07,BUENOS AIRES,BAHIA BLANCA,2405
2026-01-07,BUENOS AIRES,BALCARCE,60
2026-01-07,BUENOS AIRES,BARKER,30
2026-01-07,BUENOS AIRES,BARRIO OESTE,9
2026-01-07,BUENOS AIRES,BARRIO VILLA GAUCHO,3200
2026-01-07,BUENOS AIRES,BELLOCQ,1000
2026-01-07,BUENOS AIRES,BRAGADO,300
2026-01-07,BUENOS AIRES,CABILDO,330
2026-01-07,BUENOS AIRES,CAMINERA NAPALEOFU,90
2026-01-07,BUENOS AIRES,CARHUE,720
2026-01-07,BUENOS AIRES,CASCADA,500
2026-01-07,BUENOS AIRES,CAÑADA MARIANO (EMBA,690
2026-01-07,BUENOS AIRES,CHILLAR,240
2026-01-07,BUENOS AIRES,CHIVILCOY,30
2026-01-07,BUENOS AIRES,COPETONAS,120
2026-01-07,BUENOS AIRES,CORONEL DORREGO,3233
2026-01-07,BUENOS AIRES,CORONEL PRINGLES,1870
2026-01-07,BUENOS AIRES,CORONEL SUAREZ,1406
2026-01-07,BUENOS AIRES,EL LENGUARAZ,740
2026-01-07,BUENOS AIRES,ESPARTILLAR (GRAL. P,214
2026-01-07,BUENOS AIRES,ESPARTILLAR (PDO. SAAVEDRA),1240
2026-01-07,BUENOS AIRES,FORTIN CHACO,935
2026-01-07,BUENOS AIRES,GONZALES CHAVES,4500
2026-01-07,BUENOS AIRES,GOYENA,240
2026-01-07,BUENOS AIRES,HUANGUELEN,120
2026-01-07,BUENOS AIRES,LA DULCE,350
2026-01-07,BUENOS AIRES,LOBERIA,1820
2026-01-07,BUENOS AIRES,NECOCHEA,9395
2026-01-07,BUENOS AIRES,OLAVARRIA,71
2026-01-07,BUENOS AIRES,PEHUAJO,30
2026-01-07,BUENOS AIRES,PIGUE,90
2026-01-07,BUENOS AIRES,PUAN,700
2026-01-07,BUENOS AIRES,QUEQUEN,560
2026-01-07,BUENOS AIRES,RECALDE,28
2026-01-07,BUENOS AIRES,SAAVEDRA,9
2026-01-07,BUENOS AIRES,SAN MANUEL,398
2026-01-07,BUENOS AIRES,SAN MIGUEL ARCANGEL,2500
2026-01-07,BUENOS AIRES,TANDIL,2781
2026-01-07,BUENOS AIRES,TORNQUIST,540
2026-01-07,BUENOS AIRES,TRES ARROYOS,4148
2026-01-07,BUENOS AIRES,VILLA LONGA,270
2026-01-07,LA PAMPA,SANTA ROSA,60
2026-01-07,SANTA FE,CHAPUY,455
2026-01-07,SANTA FE,SANTA FE,210
2026-01-08,BUENOS AIRES,ADOLFO GONZALES CHAVEZ,180
2026-01-08,BUENOS AIRES,AMEGHINO,67
2026-01-08,BUENOS AIRES,AYACUCHO,430
2026-01-08,BUENOS AIRES,BAHIA BLANCA,1304
2026-01-08,BUENOS AIRES,BALCARCE,1090
2026-01-08,BUENOS AIRES,BORDENAVE,850
2026-01-08,BUENOS AIRES,BRAGADO,330
2026-01-08,BUENOS AIRES,CABILDO,90
2026-01-08,BUENOS AIRES,CARHUE,2500
2026-01-08,BUENOS AIRES,CHILLAR,120
2026-01-08,BUENOS AIRES,COLONIA HINOJO,100
2026-01-08,BUENOS AIRES,COPETONAS,300
2026-01-08,BUENOS AIRES,CORONEL DORREGO,9816
2026-01-08,BUENOS AIRES,CORONEL PRINGLES,4070
2026-01-08,BUENOS AIRES,CORONEL SUAREZ,450
2026-01-08,BUENOS AIRES,DARREGUEIRA,200
2026-01-08,BUENOS AIRES,ESPARTILLAR (PDO. SAAVEDRA),3300
2026-01-08,BUENOS AIRES,FELIPE SOLA,60
2026-01-08,BUENOS AIRES,FORTIN CHACO,310
2026-01-08,BUENOS AIRES,GENERAL O BRIEN,35
2026-01-08,BUENOS AIRES,GONZALES CHAVES,2028
2026-01-08,BUENOS AIRES,JUAN COUSTE,300
2026-01-08,BUENOS AIRES,JUAN N. FERNANDEZ,120
2026-01-08,BUENOS AIRES,LA DULCE,400
2026-01-08,BUENOS AIRES,LARTIGAU,480
2026-01-08,BUENOS AIRES,LOBERIA,1202
2026-01-08,BUENOS AIRES,NECOCHEA,6775
2026-01-08,BUENOS AIRES,OLAVARRIA,180
2026-01-08,BUENOS AIRES,ORIENTE,3095
2026-01-08,BUENOS AIRES,PIGUE,3000
2026-01-08,BUENOS AIRES,PUAN,420
2026-01-08,BUENOS AIRES,QUEQUEN,500
2026-01-08,BUENOS AIRES,SAN MANUEL,2000
2026-01-08,BUENOS AIRES,SANTA ELEODORA,120
2026-01-08,BUENOS AIRES,TANDIL,3483
2026-01-08,BUENOS AIRES,TRES ARROYOS,3585
2026-01-08,ENTRE RÍOS,VICTORIA,108
2026-01-08,LA PAMPA,CATRILO,3000
2026-01-08,LA PAMPA,GENERAL PICO,34
2026-01-08,SANTA FE,SANTA FE,90
2026-01-09,BUENOS AIRES,17  DE AGOSTO,50
2026-01-09,BUENOS AIRES,ARRECIFES,148
2026-01-09,BUENOS AIRES,AZUL,608
2026-01-09,BUENOS AIRES,BAHIA BLANCA,1660
2026-01-09,BUENOS AIRES,BALCARCE,1000
2026-01-09,BUENOS AIRES,BARRIO ALFAR,81
2026-01-09,BUENOS AIRES,BORDENAVE,320
2026-01-09,BUENOS AIRES,BRAGADO,30
2026-01-09,BUENOS AIRES,CABILDO,210
2026-01-09,BUENOS AIRES,CARHUE,600
2026-01-09,BUENOS AIRES,CARMEN DE ARECO,140
2026-01-09,BUENOS AIRES,CAÑADA MARIANO (EMBA,420
2026-01-09,BUENOS AIRES,CHILLAR,25
2026-01-09,BUENOS AIRES,CORONEL DORREGO,540
2026-01-09,BUENOS AIRES,CORONEL PRINGLES,1150
2026-01-09,BUENOS AIRES,CORONEL SUAREZ,408
2026-01-09,BUENOS AIRES,DARREGUEIRA,2004
2026-01-09,BUENOS AIRES,ESPARTILLAR (GRAL. P,90
2026-01-09,BUENOS AIRES,ESPARTILLAR (PDO. SAAVEDRA),1000
2026-01-09,BUENOS AIRES,GOYENA,120
2026-01-09,BUENOS AIRES,INDIO RICO,600
2026-01-09,BUENOS AIRES,LA DULCE,900
2026-01-09,BUENOS AIRES,LOBERIA,920
2026-01-09,BUENOS AIRES,NECOCHEA,3330
2026-01-09,BUENOS AIRES,ORENSE,330
2026-01-09,BUENOS AIRES,SALADILLO,300
2026-01-09,BUENOS AIRES,SAN MIGUEL ARCANGEL,1500
2026-01-09,BUENOS AIRES,SANTA ELEODORA,150
2026-01-09,BUENOS AIRES,TANDIL,2260
2026-01-09,BUENOS AIRES,TORNQUIST,210
2026-01-09,BUENOS AIRES,TRENQUE LAUQUEN,10
2026-01-09,BUENOS AIRES,TRES ARROYOS,4120
2026-01-09,BUENOS AIRES,VICENTE LOPEZ,480
2026-01-09,BUENOS AIRES,VILLA IRIS,700
2026-01-09,CÓRDOBA,CORONEL MOLDES,60
2026-01-09,LA PAMPA,CEREALES,232
2026-01-09,LA PAMPA,GUATRACHE,240
2026-01-09,LA PAMPA,SANTA ROSA,355
2026-01-09,SANTA FE,CHAPUY,800
2026-01-09,SANTA FE,LUIS PALACIOS,300
2026-01-12,BUENOS AIRES,ABRA DE HINOJO,1500
2026-01-12,BUENOS AIRES,ADOLFO GONZALES CHAVEZ,240
2026-01-12,BUENOS AIRES,AYACUCHO,60
2026-01-12,BUENOS AIRES,AZUL,425
2026-01-12,BUENOS AIRES,BAHIA BLANCA,1730
2026-01-12,BUENOS AIRES,BARRIO VILLA GAUCHO,150
2026-01-12,BUENOS AIRES,BRAGADO,203
2026-01-12,BUENOS AIRES,CARHUE,60
2026-01-12,BUENOS AIRES,CARMEN DE ARECO,70
2026-01-12,BUENOS AIRES,CASCADA,16
2026-01-12,BUENOS AIRES,CHILLAR,150
2026-01-12,BUENOS AIRES,CHIVILCOY,510
2026-01-12,BUENOS AIRES,CORONEL DORREGO,600
2026-01-12,BUENOS AIRES,CORONEL PRINGLES,880
2026-01-12,BUENOS AIRES,CORONEL SUAREZ,70
2026-01-12,BUENOS AIRES,DARREGUEIRA,200
2026-01-12,BUENOS AIRES,DE LA GARMA,230
2026-01-12,BUENOS AIRES,FELIPE SOLA,30
2026-01-12,BUENOS AIRES,GOYENA,90
2026-01-12,BUENOS AIRES,JUAN N. FERNANDEZ,229
2026-01-12,BUENOS AIRES,LA DULCE,650
2026-01-12,BUENOS AIRES,LIBANO,180
2026-01-12,BUENOS AIRES,LOBERIA,3430
2026-01-12,BUENOS AIRES,MEDANOS,150
2026-01-12,BUENOS AIRES,NECOCHEA,874
2026-01-12,BUENOS AIRES,OLAVARRIA,209
2026-01-12,BUENOS AIRES,ORIENTE,187
2026-01-12,BUENOS AIRES,SAN CAYETANO,120
2026-01-12,BUENOS AIRES,SANTA ELEODORA,150
2026-01-12,BUENOS AIRES,TANDIL,3520
2026-01-12,BUENOS AIRES,TORNQUIST,120
2026-01-12,BUENOS AIRES,TRENQUE LAUQUEN,6
2026-01-12,BUENOS AIRES,TRES ARROYOS,5890
2026-01-12,BUENOS AIRES,VICENTE LOPEZ,425
2026-01-12,CÓRDOBA,LA CARLOTA,35
2026-01-12,ENTRE RÍOS,MONTOYA (NOGOYA-DPTO,32
2026-01-12,LA PAMPA,CATRILO,350
2026-01-12,LA PAMPA,GUATRACHE,90
2026-01-12,SANTA FE,CHOVET,133
2026-01-12,SANTA FE,SANTA FE,2210
2026-01-13,BUENOS AIRES,ADOLFO GONZALES CHAVEZ,30
2026-01-13,BUENOS AIRES,AZUL,116
2026-01-13,BUENOS AIRES,BAHIA BLANCA,3600
2026-01-13,BUENOS AIRES,BARRIO BANCO PROVINC,120
2026-01-13,BUENOS AIRES,BARRIO VILLA GAUCHO,2000
2026-01-13,BUENOS AIRES,BENITO JUAREZ,1560
2026-01-13,BUENOS AIRES,BERUTTI,330
2026-01-13,BUENOS AIRES,BOLIVAR,300
2026-01-13,BUENOS AIRES,BORDENAVE,78
2026-01-13,BUENOS AIRES,BRAGADO,64
2026-01-13,BUENOS AIRES,CABILDO,420
2026-01-13,BUENOS AIRES,CARHUE,1620
2026-01-13,BUENOS AIRES,CARLOS CASARES,2660
2026-01-13,BUENOS AIRES,CAÑADA MARIANO (EMBA,780
2026-01-13,BUENOS AIRES,CHILLAR,270
2026-01-13,BUENOS AIRES,CORONEL DORREGO,1720
2026-01-13,BUENOS AIRES,CORONEL PRINGLES,795
2026-01-13,BUENOS AIRES,CORONEL SUAREZ,310
2026-01-13,BUENOS AIRES,DAIREAUX,600
2026-01-13,BUENOS AIRES,DARREGUEIRA,4531
2026-01-13,BUENOS AIRES,DE LA GARMA,30
2026-01-13,BUENOS AIRES,ESPARTILLAR (PDO. SAAVEDRA),1286
2026-01-13,BUENOS AIRES,GARDEY,390
2026-01-13,BUENOS AIRES,GONZALES CHAVES,4000
2026-01-13,BUENOS AIRES,HENDERSON,120
2026-01-13,BUENOS AIRES,JUNIN,60
2026-01-13,BUENOS AIRES,LA DULCE,990
2026-01-13,BUENOS AIRES,LARTIGAU,1340
2026-01-13,BUENOS AIRES,LIBANO,90
2026-01-13,BUENOS AIRES,LOBERIA,3150
2026-01-13,BUENOS AIRES,MEDANOS,87
2026-01-13,BUENOS AIRES,MICAELA CASCALLARES,3000
2026-01-13,BUENOS AIRES,NECOCHEA,1581
2026-01-13,BUENOS AIRES,ORIENTE,300
2026-01-13,BUENOS AIRES,PIGUE,2030
2026-01-13,BUENOS AIRES,PUAN,1050
2026-01-13,BUENOS AIRES,QUEQUEN,2890
2026-01-13,BUENOS AIRES,RAUCH,100
2026-01-13,BUENOS AIRES,SAN CAYETANO,760
2026-01-13,BUENOS AIRES,SAN MIGUEL ARCANGEL,2066
2026-01-13,BUENOS AIRES,SANTA ELEODORA,450
2026-01-13,BUENOS AIRES,TANDIL,5030
2026-01-13,BUENOS AIRES,TORNQUIST,300
2026-01-13,BUENOS AIRES,TRENQUE LAUQUEN,60
2026-01-13,BUENOS AIRES,TRES ARROYOS,4190
2026-01-13,BUENOS AIRES,TRES LOMAS,100
2026-01-13,BUENOS AIRES,VICENTE LOPEZ,116
2026-01-13,CÓRDOBA,LA CARLOTA,35
2026-01-13,SANTA FE,CHAPUY,330
2026-01-13,SANTA FE,ROSARIO,270
2026-01-13,SANTA FE,RUFINO,150
2026-01-13,SANTA FE,SAN LORENZO,5934
2026-01-13,SANTA FE,SANTA FE,1685
2026-01-14,BUENOS AIRES,17  DE AGOSTO,100
2026-01-14,BUENOS AIRES,APARICIO,360
2026-01-14,BUENOS AIRES,ARBOLEDAS,2
2026-01-14,BUENOS AIRES,AZUL,328
2026-01-14,BUENOS AIRES,BAHIA BLANCA,81
2026-01-14,BUENOS AIRES,BALCARCE,58
2026-01-14,BUENOS AIRES,BARRIO ALFAR,30
2026-01-14,BUENOS AIRES,BORDENAVE,690
2026-01-14,BUENOS AIRES,BRAGADO,308
2026-01-14,BUENOS AIRES,CABILDO,90
2026-01-14,BUENOS AIRES,CARLOS CASARES,210
2026-01-14,BUENOS AIRES,CHILLAR,280
2026-01-14,BUENOS AIRES,CHIVILCOY,1200
2026-01-14,BUENOS AIRES,COPETONAS,360
2026-01-14,BUENOS AIRES,CORONEL DORREGO,563
2026-01-14,BUENOS AIRES,CORONEL PRINGLES,5190
2026-01-14,BUENOS AIRES,CORONEL SUAREZ,870
2026-01-14,BUENOS AIRES,DARREGUEIRA,570
2026-01-14,BUENOS AIRES,EL LENGUARAZ,150
2026-01-14,BUENOS AIRES,ESPARTILLAR (PDO. SAAVEDRA),135
2026-01-14,BUENOS AIRES,GONZALES CHAVES,200
2026-01-14,BUENOS AIRES,GOYENA,60
2026-01-14,BUENOS AIRES,HUANGUELEN,150
2026-01-14,BUENOS AIRES,JUAN N. FERNANDEZ,60
2026-01-14,BUENOS AIRES,LA DULCE,250
2026-01-14,BUENOS AIRES,LA VIOLETA,80
2026-01-14,BUENOS AIRES,LIBANO,60
2026-01-14,BUENOS AIRES,LOBERIA,4100
2026-01-14,BUENOS AIRES,MARI LAUQUEN,900
2026-01-14,BUENOS AIRES,ORIENTE,65
2026-01-14,BUENOS AIRES,PEHUAJO,120
2026-01-14,BUENOS AIRES,PEHUEN CO,5
2026-01-14,BUENOS AIRES,PIGUE,500
2026-01-14,BUENOS AIRES,QUEQUEN,180
2026-01-14,BUENOS AIRES,RAUCH,180
2026-01-14,BUENOS AIRES,SALLIQUELO,37
2026-01-14,BUENOS AIRES,SALTO,56
2026-01-14,BUENOS AIRES,SAN CAYETANO,60
2026-01-14,BUENOS AIRES,SAN MANUEL,1000
2026-01-14,BUENOS AIRES,SANTA ELEODORA,150
2026-01-14,BUENOS AIRES,TORNQUIST,210
2026-01-14,BUENOS AIRES,TRES ARROYOS,1743
2026-01-14,BUENOS AIRES,TRES LOMAS,30
2026-01-14,CÓRDOBA,NICOLAS BRUZONE,30
2026-01-14,LA PAMPA,JACINTO ARAUZ,330
2026-01-14,SANTA FE,CHAPUY,120
2026-01-14,SANTA FE,SAN LORENZO,5807
2026-01-14,SANTA FE,SANTA FE,270
2026-01-15,BUENOS AIRES,AYACUCHO,28
2026-01-15,BUENOS AIRES,BAHIA BLANCA,1580
2026-01-15,BUENOS AIRES,BARRIO ALFAR,26
2026-01-15,BUENOS AIRES,CABEZA DE BUEY,30
2026-01-15,BUENOS AIRES,CABILDO,60
2026-01-15,BUENOS AIRES,CARHUE,4270
2026-01-15,BUENOS AIRES,CARMEN DE ARECO,20
2026-01-15,BUENOS AIRES,CAÑADA MARIANO (EMBA,1110
2026-01-15,BUENOS AIRES,CHILLAR,120
2026-01-15,BUENOS AIRES,CHIVILCOY,240
2026-01-15,BUENOS AIRES,CLAUDIO C. MOLINA,600
2026-01-15,BUENOS AIRES,CORONEL DORREGO,850
2026-01-15,BUENOS AIRES,CORONEL PRINGLES,1090
2026-01-15,BUENOS AIRES,CORONEL SUAREZ,510
2026-01-15,BUENOS AIRES,DAIREAUX,90
2026-01-15,BUENOS AIRES,DE LA GARMA,28
2026-01-15,BUENOS AIRES,EMPORIO STROEDER,180
2026-01-15,BUENOS AIRES,ESPARTILLAR (PDO. SAAVEDRA),2100
2026-01-15,BUENOS AIRES,GONZALES CHAVES,6600
2026-01-15,BUENOS AIRES,HUANGUELEN,360
2026-01-15,BUENOS AIRES,JUAN N. FERNANDEZ,28
2026-01-15,BUENOS AIRES,LA DULCE,180
2026-01-15,BUENOS AIRES,LARTIGAU,300
2026-01-15,BUENOS AIRES,LOBERIA,1030
2026-01-15,BUENOS AIRES,NECOCHEA,4097
2026-01-15,BUENOS AIRES,OLAVARRIA,30
2026-01-15,BUENOS AIRES,PUAN,800
2026-01-15,BUENOS AIRES,QUEQUEN,600
2026-01-15,BUENOS AIRES,RAUCH,30
2026-01-15,BUENOS AIRES,RIVERA,30
2026-01-15,BUENOS AIRES,SALDUNGARAY,60
2026-01-15,BUENOS AIRES,SAN MANUEL,800
2026-01-15,BUENOS AIRES,TANDIL,2979
2026-01-15,BUENOS AIRES,TRENQUE LAUQUEN,13
2026-01-15,BUENOS AIRES,TRES ARROYOS,5571
2026-01-15,BUENOS AIRES,VILLA IRIS,530
2026-01-15,CÓRDOBA,NOETINGER,30
2026-01-15,LA PAMPA,EMBAJADOR MARTINI,120
2026-01-15,SANTA FE,CHAPUY,750
2026-01-16,BUENOS AIRES,30 DE AGOSTO,300
2026-01-16,BUENOS AIRES,AYACUCHO,28
2026-01-16,BUENOS AIRES,BAHIA BLANCA,1000
2026-01-16,BUENOS AIRES,BALCARCE,1895
2026-01-16,BUENOS AIRES,BARRIO ESTACION QUEQ,200
2026-01-16,BUENOS AIRES,BARRIO VILLA GAUCHO,1000
2026-01-16,BUENOS AIRES,BRAGADO,1500
2026-01-16,BUENOS AIRES,CARLOS CASARES,9
2026-01-16,BUENOS AIRES,CHILLAR,120
2026-01-16,BUENOS AIRES,CLAUDIO C. MOLINA,150
2026-01-16,BUENOS AIRES,CORONEL PRINGLES,156
2026-01-16,BUENOS AIRES,CORONEL SUAREZ,250
2026-01-16,BUENOS AIRES,GARRE,60
2026-01-16,BUENOS AIRES,GONZALES CHAVES,120
2026-01-16,BUENOS AIRES,LA DULCE,1000
2026-01-16,BUENOS AIRES,LAPRIDA,30
2026-01-16,BUENOS AIRES,LINCOLN,60
2026-01-16,BUENOS AIRES,LOBERIA,2360
2026-01-16,BUENOS AIRES,MEDANOS,90
2026-01-16,BUENOS AIRES,NECOCHEA,1224
2026-01-16,BUENOS AIRES,OLAVARRIA,467
2026-01-16,BUENOS AIRES,QUEQUEN,305
2026-01-16,BUENOS AIRES,SALDUNGARAY,30
2026-01-16,BUENOS AIRES,SAN CAYETANO,120
2026-01-16,BUENOS AIRES,SAN MANUEL,150
2026-01-16,BUENOS AIRES,TANDIL,1028
2026-01-16,BUENOS AIRES,TRES ARROYOS,2688
2026-01-16,SANTA FE,CHAPUY,390
2026-01-16,SANTA FE,ROSARIO,200
2026-01-17,BUENOS AIRES,ADOLFO GONZALES CHAVEZ,210
2026-01-17,BUENOS AIRES,LOBERIA,21
2026-01-19,BUENOS AIRES,BRAGADO,1570
2026-01-19,BUENOS AIRES,CABILDO,60
2026-01-19,BUENOS AIRES,CARLOS CASARES,1000
2026-01-19,BUENOS AIRES,CORONEL DORREGO,1737
2026-01-19,BUENOS AIRES,CORONEL PRINGLES,180
2026-01-19,BUENOS AIRES,CORONEL SUAREZ,30
2026-01-19,BUENOS AIRES,EL LENGUARAZ,150
2026-01-19,BUENOS AIRES,ESTOMBA,120
2026-01-19,BUENOS AIRES,GONZALES CHAVES,55
2026-01-19,BUENOS AIRES,GUAMINI,250
2026-01-19,BUENOS AIRES,HUANGUELEN,180
2026-01-19,BUENOS AIRES,JUAN N. FERNANDEZ,150
2026-01-19,BUENOS AIRES,LA DULCE,447
2026-01-19,BUENOS AIRES,LOBERIA,1150
2026-01-19,BUENOS AIRES,NECOCHEA,590
2026-01-19,BUENOS AIRES,ORIENTE,30
2026-01-19,BUENOS AIRES,QUEQUEN,660
2026-01-19,BUENOS AIRES,SAAVEDRA,120
2026-01-19,BUENOS AIRES,SAN CAYETANO,120
2026-01-19,BUENOS AIRES,TANDIL,1510
2026-01-19,BUENOS AIRES,TAPALQUE,5
2026-01-19,BUENOS AIRES,TRES ARROYOS,1629
2026-01-19,CÓRDOBA,COLONIA SANTA ANA,120
2026-01-19,CÓRDOBA,JUSTINIANO POSSE,60
2026-01-19,SANTA FE,CHAPUY,150
2026-01-19,SANTA FE,SAN LORENZO,210
2026-01-19,SANTIAGO DEL ESTERO,QUIMILI,500
2026-01-20,BUENOS AIRES,30 DE AGOSTO,300
2026-01-20,BUENOS AIRES,ABRA DE HINOJO,2500
2026-01-20,BUENOS AIRES,ADOLFO GONZALES CHAVEZ,150
2026-01-20,BUENOS AIRES,ARROYO VENADO,15
2026-01-20,BUENOS AIRES,AZUL,151
2026-01-20,BUENOS AIRES,BAHIA BLANCA,11220
2026-01-20,BUENOS AIRES,BALCARCE,700
2026-01-20,BUENOS AIRES,BARRIO BANCO PROVINC,90
2026-01-20,BUENOS AIRES,BARRIO LELOIR DE QUI,60
2026-01-20,BUENOS AIRES,BARRIO VILLA GAUCHO,1000
2026-01-20,BUENOS AIRES,BENITO JUAREZ,150
2026-01-20,BUENOS AIRES,BORDENAVE,2660
2026-01-20,BUENOS AIRES,BRAGADO,150
2026-01-20,BUENOS AIRES,CARHUE,320
2026-01-20,BUENOS AIRES,CAÑADA MARIANO (EMBA,2640
2026-01-20,BUENOS AIRES,CHILLAR,190
2026-01-20,BUENOS AIRES,CLAUDIO C. MOLINA,10
2026-01-20,BUENOS AIRES,CORONEL DORREGO,30
2026-01-20,BUENOS AIRES,CORONEL PRINGLES,60
2026-01-20,BUENOS AIRES,CORONEL SUAREZ,240
2026-01-20,BUENOS AIRES,DARREGUEIRA,700
2026-01-20,BUENOS AIRES,DEFERRARI,240
2026-01-20,BUENOS AIRES,ESPARTILLAR (PDO. SAAVEDRA),1000
2026-01-20,BUENOS AIRES,GENERAL VILLEGAS,30
2026-01-20,BUENOS AIRES,GONZALES CHAVES,850
2026-01-20,BUENOS AIRES,HUANGUELEN,46
2026-01-20,BUENOS AIRES,LA DULCE,750
2026-01-20,BUENOS AIRES,LARTIGAU,700
2026-01-20,BUENOS AIRES,LOBERIA,1150
2026-01-20,BUENOS AIRES,MEDANOS,65
2026-01-20,BUENOS AIRES,NECOCHEA,2070
2026-01-20,BUENOS AIRES,OLAVARRIA,41
2026-01-20,BUENOS AIRES,ORIENTE,1000
2026-01-20,BUENOS AIRES,PIGUE,6010
2026-01-20,BUENOS AIRES,QUEQUEN,130
2026-01-20,BUENOS AIRES,TANDIL,1003
2026-01-20,BUENOS AIRES,TORNQUIST,191
2026-01-20,BUENOS AIRES,TRES ARROYOS,2500
2026-01-20,SANTA FE,CASILDA,630
2026-01-20,SANTA FE,CHAPUY,570
2026-01-21,BUENOS AIRES,ADOLFO GONZALES CHAVEZ,30
2026-01-21,BUENOS AIRES,ARGERICH,60
2026-01-21,BUENOS AIRES,BAHIA BLANCA,1990
2026-01-21,BUENOS AIRES,BALCARCE,500
2026-01-21,BUENOS AIRES,BARRIO VILLA GAUCHO,3000
2026-01-21,BUENOS AIRES,BORDENAVE,400
2026-01-21,BUENOS AIRES,BRAGADO,30
2026-01-21,BUENOS AIRES,CARLOS CASARES,3100
2026-01-21,BUENOS AIRES,CAÑADA MARIANO (EMBA,1500
2026-01-21,BUENOS AIRES,CLAROMECO,8
2026-01-21,BUENOS AIRES,CLAUDIO C. MOLINA,30
2026-01-21,BUENOS AIRES,CORONEL DORREGO,7120
2026-01-21,BUENOS AIRES,CORONEL PRINGLES,180
2026-01-21,BUENOS AIRES,CORONEL SUAREZ,53
2026-01-21,BUENOS AIRES,DARREGUEIRA,2400
2026-01-21,BUENOS AIRES,EMPORIO STROEDER,120
2026-01-21,BUENOS AIRES,ESPARTILLAR (GRAL. P,90
2026-01-21,BUENOS AIRES,GOYENA,90
2026-01-21,BUENOS AIRES,JUAN N. FERNANDEZ,296
2026-01-21,BUENOS AIRES,LA DULCE,300
2026-01-21,BUENOS AIRES,LAPRIDA,390
2026-01-21,BUENOS AIRES,LOBERIA,1030
2026-01-21,BUENOS AIRES,NECOCHEA,298
2026-01-21,BUENOS AIRES,OLAVARRIA,4
2026-01-21,BUENOS AIRES,PIGUE,1000
2026-01-21,BUENOS AIRES,SAN MIGUEL ARCANGEL,1000
2026-01-21,BUENOS AIRES,TANDIL,5107
2026-01-21,BUENOS AIRES,TRES ARROYOS,5450
2026-01-21,LA PAMPA,CATRILO,5000
2026-01-21,SANTA FE,CHAPUY,161
2026-01-21,SANTA FE,ROSARIO,135
2026-01-21,SANTA FE,SAN LORENZO,10000
2026-01-22,BUENOS AIRES,BAHIA BLANCA,3700
2026-01-22,BUENOS AIRES,BARRIO VILLA GAUCHO,1000
2026-01-22,BUENOS AIRES,BORDENAVE,1500
2026-01-22,BUENOS AIRES,BRAGADO,240
2026-01-22,BUENOS AIRES,CARHUE,90
2026-01-22,BUENOS AIRES,CARLOS CASARES,5500
2026-01-22,BUENOS AIRES,CAÑADA MARIANO (EMBA,500
2026-01-22,BUENOS AIRES,CHIVILCOY,37
2026-01-22,BUENOS AIRES,COLONIA HINOJO,180
2026-01-22,BUENOS AIRES,CORONEL PRINGLES,335
2026-01-22,BUENOS AIRES,CORONEL SUAREZ,600
2026-01-22,BUENOS AIRES,DAIREAUX,1
2026-01-22,BUENOS AIRES,DARREGUEIRA,4000
2026-01-22,BUENOS AIRES,ESTOMBA,10
2026-01-22,BUENOS AIRES,GONZALES CHAVES,8500
2026-01-22,BUENOS AIRES,HILARIO ASCASUBI,200
2026-01-22,BUENOS AIRES,JUAN N. FERNANDEZ,90
2026-01-22,BUENOS AIRES,LA DULCE,100
2026-01-22,BUENOS AIRES,LOBERIA,500
2026-01-22,BUENOS AIRES,MEDANOS,60
2026-01-22,BUENOS AIRES,NECOCHEA,2057
2026-01-22,BUENOS AIRES,OLAVARRIA,500
2026-01-22,BUENOS AIRES,PIGUE,600
2026-01-22,BUENOS AIRES,PUAN,705
2026-01-22,BUENOS AIRES,RAUCH,22
2026-01-22,BUENOS AIRES,SALDUNGARAY,3
2026-01-22,BUENOS AIRES,TANDIL,1880
2026-01-22,BUENOS AIRES,TRES ARROYOS,6160
2026-01-22,SANTA FE,CHAPUY,120
2026-01-22,SANTA FE,LUIS PALACIOS,30
2026-01-22,SANTA FE,SANTA FE,1500
2026-01-22,SANTA FE,VILLA CAÑAS,60
2026-01-23,BUENOS AIRES,ADOLFO GONZALES CHAVEZ,180
2026-01-23,BUENOS AIRES,AZUL,147
2026-01-23,BUENOS AIRES,BOLIVAR,21
2026-01-23,BUENOS AIRES,BRAGADO,626
2026-01-23,BUENOS AIRES,CABILDO,270
2026-01-23,BUENOS AIRES,CAÑADA MARIANO (EMBA,1710
2026-01-23,BUENOS AIRES,CHIVILCOY,30
2026-01-23,BUENOS AIRES,CORONEL DORREGO,120
2026-01-23,BUENOS AIRES,CORONEL PRINGLES,495
2026-01-23,BUENOS AIRES,DE LA GARMA,90
2026-01-23,BUENOS AIRES,ESPARTILLAR (PDO. SAAVEDRA),1450
2026-01-23,BUENOS AIRES,GONZALES CHAVES,157
2026-01-23,BUENOS AIRES,GOYENA,90
2026-01-23,BUENOS AIRES,HUANGUELEN,120
2026-01-23,BUENOS AIRES,JUAN N. FERNANDEZ,60
2026-01-23,BUENOS AIRES,LA DULCE,150
2026-01-23,BUENOS AIRES,LOBERIA,16
2026-01-23,BUENOS AIRES,NECOCHEA,1575
2026-01-23,BUENOS AIRES,PIGUE,60
2026-01-23,BUENOS AIRES,QUEQUEN,180
2026-01-23,BUENOS AIRES,SALTO,86
2026-01-23,BUENOS AIRES,SAN CAYETANO,30
2026-01-23,BUENOS AIRES,TRENQUE LAUQUEN,360
2026-01-23,BUENOS AIRES,TRES ARROYOS,4440
2026-01-23,LA PAMPA,CATRILO,4000
2026-01-23,SANTA FE,CHAPUY,507
2026-01-23,SANTA FE,SAN LORENZO,200
2026-01-23,SANTA FE,SANTA FE,620
2026-01-26,BUENOS AIRES,17  DE AGOSTO,300
2026-01-26,BUENOS AIRES,ADOLFO GONZALES CHAVEZ,200
2026-01-26,BUENOS AIRES,ALBERTI,293
2026-01-26,BUENOS AIRES,AZUL,300
2026-01-26,BUENOS AIRES,BALCARCE,570
2026-01-26,BUENOS AIRES,BENITO JUAREZ,300
2026-01-26,BUENOS AIRES,CARDENAL CAGLIERO,500
2026-01-26,BUENOS AIRES,CASBAS,150
2026-01-26,BUENOS AIRES,CAÑADA MARIANO (EMBA,1140
2026-01-26,BUENOS AIRES,CHACABUCO,129
2026-01-26,BUENOS AIRES,CHILLAR,105
2026-01-26,BUENOS AIRES,COPETONAS,120
2026-01-26,BUENOS AIRES,CORONEL DORREGO,910
2026-01-26,BUENOS AIRES,CORONEL PRINGLES,380
2026-01-26,BUENOS AIRES,CORONEL SUAREZ,150
2026-01-26,BUENOS AIRES,DAIREAUX,300
2026-01-26,BUENOS AIRES,GENERAL VILLEGAS,60
2026-01-26,BUENOS AIRES,GOYENA,90
2026-01-26,BUENOS AIRES,INGENIERO WHITE,120
2026-01-26,BUENOS AIRES,JUNIN,36
2026-01-26,BUENOS AIRES,LARTIGAU,500
2026-01-26,BUENOS AIRES,LIBANO,150
2026-01-26,BUENOS AIRES,LOBOS,90
2026-01-26,BUENOS AIRES,MEDANOS,30
2026-01-26,BUENOS AIRES,OLAVARRIA,690
2026-01-26,BUENOS AIRES,PIERES,300
2026-01-26,BUENOS AIRES,QUEQUEN,410
2026-01-26,BUENOS AIRES,SAN CAYETANO,8
2026-01-26,BUENOS AIRES,TANDIL,1207
2026-01-26,BUENOS AIRES,TRES ARROYOS,2050
2026-01-26,CÓRDOBA,IDIAZABAL,146
2026-01-26,SANTA FE,CHAPUY,60
2026-01-26,SANTA FE,ROSARIO,450
2026-01-26,SANTA FE,SANTA FE,1210
2026-01-27,BUENOS AIRES,17  DE AGOSTO,180
2026-01-27,BUENOS AIRES,AZUL,317
2026-01-27,BUENOS AIRES,BAHIA BLANCA,850
2026-01-27,BUENOS AIRES,BAJO HONDO,30
2026-01-27,BUENOS AIRES,BARRIO ESTACION QUEQ,30
2026-01-27,BUENOS AIRES,BRAGADO,60
2026-01-27,BUENOS AIRES,CABILDO,60
2026-01-27,BUENOS AIRES,CARHUE,360
2026-01-27,BUENOS AIRES,CASCADA,30
2026-01-27,BUENOS AIRES,CHILLAR,60
2026-01-27,BUENOS AIRES,CORONEL DORREGO,1910
2026-01-27,BUENOS AIRES,CORONEL PRINGLES,1245
2026-01-27,BUENOS AIRES,CORONEL SUAREZ,1170
2026-01-27,BUENOS AIRES,DAIREAUX,270
2026-01-27,BUENOS AIRES,DARREGUEIRA,1670
2026-01-27,BUENOS AIRES,EL LENGUARAZ,30
2026-01-27,BUENOS AIRES,GARDEY,30
2026-01-27,BUENOS AIRES,GONZALES CHAVES,3000
2026-01-27,BUENOS AIRES,HUANGUELEN,210
2026-01-27,BUENOS AIRES,JUAN N. FERNANDEZ,400
2026-01-27,BUENOS AIRES,LOBERIA,150
2026-01-27,BUENOS AIRES,LOBOS,30
2026-01-27,BUENOS AIRES,NECOCHEA,790
2026-01-27,BUENOS AIRES,OLAVARRIA,126
2026-01-27,BUENOS AIRES,ORIENTE,300
2026-01-27,BUENOS AIRES,QUEQUEN,630
2026-01-27,BUENOS AIRES,SALDUNGARAY,60
2026-01-27,BUENOS AIRES,SALLIQUELO,30
2026-01-27,BUENOS AIRES,SAN CAYETANO,180
2026-01-27,BUENOS AIRES,TANDIL,1375
2026-01-27,BUENOS AIRES,TRES ARROYOS,3590
2026-01-27,BUENOS AIRES,VILLA LONGA,15
2026-01-27,SANTA FE,CHAPUY,350
2026-01-27,SANTA FE,ROSARIO,4
2026-01-27,SANTA FE,SANTA FE,870
2026-01-28,BUENOS AIRES,ADOLFO GONZALES CHAVEZ,1260
2026-01-28,BUENOS AIRES,ARGERICH,30
2026-01-28,BUENOS AIRES,ARRECIFES,31
2026-01-28,BUENOS AIRES,AZUL,330
2026-01-28,BUENOS AIRES,BAHIA BLANCA,60
2026-01-28,BUENOS AIRES,BRAGADO,156
2026-01-28,BUENOS AIRES,CASCADA,60
2026-01-28,BUENOS AIRES,CHILLAR,60
2026-01-28,BUENOS AIRES,CORONEL DORREGO,320
2026-01-28,BUENOS AIRES,CORONEL PRINGLES,420
2026-01-28,BUENOS AIRES,CORONEL SUAREZ,330
2026-01-28,BUENOS AIRES,GARRE,30
2026-01-28,BUENOS AIRES,GENERAL PIRAN,240
2026-01-28,BUENOS AIRES,GOYENA,60
2026-01-28,BUENOS AIRES,GUAMINI,120
2026-01-28,BUENOS AIRES,LA DULCE,600
2026-01-28,BUENOS AIRES,LARTIGAU,30
2026-01-28,BUENOS AIRES,LIBANO,250
2026-01-28,BUENOS AIRES,LOBERIA,89
2026-01-28,BUENOS AIRES,LOBOS,30
2026-01-28,BUENOS AIRES,MARI LAUQUEN,540
2026-01-28,BUENOS AIRES,NECOCHEA,210
2026-01-28,BUENOS AIRES,OLAVARRIA,29
2026-01-28,BUENOS AIRES,PEHUEN CO,60
2026-01-28,BUENOS AIRES,PIGUE,770
2026-01-28,BUENOS AIRES,QUEQUEN,739
2026-01-28,BUENOS AIRES,TANDIL,934
2026-01-28,BUENOS AIRES,TRES ARROYOS,1480
2026-01-28,SANTA FE,CHAPUY,170
2026-01-28,SANTA FE,SANTA FE,1060
2026-01-29,BUENOS AIRES,ADOLFO GONZALES CHAVEZ,600
2026-01-29,BUENOS AIRES,AZUL,30
2026-01-29,BUENOS AIRES,BAHIA BLANCA,540
2026-01-29,BUENOS AIRES,BALCARCE,150
2026-01-29,BUENOS AIRES,BRAGADO,66
2026-01-29,BUENOS AIRES,CARHUE,430
2026-01-29,BUENOS AIRES,CARLOS CASARES,1500
2026-01-29,BUENOS AIRES,CHIVILCOY,305
2026-01-29,BUENOS AIRES,CLAUDIO C. MOLINA,90
2026-01-29,BUENOS AIRES,COPETONAS,120
2026-01-29,BUENOS AIRES,CORONEL DORREGO,210
2026-01-29,BUENOS AIRES,CORONEL PRINGLES,1870
2026-01-29,BUENOS AIRES,CORONEL SUAREZ,11
2026-01-29,BUENOS AIRES,FORTIN CHACO,250
2026-01-29,BUENOS AIRES,LA DULCE,150
2026-01-29,BUENOS AIRES,LAPRIDA,30
2026-01-29,BUENOS AIRES,LARTIGAU,600
2026-01-29,BUENOS AIRES,LOBERIA,537
2026-01-29,BUENOS AIRES,NECOCHEA,1901
2026-01-29,BUENOS AIRES,PIGUE,390
2026-01-29,BUENOS AIRES,QUEQUEN,300
2026-01-29,BUENOS AIRES,SAN MANUEL,120
2026-01-29,BUENOS AIRES,TANDIL,305
2026-01-29,BUENOS AIRES,TORNQUIST,330
2026-01-29,BUENOS AIRES,TRES ARROYOS,453
2026-01-29,BUENOS AIRES,VILLA LONGA,8
2026-01-29,LA PAMPA,QUEMU-QUEMU,90
2026-01-29,LA PAMPA,WINIFREDA,240
2026-01-29,SANTA FE,CHAPUY,940
2026-01-29,SANTA FE,SAN LORENZO,390
2026-01-29,SANTA FE,SANTA FE,150
2026-01-30,BUENOS AIRES,ADOLFO GONZALES CHAVEZ,120
2026-01-30,BUENOS AIRES,BAHIA BLANCA,90
2026-01-30,BUENOS AIRES,BARRIO OESTE,120
2026-01-30,BUENOS AIRES,BARRIO VILLA GAUCHO,141
2026-01-30,BUENOS AIRES,CABILDO,30
2026-01-30,BUENOS AIRES,CORONEL DORREGO,300
2026-01-30,BUENOS AIRES,CORONEL PRINGLES,62
2026-01-30,BUENOS AIRES,CORONEL SUAREZ,1980
2026-01-30,BUENOS AIRES,EL LENGUARAZ,450
2026-01-30,BUENOS AIRES,ESPARTILLAR (PDO. SAAVEDRA),2000
2026-01-30,BUENOS AIRES,GONZALES CHAVES,5750
2026-01-30,BUENOS AIRES,JUAN N. FERNANDEZ,76
2026-01-30,BUENOS AIRES,LOBERIA,270
2026-01-30,BUENOS AIRES,LOS INDIOS (PDO. ROJ,120
2026-01-30,BUENOS AIRES,NECOCHEA,3504
2026-01-30,BUENOS AIRES,OLAVARRIA,140
2026-01-30,BUENOS AIRES,PUAN,1600
2026-01-30,BUENOS AIRES,QUEQUEN,1062
2026-01-30,BUENOS AIRES,TANDIL,8
2026-01-30,BUENOS AIRES,TORNQUIST,900
2026-01-30,BUENOS AIRES,TRENQUE LAUQUEN,210
2026-01-30,BUENOS AIRES,TRES ARROYOS,2690
2026-01-30,BUENOS AIRES,URDAMPILLETA,29
2026-01-30,LA PAMPA,CATRILO,2300
2026-01-30,SANTA FE,CHAPUY,420
2026-01-30,SANTA FE,ROSARIO,90
2026-01-30,SANTA FE,SANTA FE,90
2026-01-31,LA PAMPA,COLONIA SANTA MARIA,17
2026-01-31,LA PAMPA,MACACHIN,57
2026-02-02,BUENOS AIRES,ADOLFO GONZALES CHAVEZ,750
2026-02-02,BUENOS AIRES,BAHIA BLANCA,370
2026-02-02,BUENOS AIRES,BALCARCE,90
2026-02-02,BUENOS AIRES,BARRIO VILLA GAUCHO,249
2026-02-02,BUENOS AIRES,BRAGADO,90
2026-02-02,BUENOS AIRES,CABILDO,210
2026-02-02,BUENOS AIRES,CAÑADA MARIANO (EMBA,1380
2026-02-02,BUENOS AIRES,CORONEL DORREGO,780
2026-02-02,BUENOS AIRES,CORONEL PRINGLES,368
2026-02-02,BUENOS AIRES,CORONEL SUAREZ,360
2026-02-02,BUENOS AIRES,EL LENGUARAZ,120
2026-02-02,BUENOS AIRES,GOYENA,30
2026-02-02,BUENOS AIRES,LA DULCE,1080
2026-02-02,BUENOS AIRES,LAPRIDA,30
2026-02-02,BUENOS AIRES,LIBANO,210
2026-02-02,BUENOS AIRES,LOBERIA,500
2026-02-02,BUENOS AIRES,NECOCHEA,1768
2026-02-02,BUENOS AIRES,OLAVARRIA,90
2026-02-02,BUENOS AIRES,TANDIL,7250
2026-02-02,BUENOS AIRES,TORNQUIST,200
2026-02-02,BUENOS AIRES,TRENQUE LAUQUEN,180
2026-02-02,BUENOS AIRES,TRES ARROYOS,2810
2026-02-02,SANTA FE,CHAPUY,1180
2026-02-02,SANTA FE,RUFINO,120
2026-02-02,SANTA FE,SANTA FE,1000
2026-02-03,BUENOS AIRES,BAHIA BLANCA,2230
2026-02-03,BUENOS AIRES,BAJO HONDO,200
2026-02-03,BUENOS AIRES,BARRIO VILLA GAUCHO,1000
2026-02-03,BUENOS AIRES,BORDENAVE,220
2026-02-03,BUENOS AIRES,BRAGADO,550
2026-02-03,BUENOS AIRES,CABILDO,30
2026-02-03,BUENOS AIRES,CARHUE,150
2026-02-03,BUENOS AIRES,CARLOS CASARES,1500
2026-02-03,BUENOS AIRES,CASCADA,531
2026-02-03,BUENOS AIRES,CAÑADA MARIANO (EMBA,810
2026-02-03,BUENOS AIRES,CHACABUCO,36
2026-02-03,BUENOS AIRES,CHILLAR,23
2026-02-03,BUENOS AIRES,COMANDANTE NICANOR O,1000
2026-02-03,BUENOS AIRES,CORONEL DORREGO,500
2026-02-03,BUENOS AIRES,CORONEL PRINGLES,60
2026-02-03,BUENOS AIRES,CORONEL SUAREZ,90
2026-02-03,BUENOS AIRES,DAIREAUX,60
2026-02-03,BUENOS AIRES,DARREGUEIRA,1000
2026-02-03,BUENOS AIRES,DE LA GARMA,15
2026-02-03,BUENOS AIRES,EL LENGUARAZ,60
2026-02-03,BUENOS AIRES,ESTOMBA,30
2026-02-03,BUENOS AIRES,GOYENA,30
2026-02-03,BUENOS AIRES,IRIARTE,60
2026-02-03,BUENOS AIRES,JUAN N. FERNANDEZ,78
2026-02-03,BUENOS AIRES,LA DULCE,150
2026-02-03,BUENOS AIRES,LA NEGRA,300
2026-02-03,BUENOS AIRES,LAPRIDA,1000
2026-02-03,BUENOS AIRES,LOBERIA,210
2026-02-03,BUENOS AIRES,NECOCHEA,3274
2026-02-03,BUENOS AIRES,PIGUE,300
2026-02-03,BUENOS AIRES,QUEQUEN,1620
2026-02-03,BUENOS AIRES,TANDIL,2413
2026-02-03,BUENOS AIRES,TORNQUIST,170
2026-02-03,BUENOS AIRES,TRENQUE LAUQUEN,120
2026-02-03,BUENOS AIRES,TRES ARROYOS,6510
2026-02-03,ENTRE RÍOS,VICTORIA,200
2026-02-03,LA PAMPA,GUATRACHE,450
2026-02-03,LA PAMPA,SANTA ROSA,16
2026-02-03,SANTA FE,CHAPUY,470
2026-02-03,SANTA FE,SAN GENARO,60
2026-02-04,BUENOS AIRES,AZUL,210
2026-02-04,BUENOS AIRES,BAHIA BLANCA,270
2026-02-04,BUENOS AIRES,BAJO HONDO,180
2026-02-04,BUENOS AIRES,BORDENAVE,135
2026-02-04,BUENOS AIRES,CABILDO,30
2026-02-04,BUENOS AIRES,CAMINERA NAPALEOFU,150
2026-02-04,BUENOS AIRES,CARHUE,940
2026-02-04,BUENOS AIRES,CARLOS CASARES,1018
2026-02-04,BUENOS AIRES,CORONEL DORREGO,3000
2026-02-04,BUENOS AIRES,CORONEL PRINGLES,600
2026-02-04,BUENOS AIRES,CORONEL SUAREZ,1000
2026-02-04,BUENOS AIRES,EL LENGUARAZ,60
2026-02-04,BUENOS AIRES,ESPARTILLAR (PDO. SAAVEDRA),500
2026-02-04,BUENOS AIRES,GONZALES CHAVES,8000
2026-02-04,BUENOS AIRES,HUANGUELEN,200
2026-02-04,BUENOS AIRES,JUAN N. FERNANDEZ,90
2026-02-04,BUENOS AIRES,LA DULCE,200
2026-02-04,BUENOS AIRES,LARTIGAU,1000
2026-02-04,BUENOS AIRES,LINCOLN,300
2026-02-04,BUENOS AIRES,LOBERIA,2066
2026-02-04,BUENOS AIRES,LOS INDIOS (PDO. ROJ,60
2026-02-04,BUENOS AIRES,MAR DEL PLATA,30
2026-02-04,BUENOS AIRES,NECOCHEA,1093
2026-02-04,BUENOS AIRES,PASO MAYOR,60
2026-02-04,BUENOS AIRES,PIGUE,60
2026-02-04,BUENOS AIRES,QUEQUEN,3759
2026-02-04,BUENOS AIRES,SALLIQUELO,420
2026-02-04,BUENOS AIRES,TANDIL,1300
2026-02-04,BUENOS AIRES,TRES ARROYOS,2723
2026-02-04,LA PAMPA,GENERAL PICO,1000
2026-02-04,SANTA FE,CHAPUY,740
2026-02-04,SANTA FE,SANTA FE,500
2026-02-05,BUENOS AIRES,AZUL,128
2026-02-05,BUENOS AIRES,BAHIA BLANCA,2060
2026-02-05,BUENOS AIRES,BALCARCE,120
2026-02-05,BUENOS AIRES,BOLIVAR,500
2026-02-05,BUENOS AIRES,BORDENAVE,200
2026-02-05,BUENOS AIRES,CABILDO,30
2026-02-05,BUENOS AIRES,CASBAS,1
2026-02-05,BUENOS AIRES,CHACABUCO,60
2026-02-05,BUENOS AIRES,CHASICO,30
2026-02-05,BUENOS AIRES,CHIVILCOY,1000
2026-02-05,BUENOS AIRES,CORONEL PRINGLES,605
2026-02-05,BUENOS AIRES,CORONEL SUAREZ,564
2026-02-05,BUENOS AIRES,EL LENGUARAZ,90
2026-02-05,BUENOS AIRES,GARRE,150
2026-02-05,BUENOS AIRES,GUAMINI,170
2026-02-05,BUENOS AIRES,HENDERSON,300
2026-02-05,BUENOS AIRES,LA DULCE,600
2026-02-05,BUENOS AIRES,LARTIGAU,150
2026-02-05,BUENOS AIRES,LOBERIA,1690
2026-02-05,BUENOS AIRES,MAR DEL PLATA,60
2026-02-05,BUENOS AIRES,NECOCHEA,3500
2026-02-05,BUENOS AIRES,OLAVARRIA,30
2026-02-05,BUENOS AIRES,PEDRO LURO,7
2026-02-05,BUENOS AIRES,QUEQUEN,3360
2026-02-05,BUENOS AIRES,TANDIL,759
2026-02-05,BUENOS AIRES,TORNQUIST,350
2026-02-05,BUENOS AIRES,TRENQUE LAUQUEN,210
2026-02-05,BUENOS AIRES,TRES ARROYOS,3140
2026-02-05,BUENOS AIRES,TRES PICOS,298
2026-02-05,ENTRE RÍOS,VICTORIA,200
2026-02-05,LA PAMPA,GENERAL PICO,101
2026-02-06,BUENOS AIRES,30 DE AGOSTO,600
2026-02-06,BUENOS AIRES,ADOLFO GONZALES CHAVEZ,360
2026-02-06,BUENOS AIRES,ALBERTI,20
2026-02-06,BUENOS AIRES,AZUL,90
2026-02-06,BUENOS AIRES,BAHIA BLANCA,30
2026-02-06,BUENOS AIRES,BALCARCE,480
2026-02-06,BUENOS AIRES,BRAGADO,400
2026-02-06,BUENOS AIRES,CARHUE,360
2026-02-06,BUENOS AIRES,CARLOS CASARES,860
2026-02-06,BUENOS AIRES,CARMEN DE PATAGONES,330
2026-02-06,BUENOS AIRES,CAÑADA MARIANO (EMBA,240
2026-02-06,BUENOS AIRES,CHILLAR,30
2026-02-06,BUENOS AIRES,COPETONAS,1000
2026-02-06,BUENOS AIRES,CORONEL DORREGO,330
2026-02-06,BUENOS AIRES,CORONEL PRINGLES,210
2026-02-06,BUENOS AIRES,CORONEL SUAREZ,270
2026-02-06,BUENOS AIRES,DARREGUEIRA,4800
2026-02-06,BUENOS AIRES,EL LENGUARAZ,30
2026-02-06,BUENOS AIRES,ESPARTILLAR (PDO. SAAVEDRA),300
2026-02-06,BUENOS AIRES,GONZALES CHAVES,300
2026-02-06,BUENOS AIRES,HUANGUELEN,150
2026-02-06,BUENOS AIRES,JUAN N. FERNANDEZ,60
2026-02-06,BUENOS AIRES,LAPRIDA,30
2026-02-06,BUENOS AIRES,LIBANO,60
2026-02-06,BUENOS AIRES,LOBERIA,2400
2026-02-06,BUENOS AIRES,MEDANOS,90
2026-02-06,BUENOS AIRES,NECOCHEA,2004
2026-02-06,BUENOS AIRES,PEHUEN CO,500
2026-02-06,BUENOS AIRES,PIGUE,1300
2026-02-06,BUENOS AIRES,QUEQUEN,750
2026-02-06,BUENOS AIRES,SAN CAYETANO,11
2026-02-06,BUENOS AIRES,TANDIL,180
2026-02-06,BUENOS AIRES,TORNQUIST,200
2026-02-06,BUENOS AIRES,TRES ARROYOS,925
2026-02-06,LA PAMPA,CATRILO,1000
2026-02-06,LA PAMPA,SANTA ROSA,27
2026-02-06,SANTA FE,ROSARIO,90
2026-02-06,SANTA FE,SANTA FE,510
2026-02-08,BUENOS AIRES,TRES ARROYOS,90
2026-02-09,BUENOS AIRES,17  DE AGOSTO,100
2026-02-09,BUENOS AIRES,BAHIA BLANCA,30
2026-02-09,BUENOS AIRES,BALCARCE,230
2026-02-09,BUENOS AIRES,BARRIO BANCO PROVINC,37
2026-02-09,BUENOS AIRES,BARRIO CENTRO,71
2026-02-09,BUENOS AIRES,BARRIO OBRERO (NECOC,7
2026-02-09,BUENOS AIRES,BENITO JUAREZ,200
2026-02-09,BUENOS AIRES,BERUTTI,200
2026-02-09,BUENOS AIRES,BORDENAVE,200
2026-02-09,BUENOS AIRES,BRAGADO,135
2026-02-09,BUENOS AIRES,CABILDO,30
2026-02-09,BUENOS AIRES,CARHUE,60
2026-02-09,BUENOS AIRES,CORONEL PRINGLES,420
2026-02-09,BUENOS AIRES,CORONEL SUAREZ,650
2026-02-09,BUENOS AIRES,EL LENGUARAZ,150
2026-02-09,BUENOS AIRES,GENERAL ALVARADO,240
2026-02-09,BUENOS AIRES,GONZALES CHAVES,500
2026-02-09,BUENOS AIRES,JUAN N. FERNANDEZ,144
2026-02-09,BUENOS AIRES,LA DULCE,88
2026-02-09,BUENOS AIRES,LOBERIA,493
2026-02-09,BUENOS AIRES,NECOCHEA,600
2026-02-09,BUENOS AIRES,ORENSE,60
2026-02-09,BUENOS AIRES,PIGUE,500
2026-02-09,BUENOS AIRES,PUAN,300
2026-02-09,BUENOS AIRES,QUEQUEN,120
2026-02-09,BUENOS AIRES,SALLIQUELO,300
2026-02-09,BUENOS AIRES,TANDIL,424
2026-02-09,BUENOS AIRES,TORNQUIST,900
2026-02-09,BUENOS AIRES,TRES ARROYOS,780
2026-02-09,LA PAMPA,QUEMU-QUEMU,120
2026-02-09,SANTA FE,CHAPUY,219
2026-02-09,SANTA FE,SAN GENARO,30
2026-02-09,SANTA FE,SANTA FE,90
2026-02-10,BUENOS AIRES,17  DE AGOSTO,160
2026-02-10,BUENOS AIRES,30 DE AGOSTO,90
2026-02-10,BUENOS AIRES,ALBERTI,90
2026-02-10,BUENOS AIRES,AZUL,540
2026-02-10,BUENOS AIRES,BAHIA BLANCA,1205
2026-02-10,BUENOS AIRES,BALCARCE,180
2026-02-10,BUENOS AIRES,BARRIO VILLA GAUCHO,24
2026-02-10,BUENOS AIRES,BERUTTI,70
2026-02-10,BUENOS AIRES,BRAGADO,30
2026-02-10,BUENOS AIRES,CABILDO,30
2026-02-10,BUENOS AIRES,CARHUE,1480
2026-02-10,BUENOS AIRES,CARMEN DE PATAGONES,1800
2026-02-10,BUENOS AIRES,CASBAS,99
2026-02-10,BUENOS AIRES,CAÑADA MARIANO (EMBA,1290
2026-02-10,BUENOS AIRES,CHIVILCOY,30
2026-02-10,BUENOS AIRES,CORONEL DORREGO,30
2026-02-10,BUENOS AIRES,CORONEL SUAREZ,1390
2026-02-10,BUENOS AIRES,DAIREAUX,1180
2026-02-10,BUENOS AIRES,ESPARTILLAR (PDO. SAAVEDRA),1500
2026-02-10,BUENOS AIRES,GOYENA,35
2026-02-10,BUENOS AIRES,HENDERSON,90
2026-02-10,BUENOS AIRES,JUAN N. FERNANDEZ,14
2026-02-10,BUENOS AIRES,LA DULCE,400
2026-02-10,BUENOS AIRES,LARTIGAU,90
2026-02-10,BUENOS AIRES,LOBERIA,720
2026-02-10,BUENOS AIRES,NECOCHEA,330
2026-02-10,BUENOS AIRES,SAN CAYETANO,300
2026-02-10,BUENOS AIRES,TANDIL,1950
2026-02-10,BUENOS AIRES,TRES ARROYOS,847
2026-02-10,LA PAMPA,CATRILO,30
2026-02-10,LA PAMPA,MACACHIN,40
2026-02-10,SANTA FE,ROSARIO,270
2026-02-10,SANTA FE,SANTA FE,310
2026-02-11,BUENOS AIRES,ADOLFO GONZALES CHAVEZ,899
2026-02-11,BUENOS AIRES,BALCARCE,987
2026-02-11,BUENOS AIRES,BENITO JUAREZ,500
2026-02-11,BUENOS AIRES,CARHUE,480
2026-02-11,BUENOS AIRES,CARLOS CASARES,1000
2026-02-11,BUENOS AIRES,CASBAS,67
2026-02-11,BUENOS AIRES,CHACABUCO,31
2026-02-11,BUENOS AIRES,CHILLAR,60
2026-02-11,BUENOS AIRES,CORONEL DORREGO,1210
2026-02-11,BUENOS AIRES,CORONEL PRINGLES,208
2026-02-11,BUENOS AIRES,CORONEL SUAREZ,30
2026-02-11,BUENOS AIRES,ESPARTILLAR (PDO. SAAVEDRA),281
2026-02-11,BUENOS AIRES,GENERAL VILLEGAS,60
2026-02-11,BUENOS AIRES,GONZALES CHAVES,500
2026-02-11,BUENOS AIRES,GUAMINI,40
2026-02-11,BUENOS AIRES,LOBERIA,60
2026-02-11,BUENOS AIRES,NECOCHEA,97
2026-02-11,BUENOS AIRES,OLAVARRIA,75
2026-02-11,BUENOS AIRES,PIGUE,1020
2026-02-11,BUENOS AIRES,SALDUNGARAY,60
2026-02-11,BUENOS AIRES,TANDIL,1120
2026-02-11,BUENOS AIRES,TRES ARROYOS,1017
2026-02-11,LA PAMPA,CATRILO,1000
2026-02-11,SANTA FE,LOS MOLINOS,60
2026-02-12,BUENOS AIRES,ADOLFO GONZALES CHAVEZ,90
2026-02-12,BUENOS AIRES,BAHIA BLANCA,1000
2026-02-12,BUENOS AIRES,BRAGADO,210
2026-02-12,BUENOS AIRES,CAMINERA NAPALEOFU,500
2026-02-12,BUENOS AIRES,CARABELAS,50
2026-02-12,BUENOS AIRES,CAÑADA MARIANO (EMBA,90
2026-02-12,BUENOS AIRES,CORONEL PRINGLES,1700
2026-02-12,BUENOS AIRES,GENERAL ALVARADO,120
2026-02-12,BUENOS AIRES,GUAMINI,60
2026-02-12,BUENOS AIRES,JUAN JOSE PASO,30
2026-02-12,BUENOS AIRES,LOBERIA,364
2026-02-12,BUENOS AIRES,NECOCHEA,1161
2026-02-12,BUENOS AIRES,OLAVARRIA,2000
2026-02-12,BUENOS AIRES,SAN CAYETANO,110
2026-02-12,BUENOS AIRES,SAN MANUEL,1000
2026-02-12,BUENOS AIRES,SAN MIGUEL ARCANGEL,590
2026-02-12,BUENOS AIRES,TANDIL,1361
2026-02-12,BUENOS AIRES,TRES ARROYOS,2674
2026-02-12,BUENOS AIRES,URDAMPILLETA,30
2026-02-12,SANTA FE,CHAPUY,120
2026-02-12,SANTA FE,LUIS PALACIOS,600
2026-02-12,SANTA FE,PAZ,30
2026-02-12,SANTA FE,SAN LORENZO,90
2026-02-13,BUENOS AIRES,ADOLFO GONZALES CHAVEZ,120
2026-02-13,BUENOS AIRES,ALBERTI,90
2026-02-13,BUENOS AIRES,BENITO JUAREZ,30
2026-02-13,BUENOS AIRES,CASBAS,72
2026-02-13,BUENOS AIRES,CHILLAR,30
2026-02-13,BUENOS AIRES,CHIVILCOY,720
2026-02-13,BUENOS AIRES,CORONEL DORREGO,2000
2026-02-13,BUENOS AIRES,CORONEL PRINGLES,636
2026-02-13,BUENOS AIRES,CORONEL SUAREZ,60
2026-02-13,BUENOS AIRES,DARREGUEIRA,77
2026-02-13,BUENOS AIRES,GONZALES CHAVES,510
2026-02-13,BUENOS AIRES,GOYENA,120
2026-02-13,BUENOS AIRES,GUAMINI,116
2026-02-13,BUENOS AIRES,HUANGUELEN,31
2026-02-13,BUENOS AIRES,JUAN N. FERNANDEZ,390
2026-02-13,BUENOS AIRES,LARTIGAU,200
2026-02-13,BUENOS AIRES,LOBERIA,460
2026-02-13,BUENOS AIRES,PIGUE,120
2026-02-13,BUENOS AIRES,QUEQUEN,2000
2026-02-13,BUENOS AIRES,SALDUNGARAY,7
2026-02-13,BUENOS AIRES,SAN FRANCISCO DE BEL,210
2026-02-13,BUENOS AIRES,TANDIL,360
2026-02-13,BUENOS AIRES,TRENQUE LAUQUEN,105
2026-02-13,BUENOS AIRES,TRES ARROYOS,1950
2026-02-13,CÓRDOBA,HIPOLITO BOUCHARD,60
2026-02-13,CÓRDOBA,VICUÑA MACKENNA,60
2026-02-13,LA PAMPA,CATRILO,22
2026-02-18,BUENOS AIRES,17  DE AGOSTO,150
2026-02-18,BUENOS AIRES,AMERICA,8
2026-02-18,BUENOS AIRES,AZUL,11
2026-02-18,BUENOS AIRES,BAHIA BLANCA,100
2026-02-18,BUENOS AIRES,BARRIO ESTACION QUEQ,30
2026-02-18,BUENOS AIRES,BRAGADO,300
2026-02-18,BUENOS AIRES,CABILDO,120
2026-02-18,BUENOS AIRES,CASBAS,69
2026-02-18,BUENOS AIRES,CHIVILCOY,360
2026-02-18,BUENOS AIRES,CORONEL DORREGO,60
2026-02-18,BUENOS AIRES,CORONEL PRINGLES,9
2026-02-18,BUENOS AIRES,CORONEL SUAREZ,190
2026-02-18,BUENOS AIRES,GUAMINI,27
2026-02-18,BUENOS AIRES,JUAN JOSE PASO,25
2026-02-18,BUENOS AIRES,LA DULCE,250
2026-02-18,BUENOS AIRES,LARTIGAU,240
2026-02-18,BUENOS AIRES,LINCOLN,30
2026-02-18,BUENOS AIRES,LOBERIA,740
2026-02-18,BUENOS AIRES,NECOCHEA,30
2026-02-18,BUENOS AIRES,QUEQUEN,750
2026-02-18,BUENOS AIRES,TANDIL,421
2026-02-18,BUENOS AIRES,TRENQUE LAUQUEN,215
2026-02-18,BUENOS AIRES,TRES ARROYOS,60
2026-02-18,SANTA FE,ROSARIO,270
2026-02-19,BUENOS AIRES,ALBERTI,300
2026-02-19,BUENOS AIRES,BAHIA BLANCA,290
2026-02-19,BUENOS AIRES,BORDENAVE,120
2026-02-19,BUENOS AIRES,CABILDO,60
2026-02-19,BUENOS AIRES,CARHUE,540
2026-02-19,BUENOS AIRES,CAÑADA MARIANO (EMBA,990
2026-02-19,BUENOS AIRES,CHACABUCO,60
2026-02-19,BUENOS AIRES,CORONEL DORREGO,30
2026-02-19,BUENOS AIRES,CORONEL PRINGLES,30
2026-02-19,BUENOS AIRES,CORONEL SUAREZ,230
2026-02-19,BUENOS AIRES,DARREGUEIRA,400
2026-02-19,BUENOS AIRES,ESPARTILLAR (PDO. SAAVEDRA),500
2026-02-19,BUENOS AIRES,GENERAL ALVARADO,10
2026-02-19,BUENOS AIRES,GONZALES CHAVES,2000
2026-02-19,BUENOS AIRES,LARTIGAU,300
2026-02-19,BUENOS AIRES,LOBERIA,1550
2026-02-19,BUENOS AIRES,NECOCHEA,605
2026-02-19,BUENOS AIRES,PEHUAJO,390
2026-02-19,BUENOS AIRES,PIGUE,590
2026-02-19,BUENOS AIRES,QUEQUEN,1176
2026-02-19,BUENOS AIRES,SAAVEDRA,120
2026-02-19,BUENOS AIRES,SALDUNGARAY,60
2026-02-19,BUENOS AIRES,SALLIQUELO,30
2026-02-19,BUENOS AIRES,TANDIL,1120
2026-02-19,BUENOS AIRES,TORNQUIST,82
2026-02-19,BUENOS AIRES,TRENQUE LAUQUEN,45
2026-02-19,BUENOS AIRES,TRES ARROYOS,3980
2026-02-19,SANTA FE,SANTA FE,90
2026-02-20,BUENOS AIRES,AZUL,210
2026-02-20,BUENOS AIRES,BAHIA BLANCA,210
2026-02-20,BUENOS AIRES,BALCARCE,90
2026-02-20,BUENOS AIRES,BENITO JUAREZ,180
2026-02-20,BUENOS AIRES,CABILDO,500
2026-02-20,BUENOS AIRES,CARHUE,90
2026-02-20,BUENOS AIRES,CAÑADA MARIANO (EMBA,630
2026-02-20,BUENOS AIRES,CHILLAR,300
2026-02-20,BUENOS AIRES,CHIVILCOY,210
2026-02-20,BUENOS AIRES,CORONEL DORREGO,90
2026-02-20,BUENOS AIRES,CORONEL PRINGLES,340
2026-02-20,BUENOS AIRES,CORONEL SUAREZ,365
2026-02-20,BUENOS AIRES,ESPARTILLAR (PDO. SAAVEDRA),500
2026-02-20,BUENOS AIRES,GENERAL LAMADRID,5
2026-02-20,BUENOS AIRES,GONZALES CHAVES,2450
2026-02-20,BUENOS AIRES,HUANGUELEN,600
2026-02-20,BUENOS AIRES,INDIO RICO,685
2026-02-20,BUENOS AIRES,IRENE,530
2026-02-20,BUENOS AIRES,JUAN N. FERNANDEZ,200
2026-02-20,BUENOS AIRES,LA DULCE,1300
2026-02-20,BUENOS AIRES,LAPRIDA,450
2026-02-20,BUENOS AIRES,LARTIGAU,200
2026-02-20,BUENOS AIRES,LOBERIA,431
2026-02-20,BUENOS AIRES,NECOCHEA,180
2026-02-20,BUENOS AIRES,OLAVARRIA,31
2026-02-20,BUENOS AIRES,PIGUE,300
2026-02-20,BUENOS AIRES,QUEQUEN,2000
2026-02-20,BUENOS AIRES,SAN CAYETANO,28
2026-02-20,BUENOS AIRES,TANDIL,620
2026-02-20,BUENOS AIRES,TRENQUE LAUQUEN,32
2026-02-20,BUENOS AIRES,TRES ARROYOS,1052
2026-02-20,SANTA FE,SANTA FE,210
2026-02-23,BUENOS AIRES,ADOLFO GONZALES CHAVEZ,60
2026-02-23,BUENOS AIRES,ALBERTI,30
2026-02-23,BUENOS AIRES,BENITO JUAREZ,30
2026-02-23,BUENOS AIRES,CAÑADA MARIANO (EMBA,210
2026-02-23,BUENOS AIRES,CORONEL DORREGO,310
2026-02-23,BUENOS AIRES,CORONEL PRINGLES,240
2026-02-23,BUENOS AIRES,DEFERRARI,8
2026-02-23,BUENOS AIRES,EMPORIO STROEDER,60
2026-02-23,BUENOS AIRES,GONZALES CHAVES,241
2026-02-23,BUENOS AIRES,GOYENA,90
2026-02-23,BUENOS AIRES,LA DULCE,600
2026-02-23,BUENOS AIRES,LOBERIA,180
2026-02-23,BUENOS AIRES,NECOCHEA,330
2026-02-23,BUENOS AIRES,OLAVARRIA,28
2026-02-23,BUENOS AIRES,PIGUE,1310
2026-02-23,BUENOS AIRES,TANDIL,120
2026-02-23,BUENOS AIRES,TRES ARROYOS,30
2026-02-23,BUENOS AIRES,TRES LOMAS,400
2026-02-23,CÓRDOBA,JUSTINIANO POSSE,30
2026-02-23,SANTA FE,CHAPUY,400
2026-02-23,SANTA FE,SANTA FE,80
2026-02-24,BUENOS AIRES,ABRA DE HINOJO,120
2026-02-24,BUENOS AIRES,ADOLFO GONZALES CHAVEZ,210
2026-02-24,BUENOS AIRES,ALBERTI,180
2026-02-24,BUENOS AIRES,AZUL,233
2026-02-24,BUENOS AIRES,BAHIA BLANCA,20360
2026-02-24,BUENOS AIRES,BALCARCE,120
2026-02-24,BUENOS AIRES,BARRIO ESTACION QUEQ,200
2026-02-24,BUENOS AIRES,CARHUE,180
2026-02-24,BUENOS AIRES,CHIVILCOY,65
2026-02-24,BUENOS AIRES,CORONEL DORREGO,10235
2026-02-24,BUENOS AIRES,CORONEL FALCON,168
2026-02-24,BUENOS AIRES,CORONEL PRINGLES,400
2026-02-24,BUENOS AIRES,CORONEL SUAREZ,15
2026-02-24,BUENOS AIRES,DARREGUEIRA,2000
2026-02-24,BUENOS AIRES,ESPARTILLAR (GRAL. P,272
2026-02-24,BUENOS AIRES,ESPARTILLAR (PDO. SAAVEDRA),150
2026-02-24,BUENOS AIRES,JUAN N. FERNANDEZ,150
2026-02-24,BUENOS AIRES,LA DULCE,440
2026-02-24,BUENOS AIRES,LAPRIDA,30
2026-02-24,BUENOS AIRES,LARTIGAU,200
2026-02-24,BUENOS AIRES,LOBERIA,30
2026-02-24,BUENOS AIRES,NECOCHEA,2000
2026-02-24,BUENOS AIRES,OLAVARRIA,30
2026-02-24,BUENOS AIRES,ORIENTE,31
2026-02-24,BUENOS AIRES,PEHUAJO,161
2026-02-24,BUENOS AIRES,PIEDRITAS,60
2026-02-24,BUENOS AIRES,PIGUE,1820
2026-02-24,BUENOS AIRES,SAAVEDRA,60
2026-02-24,BUENOS AIRES,SAN MANUEL,120
2026-02-24,BUENOS AIRES,TANDIL,2720
2026-02-24,BUENOS AIRES,TRES ARROYOS,240
2026-02-24,LA PAMPA,CATRILO,560
2026-02-24,LA PAMPA,COLONIA BARON,400
2026-02-24,LA PAMPA,METILEO,40
2026-02-24,SANTA FE,CARLOS PELLEGRINI,35
2026-02-24,SANTA FE,SAN LORENZO,210
2026-02-25,BUENOS AIRES,ALBERTI,120
2026-02-25,BUENOS AIRES,BAHIA BLANCA,306
2026-02-25,BUENOS AIRES,BALCARCE,360
2026-02-25,BUENOS AIRES,BARRIO ESTACION QUEQ,30
2026-02-25,BUENOS AIRES,CABILDO,60
2026-02-25,BUENOS AIRES,CARMEN DE PATAGONES,30
2026-02-25,BUENOS AIRES,CHACABUCO,180
2026-02-25,BUENOS AIRES,CORONEL DORREGO,6330
2026-02-25,BUENOS AIRES,CORONEL PRINGLES,490
2026-02-25,BUENOS AIRES,DARREGUEIRA,1620
2026-02-25,BUENOS AIRES,ESPARTILLAR (PDO. SAAVEDRA),1000
2026-02-25,BUENOS AIRES,GENERAL VILLEGAS,180
2026-02-25,BUENOS AIRES,GOYENA,180
2026-02-25,BUENOS AIRES,LA DULCE,620
2026-02-25,BUENOS AIRES,LARTIGAU,260
2026-02-25,BUENOS AIRES,NECOCHEA,750
2026-02-25,BUENOS AIRES,PIGUE,450
2026-02-25,BUENOS AIRES,QUEQUEN,360
2026-02-25,BUENOS AIRES,TANDIL,505
2026-02-25,BUENOS AIRES,TORNQUIST,200
2026-02-25,BUENOS AIRES,TRES ARROYOS,1152
2026-02-25,SANTA FE,CHAPUY,120
2026-02-25,SANTA FE,ROSARIO,60
2026-02-25,SANTA FE,SANTA FE,90
2026-02-26,BUENOS AIRES,30 DE AGOSTO,6
2026-02-26,BUENOS AIRES,BRAGADO,33
2026-02-26,BUENOS AIRES,CHIVILCOY,129
2026-02-26,BUENOS AIRES,CORONEL DORREGO,2423
2026-02-26,BUENOS AIRES,DARREGUEIRA,1500
2026-02-26,BUENOS AIRES,GONZALES CHAVES,700
2026-02-26,BUENOS AIRES,JUAN N. FERNANDEZ,35
2026-02-26,BUENOS AIRES,LARTIGAU,240
2026-02-26,BUENOS AIRES,NECOCHEA,1590
2026-02-26,BUENOS AIRES,PELICURA,60
2026-02-26,BUENOS AIRES,SAN MANUEL,200
2026-02-26,BUENOS AIRES,TANDIL,230
2026-02-26,BUENOS AIRES,TRENQUE LAUQUEN,105
2026-02-26,BUENOS AIRES,TRES ARROYOS,1710
2026-02-26,SANTA FE,CHAPUY,1000
2026-02-27,BUENOS AIRES,ADOLFO GONZALES CHAVEZ,180
2026-02-27,BUENOS AIRES,ALBERTI,180
2026-02-27,BUENOS AIRES,BAHIA BLANCA,120
2026-02-27,BUENOS AIRES,BALCARCE,150
2026-02-27,BUENOS AIRES,BARRIO ALFAR,500
2026-02-27,BUENOS AIRES,BARRIO BANCO PROVINC,90
2026-02-27,BUENOS AIRES,BARRIO ESTACION QUEQ,145
2026-02-27,BUENOS AIRES,CARHUE,590
2026-02-27,BUENOS AIRES,CAÑADA MARIANO (EMBA,390
2026-02-27,BUENOS AIRES,CHIVILCOY,300
2026-02-27,BUENOS AIRES,CORONEL DORREGO,180
2026-02-27,BUENOS AIRES,CORONEL PRINGLES,360
2026-02-27,BUENOS AIRES,CORONEL SUAREZ,760
2026-02-27,BUENOS AIRES,DAIREAUX,290
2026-02-27,BUENOS AIRES,GONZALES CHAVES,131
2026-02-27,BUENOS AIRES,JUAN N. FERNANDEZ,330
2026-02-27,BUENOS AIRES,LOBERIA,150
2026-02-27,BUENOS AIRES,NECOCHEA,1537
2026-02-27,BUENOS AIRES,PIEDRITAS,30
2026-02-27,BUENOS AIRES,PIGUE,150
2026-02-27,BUENOS AIRES,QUEQUEN,316
2026-02-27,BUENOS AIRES,TANDIL,42
2026-02-27,BUENOS AIRES,TRES ARROYOS,179
2026-02-27,LA PAMPA,MACACHIN,2500
2026-02-27,SANTA FE,CHAPUY,180
2026-02-28,BUENOS AIRES,LIBANO,90
2026-03-02,BUENOS AIRES,ADOLFO GONZALES CHAVEZ,180
2026-03-02,BUENOS AIRES,BAHIA BLANCA,92
2026-03-02,BUENOS AIRES,BOLIVAR,3
2026-03-02,BUENOS AIRES,BRAGADO,150
2026-03-02,BUENOS AIRES,CABILDO,120
2026-03-02,BUENOS AIRES,CAMINERA AZUL,130
2026-03-02,BUENOS AIRES,CARHUE,35
2026-03-02,BUENOS AIRES,CORONEL DORREGO,415
2026-03-02,BUENOS AIRES,CORONEL SUAREZ,120
2026-03-02,BUENOS AIRES,DAIREAUX,50
2026-03-02,BUENOS AIRES,ESPARTILLAR (PDO. SAAVEDRA),541
2026-03-02,BUENOS AIRES,GONZALES CHAVES,210
2026-03-02,BUENOS AIRES,LAPRIDA,60
2026-03-02,BUENOS AIRES,LARTIGAU,60
2026-03-02,BUENOS AIRES,LOBERIA,180
2026-03-02,BUENOS AIRES,NECOCHEA,603
2026-03-02,BUENOS AIRES,OLAVARRIA,30
2026-03-02,BUENOS AIRES,TANDIL,90
2026-03-02,BUENOS AIRES,TORNQUIST,300
2026-03-02,BUENOS AIRES,TRES ARROYOS,118
2026-03-02,SANTA FE,CHAPUY,150
2026-03-02,SANTA FE,SANTA FE,60
2026-03-03,BUENOS AIRES,ADOLFO GONZALES CHAVEZ,150
2026-03-03,BUENOS AIRES,BAHIA BLANCA,1730
2026-03-03,BUENOS AIRES,BALCARCE,60
2026-03-03,BUENOS AIRES,BENITO JUAREZ,660
2026-03-03,BUENOS AIRES,BRAGADO,300
2026-03-03,BUENOS AIRES,CORONEL DORREGO,180
2026-03-03,BUENOS AIRES,CORONEL PRINGLES,90
2026-03-03,BUENOS AIRES,CORONEL SUAREZ,78
2026-03-03,BUENOS AIRES,GONZALES CHAVES,5800
2026-03-03,BUENOS AIRES,GOYENA,150
2026-03-03,BUENOS AIRES,JUAN JOSE PASO,330
2026-03-03,BUENOS AIRES,JUAN N. FERNANDEZ,391
2026-03-03,BUENOS AIRES,LAPRIDA,29
2026-03-03,BUENOS AIRES,LOBERIA,150
2026-03-03,BUENOS AIRES,NECOCHEA,100
2026-03-03,BUENOS AIRES,PIGUE,2560
2026-03-03,BUENOS AIRES,TANDIL,654
2026-03-03,BUENOS AIRES,TRES ARROYOS,920
2026-03-03,LA PAMPA,CATRILO,90
2026-03-03,SANTA FE,CHAPUY,90
2026-03-04,BUENOS AIRES,17  DE AGOSTO,18
2026-03-04,BUENOS AIRES,ALBERTI,60
2026-03-04,BUENOS AIRES,AYACUCHO,15
2026-03-04,BUENOS AIRES,BAHIA BLANCA,1315
2026-03-04,BUENOS AIRES,BRAGADO,150
2026-03-04,BUENOS AIRES,CARDENAL CAGLIERO,26
2026-03-04,BUENOS AIRES,CARLOS CASARES,600
2026-03-04,BUENOS AIRES,CHACABUCO,270
2026-03-04,BUENOS AIRES,CORONEL DORREGO,1365
2026-03-04,BUENOS AIRES,CORONEL PRINGLES,16
2026-03-04,BUENOS AIRES,CORONEL SUAREZ,280
2026-03-04,BUENOS AIRES,DARREGUEIRA,900
2026-03-04,BUENOS AIRES,DE LA GARMA,30
2026-03-04,BUENOS AIRES,LA DULCE,210
2026-03-04,BUENOS AIRES,LAPRIDA,30
2026-03-04,BUENOS AIRES,LOBERIA,85
2026-03-04,BUENOS AIRES,MEDANOS,110
2026-03-04,BUENOS AIRES,OLAVARRIA,180
2026-03-04,BUENOS AIRES,ORENSE,90
2026-03-04,BUENOS AIRES,PIGUE,300
2026-03-04,BUENOS AIRES,SALLIQUELO,25
2026-03-04,BUENOS AIRES,TANDIL,822
2026-03-04,BUENOS AIRES,TORNQUIST,150
2026-03-04,BUENOS AIRES,TRES ARROYOS,1010
2026-03-04,LA PAMPA,JACINTO ARAUZ,180
2026-03-04,SANTA FE,CHAPUY,509
2026-03-04,SANTA FE,ROSARIO,30
2026-03-04,SANTA FE,SANTA FE,30
2026-03-05,BUENOS AIRES,ADOLFO GONZALES CHAVEZ,7
2026-03-05,BUENOS AIRES,BALCARCE,630
2026-03-05,BUENOS AIRES,BARRIO VILLA GAUCHO,410
2026-03-05,BUENOS AIRES,CABILDO,60
2026-03-05,BUENOS AIRES,CARHUE,60
2026-03-05,BUENOS AIRES,CARLOS CASARES,390
2026-03-05,BUENOS AIRES,CAÑADA MARIANO (EMBA,1500
2026-03-05,BUENOS AIRES,CORONEL DORREGO,1017
2026-03-05,BUENOS AIRES,CORONEL SUAREZ,90
2026-03-05,BUENOS AIRES,HUANGUELEN,35
2026-03-05,BUENOS AIRES,JUAN N. FERNANDEZ,120
2026-03-05,BUENOS AIRES,MECHONGUE,60
2026-03-05,BUENOS AIRES,NECOCHEA,500
2026-03-05,BUENOS AIRES,PIGUE,1500
2026-03-05,BUENOS AIRES,QUEQUEN,90
2026-03-05,BUENOS AIRES,SAN MIGUEL ARCANGEL,1000
2026-03-05,BUENOS AIRES,TANDIL,120
2026-03-05,BUENOS AIRES,TRES ARROYOS,360
2026-03-05,LA PAMPA,ALPACHIRI,15
2026-03-05,SANTA FE,CHAPUY,240
2026-03-05,SANTA FE,ROSARIO,240
2026-03-05,SANTA FE,SAN LORENZO,60
2026-03-06,BUENOS AIRES,ALBERTI,524
2026-03-06,BUENOS AIRES,AZUL,55
2026-03-06,BUENOS AIRES,BENITO JUAREZ,30
2026-03-06,BUENOS AIRES,BRAGADO,300
2026-03-06,BUENOS AIRES,CHACABUCO,30
2026-03-06,BUENOS AIRES,CHILLAR,200
2026-03-06,BUENOS AIRES,CORONEL DORREGO,1190
2026-03-06,BUENOS AIRES,CORONEL PRINGLES,135
2026-03-06,BUENOS AIRES,CORONEL SUAREZ,95
2026-03-06,BUENOS AIRES,GARDEY,28
2026-03-06,BUENOS AIRES,LOBERIA,180
2026-03-06,BUENOS AIRES,NECOCHEA,1530
2026-03-06,BUENOS AIRES,PIEDRITAS,30
2026-03-06,BUENOS AIRES,QUEQUEN,120
2026-03-06,BUENOS AIRES,SAN CAYETANO,60
2026-03-06,BUENOS AIRES,TANDIL,210
2026-03-06,BUENOS AIRES,TORNQUIST,510
2026-03-06,BUENOS AIRES,TRES ARROYOS,480
2026-03-06,LA PAMPA,CATRILO,90
2026-03-06,SANTA FE,CHAPUY,240
2026-03-09,BUENOS AIRES,AZUL,106
2026-03-09,BUENOS AIRES,BAJO HONDO,60
2026-03-09,BUENOS AIRES,BALCARCE,210
2026-03-09,BUENOS AIRES,BARRIO ESTACION QUEQ,60
2026-03-09,BUENOS AIRES,BENITO JUAREZ,1000
2026-03-09,BUENOS AIRES,CARHUE,30
2026-03-09,BUENOS AIRES,CHILLAR,138
2026-03-09,BUENOS AIRES,CORONEL PRINGLES,100
2026-03-09,BUENOS AIRES,CORONEL SUAREZ,60
2026-03-09,BUENOS AIRES,EMPORIO STROEDER,90
2026-03-09,BUENOS AIRES,GENERAL LAMADRID,30
2026-03-09,BUENOS AIRES,GENERAL PIRAN,80
2026-03-09,BUENOS AIRES,GONZALES CHAVES,1200
2026-03-09,BUENOS AIRES,LA DULCE,330
2026-03-09,BUENOS AIRES,LOBERIA,407
2026-03-09,BUENOS AIRES,NECOCHEA,750
2026-03-09,BUENOS AIRES,OLAVARRIA,60
2026-03-09,BUENOS AIRES,SAN ROMAN,90
2026-03-09,BUENOS AIRES,TANDIL,320
2026-03-09,BUENOS AIRES,TORNQUIST,35
2026-03-09,BUENOS AIRES,TRES ARROYOS,590
2026-03-09,BUENOS AIRES,VELA,270
2026-03-09,CÓRDOBA,HIPOLITO BOUCHARD,30
2026-03-09,LA PAMPA,GUATRACHE,40
2026-03-09,SAN LUIS,BALCARCE,400
2026-03-09,SANTA FE,CHAPUY,60
2026-03-10,BUENOS AIRES,ADOLFO GONZALES CHAVEZ,330
2026-03-10,BUENOS AIRES,BAHIA BLANCA,1176
2026-03-10,BUENOS AIRES,CASBAS,30
2026-03-10,BUENOS AIRES,CORONEL PRINGLES,90
2026-03-10,BUENOS AIRES,CORONEL SUAREZ,30
2026-03-10,BUENOS AIRES,EMPORIO STROEDER,90
2026-03-10,BUENOS AIRES,HARAS CHAPADMALAL,30
2026-03-10,BUENOS AIRES,LA DULCE,380
2026-03-10,BUENOS AIRES,LOBERIA,26
2026-03-10,BUENOS AIRES,NECOCHEA,90
2026-03-10,BUENOS AIRES,PEDRO LURO,90
2026-03-10,BUENOS AIRES,PEHUAJO,200
2026-03-10,BUENOS AIRES,SAN CAYETANO,7
2026-03-10,BUENOS AIRES,SAN ROMAN,120
2026-03-10,BUENOS AIRES,TRES ARROYOS,459
2026-03-10,BUENOS AIRES,VELA,360
2026-03-10,SANTA FE,RUFINO,30
2026-03-11,BUENOS AIRES,CHIVILCOY,30
2026-03-11,BUENOS AIRES,CORONEL PRINGLES,12
2026-03-11,BUENOS AIRES,CORONEL SUAREZ,130
2026-03-11,BUENOS AIRES,JUAN JOSE PASO,30
2026-03-11,BUENOS AIRES,MAR DEL PLATA,120
2026-03-11,BUENOS AIRES,TRES ARROYOS,30
2026-03-11,SANTA FE,SANTA FE,60
2026-03-12,BUENOS AIRES,BAHIA BLANCA,300
2026-03-12,BUENOS AIRES,BAJO HONDO,190
2026-03-12,BUENOS AIRES,BALCARCE,170
2026-03-12,BUENOS AIRES,BARRIO VILLA GAUCHO,47
2026-03-12,BUENOS AIRES,CAMINERA NAPALEOFU,24
2026-03-12,BUENOS AIRES,CHACABUCO,60
2026-03-12,BUENOS AIRES,CORONEL DORREGO,56
2026-03-12,BUENOS AIRES,CORONEL PRINGLES,400
2026-03-12,BUENOS AIRES,CORONEL SUAREZ,478
2026-03-12,BUENOS AIRES,DAIREAUX,4
2026-03-12,BUENOS AIRES,DARREGUEIRA,750
2026-03-12,BUENOS AIRES,GONZALES CHAVES,5000
2026-03-12,BUENOS AIRES,HUANGUELEN,30
2026-03-12,BUENOS AIRES,JUAN N. FERNANDEZ,410
2026-03-12,BUENOS AIRES,LIBANO,37
2026-03-12,BUENOS AIRES,OLAVARRIA,120
2026-03-12,BUENOS AIRES,PEDRO LURO,120
2026-03-12,BUENOS AIRES,SAN ROMAN,270
2026-03-12,BUENOS AIRES,TRES ARROYOS,516
2026-03-12,BUENOS AIRES,VELA,510
2026-03-12,LA PAMPA,COLONIA CASTEX,30
2026-03-12,SANTA FE,CHAPUY,1150
2026-03-12,SANTA FE,SANTA FE,450
2026-03-13,BUENOS AIRES,AZUL,182
2026-03-13,BUENOS AIRES,BAHIA BLANCA,13
2026-03-13,BUENOS AIRES,BALCARCE,90
2026-03-13,BUENOS AIRES,BRAGADO,150
2026-03-13,BUENOS AIRES,CARLOS CASARES,150
2026-03-13,BUENOS AIRES,CHACABUCO,90
2026-03-13,BUENOS AIRES,CHILLAR,105
2026-03-13,BUENOS AIRES,COPETONAS,150
2026-03-13,BUENOS AIRES,CORONEL DORREGO,60
2026-03-13,BUENOS AIRES,CORONEL SUAREZ,30
2026-03-13,BUENOS AIRES,INGENIERO WHITE,90
2026-03-13,BUENOS AIRES,LA DULCE,60
2026-03-13,BUENOS AIRES,LOBERIA,180
2026-03-13,BUENOS AIRES,NECOCHEA,1620
2026-03-13,BUENOS AIRES,QUEQUEN,900
2026-03-13,BUENOS AIRES,TANDIL,450
2026-03-13,BUENOS AIRES,TRENQUE LAUQUEN,90
2026-03-13,BUENOS AIRES,TRES ARROYOS,1210
2026-03-13,SANTA FE,CHAPUY,420
2026-03-13,SANTA FE,ROSARIO,180
2026-03-13,SANTA FE,SANTA FE,190
2026-03-16,BUENOS AIRES,ADOLFO GONZALES CHAVEZ,120
2026-03-16,BUENOS AIRES,AZUL,105
2026-03-16,BUENOS AIRES,BENITO JUAREZ,210
2026-03-16,BUENOS AIRES,BORDENAVE,120
2026-03-16,BUENOS AIRES,BRAGADO,30
2026-03-16,BUENOS AIRES,CORONEL DORREGO,300
2026-03-16,BUENOS AIRES,CORONEL SUAREZ,85
2026-03-16,BUENOS AIRES,JUAN N. FERNANDEZ,72
2026-03-16,BUENOS AIRES,LARTIGAU,78
2026-03-16,BUENOS AIRES,LOBERIA,60
2026-03-16,BUENOS AIRES,MEDANOS,85
2026-03-16,BUENOS AIRES,NECOCHEA,3000
2026-03-16,BUENOS AIRES,QUEQUEN,390
2026-03-16,BUENOS AIRES,TANDIL,360
2026-03-16,BUENOS AIRES,TORNQUIST,90
2026-03-16,BUENOS AIRES,TRES ARROYOS,89
2026-03-16,LA PAMPA,BARRIO EL MOLINO,1000
2026-03-16,LA PAMPA,GUATRACHE,57
2026-03-16,SANTA FE,CHAPUY,210
2026-03-17,BUENOS AIRES,BAHIA BLANCA,30
2026-03-17,BUENOS AIRES,BOLIVAR,58
2026-03-17,BUENOS AIRES,CORONEL DORREGO,63
2026-03-17,BUENOS AIRES,CORONEL PRINGLES,90
2026-03-17,BUENOS AIRES,CORONEL SUAREZ,90
2026-03-17,BUENOS AIRES,DARREGUEIRA,2000
2026-03-17,BUENOS AIRES,DE LA GARMA,740
2026-03-17,BUENOS AIRES,GOYENA,60
2026-03-17,BUENOS AIRES,NECOCHEA,1330
2026-03-17,BUENOS AIRES,ORIENTE,5
2026-03-17,BUENOS AIRES,SAN CAYETANO,163
2026-03-17,BUENOS AIRES,TANDIL,200
2026-03-17,BUENOS AIRES,TORNQUIST,170
2026-03-17,BUENOS AIRES,TRENQUE LAUQUEN,120
2026-03-17,BUENOS AIRES,TRES ARROYOS,1070
2026-03-17,BUENOS AIRES,VELA,450
2026-03-17,LA PAMPA,ALPACHIRI,11
2026-03-17,LA PAMPA,CATRILO,30
2026-03-17,LA PAMPA,CEREALES,494
2026-03-17,LA PAMPA,MIGUEL RIGLOS,131
2026-03-17,SANTA FE,VILLA CONSTITUCION,120
2026-03-18,BUENOS AIRES,ADOLFO GONZALES CHAVEZ,145
2026-03-18,BUENOS AIRES,BAHIA BLANCA,1000
2026-03-18,BUENOS AIRES,BECCAR,5
2026-03-18,BUENOS AIRES,BRAGADO,300
2026-03-18,BUENOS AIRES,CASCADA,60
2026-03-18,BUENOS AIRES,CHACABUCO,60
2026-03-18,BUENOS AIRES,CORONEL DORREGO,2010
2026-03-18,BUENOS AIRES,CORONEL PRINGLES,210
2026-03-18,BUENOS AIRES,CORONEL SUAREZ,225
2026-03-18,BUENOS AIRES,DARREGUEIRA,790
2026-03-18,BUENOS AIRES,GARDEY,60
2026-03-18,BUENOS AIRES,GENERAL LAMADRID,3
2026-03-18,BUENOS AIRES,GONZALES CHAVES,150
2026-03-18,BUENOS AIRES,HENDERSON,210
2026-03-18,BUENOS AIRES,HUANGUELEN,150
2026-03-18,BUENOS AIRES,JUAN N. FERNANDEZ,300
2026-03-18,BUENOS AIRES,NECOCHEA,260
2026-03-18,BUENOS AIRES,PEHUAJO,120
2026-03-18,BUENOS AIRES,TANDIL,47
2026-03-18,BUENOS AIRES,TRES ARROYOS,150
2026-03-18,BUENOS AIRES,VELA,293
2026-03-18,CIUDAD AUTÓNOMA DE BUENOS AIRES,CAPITAL FEDERAL,240
2026-03-18,SANTA FE,SAN LORENZO,350
2026-03-18,SANTA FE,SANTA FE,30
2026-03-19,BUENOS AIRES,ADOLFO GONZALES CHAVEZ,90
2026-03-19,BUENOS AIRES,AZUL,150
2026-03-19,BUENOS AIRES,BRAGADO,36
2026-03-19,BUENOS AIRES,CABILDO,900
2026-03-19,BUENOS AIRES,CORONEL PRINGLES,420
2026-03-19,BUENOS AIRES,CORONEL SUAREZ,180
2026-03-19,BUENOS AIRES,DARREGUEIRA,365
2026-03-19,BUENOS AIRES,GONZALES CHAVES,240
2026-03-19,BUENOS AIRES,JUAN N. FERNANDEZ,120
2026-03-19,BUENOS AIRES,LA DULCE,450
2026-03-19,BUENOS AIRES,LAPRIDA,400
2026-03-19,BUENOS AIRES,LARTIGAU,90
2026-03-19,BUENOS AIRES,NECOCHEA,1000
2026-03-19,BUENOS AIRES,OLAVARRIA,60
2026-03-19,BUENOS AIRES,TRES ARROYOS,12
2026-03-19,BUENOS AIRES,VELA,1420
2026-03-19,CÓRDOBA,JUSTINIANO POSSE,30
2026-03-19,SANTA FE,PAZ,60
2026-03-20,BUENOS AIRES,ADOLFO GONZALES CHAVEZ,150
2026-03-20,BUENOS AIRES,BAHIA BLANCA,60
2026-03-20,BUENOS AIRES,CARLOS CASARES,5000
2026-03-20,BUENOS AIRES,CHACABUCO,120
2026-03-20,BUENOS AIRES,CORONEL DORREGO,60
2026-03-20,BUENOS AIRES,CORONEL SUAREZ,440
2026-03-20,BUENOS AIRES,GUAMINI,300
2026-03-20,BUENOS AIRES,LA DULCE,120
2026-03-20,BUENOS AIRES,LOBERIA,19
2026-03-20,BUENOS AIRES,PEHUAJO,120
2026-03-20,BUENOS AIRES,PEHUEN CO,690
2026-03-20,BUENOS AIRES,SAN CAYETANO,24
2026-03-20,BUENOS AIRES,TANDIL,219
2026-03-20,BUENOS AIRES,TRES ARROYOS,550
2026-03-20,LA PAMPA,GUATRACHE,37
2026-03-20,SANTA FE,CASILDA,245
2026-03-23,BUENOS AIRES,DARREGUEIRA,500
2026-03-23,BUENOS AIRES,LARTIGAU,200
2026-03-23,BUENOS AIRES,TRES ARROYOS,134
2026-03-24,BUENOS AIRES,DE LA GARMA,180
2026-03-25,BUENOS AIRES,17  DE AGOSTO,45
2026-03-25,BUENOS AIRES,BAHIA BLANCA,2180
2026-03-25,BUENOS AIRES,BARRIO ESTACION QUEQ,60
2026-03-25,BUENOS AIRES,CORONEL DORREGO,210
2026-03-25,BUENOS AIRES,CORONEL PRINGLES,30
2026-03-25,BUENOS AIRES,CORONEL SUAREZ,765
2026-03-25,BUENOS AIRES,GONZALES CHAVES,3200
2026-03-25,BUENOS AIRES,GOYENA,60
2026-03-25,BUENOS AIRES,LAPRIDA,399
2026-03-25,BUENOS AIRES,MEDANOS,60
2026-03-25,BUENOS AIRES,NECOCHEA,4201
2026-03-25,BUENOS AIRES,PIGUE,480
2026-03-25,BUENOS AIRES,RIVADAVIA,30
2026-03-25,BUENOS AIRES,TANDIL,300
2026-03-25,BUENOS AIRES,TORNQUIST,60
2026-03-25,BUENOS AIRES,TRES ARROYOS,510
2026-03-26,BUENOS AIRES,AZUL,6
2026-03-26,BUENOS AIRES,BAHIA BLANCA,480
2026-03-26,BUENOS AIRES,BALCARCE,390
2026-03-26,BUENOS AIRES,BARRIO JARDIN,35
2026-03-26,BUENOS AIRES,CORONEL DORREGO,3490
2026-03-26,BUENOS AIRES,CORONEL PRINGLES,60
2026-03-26,BUENOS AIRES,CORONEL SUAREZ,160
2026-03-26,BUENOS AIRES,DARREGUEIRA,400
2026-03-26,BUENOS AIRES,DE LA GARMA,90
2026-03-26,BUENOS AIRES,GONZALES CHAVES,1000
2026-03-26,BUENOS AIRES,IGARZABAL,160
2026-03-26,BUENOS AIRES,JUAN N. FERNANDEZ,330
2026-03-26,BUENOS AIRES,LOBERIA,1020
2026-03-26,BUENOS AIRES,NECOCHEA,1518
2026-03-26,BUENOS AIRES,ORIENTE,800
2026-03-26,BUENOS AIRES,PIGUE,217
2026-03-26,BUENOS AIRES,PUAN,210
2026-03-26,BUENOS AIRES,SAN FRANCISCO DE BEL,60
2026-03-26,BUENOS AIRES,TANDIL,59
2026-03-26,BUENOS AIRES,TRES ARROYOS,329
2026-03-26,CÓRDOBA,SAMPACHO,12
2026-03-26,LA PAMPA,CATRILO,3000
2026-03-26,SANTA FE,SAN LORENZO,34
2026-03-27,BUENOS AIRES,BAHIA BLANCA,30
2026-03-27,BUENOS AIRES,BAJO HONDO,30
2026-03-27,BUENOS AIRES,BARRIO LELOIR DE QUI,388
2026-03-27,BUENOS AIRES,BARRIO VILLA GAUCHO,60
2026-03-27,BUENOS AIRES,CHACABUCO,145
2026-03-27,BUENOS AIRES,CHILLAR,60
2026-03-27,BUENOS AIRES,CHIVILCOY,6
2026-03-27,BUENOS AIRES,CORONEL DORREGO,150
2026-03-27,BUENOS AIRES,CORONEL SUAREZ,90
2026-03-27,BUENOS AIRES,GOYENA,120
2026-03-27,BUENOS AIRES,HUANGUELEN,120
2026-03-27,BUENOS AIRES,LIBANO,30
2026-03-27,BUENOS AIRES,LOBERIA,120
2026-03-27,BUENOS AIRES,MEDANOS,60
2026-03-27,BUENOS AIRES,NECOCHEA,1500
2026-03-27,BUENOS AIRES,QUEQUEN,205
2026-03-27,BUENOS AIRES,TANDIL,558
2026-03-27,BUENOS AIRES,TORNQUIST,300
2026-03-27,BUENOS AIRES,TRES ARROYOS,120
2026-03-27,LA PAMPA,GENERAL PICO,400
2026-03-27,LA PAMPA,GUATRACHE,240
2026-03-27,SANTA FE,CHAPUY,60
2026-03-27,SANTA FE,SAN JERONIMO NORTE,60
2026-03-28,BUENOS AIRES,BAJO HONDO,90
2026-03-30,BUENOS AIRES,ABRA DE HINOJO,24
2026-03-30,BUENOS AIRES,ADOLFO GONZALES CHAVEZ,30
2026-03-30,BUENOS AIRES,BAHIA BLANCA,330
2026-03-30,BUENOS AIRES,CASBAS,67
2026-03-30,BUENOS AIRES,CORONEL DORREGO,500
2026-03-30,BUENOS AIRES,CORONEL PRINGLES,14
2026-03-30,BUENOS AIRES,JUAN JOSE PASO,150
2026-03-30,BUENOS AIRES,LOBERIA,850
2026-03-30,BUENOS AIRES,NECOCHEA,141
2026-03-30,BUENOS AIRES,PEDRO LURO,30
2026-03-30,BUENOS AIRES,TANDIL,450
2026-03-30,BUENOS AIRES,TRENQUE LAUQUEN,30
2026-03-30,BUENOS AIRES,TRES ARROYOS,70
2026-03-30,SANTA FE,CHAPUY,60
2026-03-31,BUENOS AIRES,ADOLFO GONZALES CHAVEZ,30
2026-03-31,BUENOS AIRES,CABILDO,60
2026-03-31,BUENOS AIRES,CASCADA,4
2026-03-31,BUENOS AIRES,CHACABUCO,28
2026-03-31,BUENOS AIRES,CHILLAR,60
2026-03-31,BUENOS AIRES,CORONEL DORREGO,4030
2026-03-31,BUENOS AIRES,CORONEL PRINGLES,120
2026-03-31,BUENOS AIRES,GONZALES CHAVES,120
2026-03-31,BUENOS AIRES,LA DULCE,55
2026-03-31,BUENOS AIRES,LOBERIA,90
2026-03-31,BUENOS AIRES,NECOCHEA,3150
2026-03-31,BUENOS AIRES,TANDIL,30
2026-03-31,SANTA FE,CHAPUY,300
2026-04-01,BUENOS AIRES,BAHIA BLANCA,300
2026-04-01,BUENOS AIRES,CHACABUCO,353
2026-04-01,BUENOS AIRES,CORONEL DORREGO,2750
2026-04-01,BUENOS AIRES,CORONEL PRINGLES,110
2026-04-01,BUENOS AIRES,GONZALES CHAVES,90
2026-04-01,BUENOS AIRES,HUANGUELEN,148
2026-04-01,BUENOS AIRES,LOBERIA,270
2026-04-01,BUENOS AIRES,NECOCHEA,2000
2026-04-01,BUENOS AIRES,ORIENTE,30
2026-04-01,BUENOS AIRES,PIGUE,30
2026-04-01,BUENOS AIRES,SIERRA DE LA VENTANA,30
2026-04-01,BUENOS AIRES,TORNQUIST,8
2026-04-01,BUENOS AIRES,TRENQUE LAUQUEN,47
2026-04-01,CÓRDOBA,JUSTINIANO POSSE,120
2026-04-01,CÓRDOBA,OLIVA,90
2026-04-01,LA PAMPA,GENERAL PICO,293
2026-04-01,SANTA FE,SAN LORENZO,21
2026-04-06,BUENOS AIRES,BAHIA BLANCA,90
2026-04-06,BUENOS AIRES,CASBAS,66
2026-04-06,BUENOS AIRES,CHACABUCO,15
2026-04-06,BUENOS AIRES,COPETONAS,300
2026-04-06,BUENOS AIRES,CORONEL DORREGO,200
2026-04-06,BUENOS AIRES,CORONEL PRINGLES,261
2026-04-06,BUENOS AIRES,QUEQUEN,1133
2026-04-06,BUENOS AIRES,SALLIQUELO,102
2026-04-07,BUENOS AIRES,BAHIA BLANCA,180
2026-04-07,BUENOS AIRES,BARRIO VILLA GAUCHO,2000
2026-04-07,BUENOS AIRES,CARLOS CASARES,2000
2026-04-07,BUENOS AIRES,CHACABUCO,145
2026-04-07,BUENOS AIRES,CORONEL DORREGO,247
2026-04-07,BUENOS AIRES,EL LENGUARAZ,90
2026-04-07,BUENOS AIRES,GARDEY,330
2026-04-07,BUENOS AIRES,GONZALES CHAVES,700
2026-04-07,BUENOS AIRES,NECOCHEA,600
2026-04-07,BUENOS AIRES,OLAVARRIA,117
2026-04-07,BUENOS AIRES,QUEQUEN,240
2026-04-07,BUENOS AIRES,ROBERTS,144
2026-04-07,BUENOS AIRES,TANDIL,500
2026-04-07,BUENOS AIRES,TORNQUIST,360
2026-04-08,BUENOS AIRES,BAHIA BLANCA,500
2026-04-08,BUENOS AIRES,CARLOS CASARES,32
2026-04-08,BUENOS AIRES,CHILLAR,68
2026-04-08,BUENOS AIRES,CORONEL SUAREZ,5
2026-04-08,BUENOS AIRES,DARREGUEIRA,130
2026-04-08,BUENOS AIRES,NECOCHEA,14
2026-04-08,BUENOS AIRES,PIGUE,500
2026-04-08,BUENOS AIRES,SAN CAYETANO,90
2026-04-08,BUENOS AIRES,TORNQUIST,1000
2026-04-08,BUENOS AIRES,TRES ARROYOS,210
2026-04-08,BUENOS AIRES,TRES LOMAS,350
2026-04-08,LA PAMPA,CORONEL HILARIO LAGO,39
2026-04-08,SANTA FE,CHAPUY,330
2026-04-09,BUENOS AIRES,BAHIA BLANCA,31
2026-04-09,BUENOS AIRES,BRAGADO,30
2026-04-09,BUENOS AIRES,CARHUE,170
2026-04-09,BUENOS AIRES,CORONEL DORREGO,120
2026-04-09,BUENOS AIRES,EMPORIO STROEDER,60
2026-04-09,BUENOS AIRES,INGENIERO WHITE,2000
2026-04-09,BUENOS AIRES,LOBERIA,420
2026-04-09,BUENOS AIRES,NECOCHEA,909
2026-04-09,BUENOS AIRES,SAAVEDRA,280
2026-04-09,BUENOS AIRES,TANDIL,25
2026-04-09,SANTA FE,VILLA CONSTITUCION,120
2026-04-10,BUENOS AIRES,BALCARCE,150
2026-04-10,BUENOS AIRES,BARRIO VILLA GAUCHO,100
2026-04-10,BUENOS AIRES,CORONEL DORREGO,1000
2026-04-10,BUENOS AIRES,LOBERIA,150
2026-04-10,BUENOS AIRES,QUEQUEN,200
2026-04-10,BUENOS AIRES,TANDIL,360
2026-04-10,BUENOS AIRES,TORNQUIST,60
2026-04-10,BUENOS AIRES,TRES ARROYOS,150
2026-04-10,BUENOS AIRES,VILLA LONGA,60
2026-04-10,CIUDAD AUTÓNOMA DE BUENOS AIRES,CAPITAL FEDERAL,62
2026-04-13,BUENOS AIRES,CHILLAR,90
2026-04-13,BUENOS AIRES,DE LA GARMA,8
2026-04-13,BUENOS AIRES,ESPARTILLAR (PDO. SAAVEDRA),600
2026-04-13,BUENOS AIRES,LOBERIA,90
2026-04-13,BUENOS AIRES,PIGUE,30
2026-04-13,BUENOS AIRES,QUEQUEN,90
2026-04-13,BUENOS AIRES,SALLIQUELO,171
2026-04-13,BUENOS AIRES,TRENQUE LAUQUEN,6
2026-04-13,SANTA FE,CHAPUY,35
2026-04-14,BUENOS AIRES,ADOLFO GONZALES CHAVEZ,300
2026-04-14,BUENOS AIRES,CARLOS CASARES,13
2026-04-14,BUENOS AIRES,EMILIO V. BUNGE,17
2026-04-14,BUENOS AIRES,LOBERIA,1770
2026-04-14,BUENOS AIRES,NECOCHEA,210
2026-04-14,BUENOS AIRES,TRES ARROYOS,207
2026-04-15,BUENOS AIRES,AZUL,60
2026-04-15,BUENOS AIRES,CORONEL PRINGLES,30
2026-04-15,BUENOS AIRES,ESPARTILLAR (PDO. SAAVEDRA),254
2026-04-15,BUENOS AIRES,LOBERIA,324
2026-04-15,BUENOS AIRES,QUEQUEN,1
2026-04-15,SANTA FE,CHAPUY,180
2026-04-16,BUENOS AIRES,17  DE AGOSTO,60
2026-04-16,BUENOS AIRES,DARREGUEIRA,150
2026-04-16,BUENOS AIRES,QUEQUEN,50
2026-04-16,BUENOS AIRES,TRES ARROYOS,500
2026-04-16,LA PAMPA,QUEMU-QUEMU,148
2026-04-16,SANTA FE,CHAPUY,30
2026-04-16,SANTA FE,SAN LORENZO,34
2026-04-17,BUENOS AIRES,BAHIA BLANCA,530
2026-04-17,BUENOS AIRES,CORONEL DORREGO,450
2026-04-17,BUENOS AIRES,GONZALES CHAVES,150
2026-04-17,BUENOS AIRES,JUAN JOSE PASO,34
2026-04-17,BUENOS AIRES,LAPRIDA,240
2026-04-17,BUENOS AIRES,NECOCHEA,150
2026-04-17,BUENOS AIRES,TRES ARROYOS,300
2026-04-20,BUENOS AIRES,30 DE AGOSTO,800
2026-04-20,BUENOS AIRES,BAHIA BLANCA,512
2026-04-20,BUENOS AIRES,BARADERO,60
2026-04-20,BUENOS AIRES,CHACABUCO,90
2026-04-20,BUENOS AIRES,DARREGUEIRA,350
2026-04-20,BUENOS AIRES,GUAMINI,30
2026-04-20,BUENOS AIRES,LARTIGAU,180
2026-04-20,BUENOS AIRES,LOBERIA,500
2026-04-20,BUENOS AIRES,MICAELA CASCALLARES,300
2026-04-20,BUENOS AIRES,QUEQUEN,2400
2026-04-20,BUENOS AIRES,SAN MIGUEL ARCANGEL,900
2026-04-20,BUENOS AIRES,TRENQUE LAUQUEN,198
2026-04-20,BUENOS AIRES,TRES ARROYOS,210
2026-04-21,BUENOS AIRES,17  DE AGOSTO,60
2026-04-21,BUENOS AIRES,BAHIA BLANCA,240
2026-04-21,BUENOS AIRES,CHACABUCO,58
2026-04-21,BUENOS AIRES,CORONEL PRINGLES,330
2026-04-21,BUENOS AIRES,CORONEL SUAREZ,450
2026-04-21,BUENOS AIRES,ESPARTILLAR (PDO. SAAVEDRA),150
2026-04-21,BUENOS AIRES,LOBERIA,120
2026-04-21,BUENOS AIRES,MEDANOS,120
2026-04-21,BUENOS AIRES,SAUCE CORTO,300
2026-04-21,BUENOS AIRES,TRES ARROYOS,1734
2026-04-21,CÓRDOBA,JUSTINIANO POSSE,90
2026-04-21,SANTA FE,SAN LORENZO,1000
2026-04-22,BUENOS AIRES,17  DE AGOSTO,60
2026-04-22,BUENOS AIRES,AZUL,5
2026-04-22,BUENOS AIRES,CABILDO,180
2026-04-22,BUENOS AIRES,CASCADA,1000
2026-04-22,BUENOS AIRES,CHACABUCO,170
2026-04-22,BUENOS AIRES,CORONEL DORREGO,1500
2026-04-22,BUENOS AIRES,CORONEL SUAREZ,90
2026-04-22,BUENOS AIRES,ESPARTILLAR (PDO. SAAVEDRA),1000
2026-04-22,BUENOS AIRES,GONZALES CHAVES,310
2026-04-22,BUENOS AIRES,LAPRIDA,650
2026-04-22,BUENOS AIRES,LOBERIA,450
2026-04-22,BUENOS AIRES,NECOCHEA,31
2026-04-22,BUENOS AIRES,TANDIL,1
2026-04-22,BUENOS AIRES,TRES ARROYOS,111
2026-04-22,LA PAMPA,CATRILO,500
2026-04-22,SANTA FE,CHAPUY,819
2026-04-22,SANTA FE,PAZ,59
2026-04-23,BUENOS AIRES,BAHIA BLANCA,233
2026-04-23,BUENOS AIRES,CORONEL DORREGO,480
2026-04-23,BUENOS AIRES,CORONEL PRINGLES,120
2026-04-23,BUENOS AIRES,EMPORIO STROEDER,150
2026-04-23,BUENOS AIRES,GENERAL VILLEGAS,800
2026-04-23,BUENOS AIRES,ORIENTE,31
2026-04-23,BUENOS AIRES,PUAN,500
2026-04-23,BUENOS AIRES,TANDIL,90
2026-04-23,BUENOS AIRES,TRES ARROYOS,120
2026-04-23,LA PAMPA,GENERAL SAN MARTIN,3
2026-04-23,SANTA FE,CHAPUY,258
2026-04-24,BUENOS AIRES,BAJO HONDO,50
2026-04-24,BUENOS AIRES,CHACABUCO,30
2026-04-24,BUENOS AIRES,CORONEL SUAREZ,240
2026-04-24,BUENOS AIRES,GENERAL VILLEGAS,500
2026-04-24,BUENOS AIRES,GONZALES CHAVES,2000
2026-04-24,BUENOS AIRES,LA DULCE,300
2026-04-24,BUENOS AIRES,LARTIGAU,240
2026-04-24,BUENOS AIRES,PIGUE,300
2026-04-24,BUENOS AIRES,PUAN,210
2026-04-24,BUENOS AIRES,TANDIL,30
2026-04-24,BUENOS AIRES,TORNQUIST,300
2026-04-24,BUENOS AIRES,TRES ARROYOS,1590
2026-04-24,CIUDAD AUTÓNOMA DE BUENOS AIRES,CAPITAL FEDERAL,31
2026-04-24,CÓRDOBA,POZO DEL MOLLE (DPTO,31
2026-04-24,SANTA FE,CHAPUY,58
2026-04-27,BUENOS AIRES,BAHIA BLANCA,390
2026-04-27,BUENOS AIRES,BAJO HONDO,30
2026-04-27,BUENOS AIRES,CHASICO,30
2026-04-27,BUENOS AIRES,CORONEL PRINGLES,800
2026-04-27,BUENOS AIRES,GENERAL VILLEGAS,1000
2026-04-27,BUENOS AIRES,GOYENA,150
2026-04-27,BUENOS AIRES,LAPRIDA,34
2026-04-27,BUENOS AIRES,TANDIL,90
2026-04-27,BUENOS AIRES,TRES ARROYOS,150
2026-04-27,BUENOS AIRES,VILLA IRIS,600
2026-04-27,LA PAMPA,MACACHIN,270
2026-04-28,BUENOS AIRES,17  DE AGOSTO,60
2026-04-28,BUENOS AIRES,BAHIA BLANCA,400
2026-04-28,BUENOS AIRES,BAJO HONDO,55
2026-04-28,BUENOS AIRES,CABILDO,30
2026-04-28,BUENOS AIRES,CORONEL DORREGO,1360
2026-04-28,BUENOS AIRES,CORONEL SUAREZ,120
2026-04-28,BUENOS AIRES,LARTIGAU,200
2026-04-28,BUENOS AIRES,NECOCHEA,90
2026-04-28,BUENOS AIRES,PIGUE,300
2026-04-28,BUENOS AIRES,PUAN,240
2026-04-28,BUENOS AIRES,TANDIL,720
2026-04-28,BUENOS AIRES,TRENQUE LAUQUEN,300
2026-04-29,BUENOS AIRES,BAHIA BLANCA,1000
2026-04-29,BUENOS AIRES,BORDENAVE,120
2026-04-29,BUENOS AIRES,CORONEL DORREGO,330
2026-04-29,BUENOS AIRES,CORONEL PRINGLES,180
2026-04-29,BUENOS AIRES,JUNIN,30
2026-04-29,BUENOS AIRES,LARTIGAU,216
2026-04-29,BUENOS AIRES,LOBERIA,235
2026-04-29,BUENOS AIRES,NECOCHEA,714
2026-04-29,BUENOS AIRES,OLAVARRIA,90
2026-04-29,BUENOS AIRES,ORIENTE,30
2026-04-29,BUENOS AIRES,PEHUEN CO,30
2026-04-29,BUENOS AIRES,PELICURA,5
2026-04-29,BUENOS AIRES,TORNQUIST,450
2026-04-29,BUENOS AIRES,TRES ARROYOS,51
2026-04-29,SANTA FE,CHAPUY,60
2026-04-30,BUENOS AIRES,BENITO JUAREZ,240
2026-04-30,BUENOS AIRES,CHACABUCO,30
2026-04-30,BUENOS AIRES,CORONEL PRINGLES,210
2026-04-30,BUENOS AIRES,GONZALES CHAVES,2000
2026-04-30,BUENOS AIRES,JUAN N. FERNANDEZ,770
2026-04-30,BUENOS AIRES,LARTIGAU,300
2026-04-30,BUENOS AIRES,LOBERIA,310
2026-04-30,BUENOS AIRES,NECOCHEA,180
2026-04-30,BUENOS AIRES,SAN MIGUEL ARCANGEL,30
2026-04-30,BUENOS AIRES,TRES ARROYOS,300
2026-04-30,SANTA FE,CHAPUY,90
2026-05-04,BUENOS AIRES,BAHIA BLANCA,580
2026-05-04,BUENOS AIRES,CABILDO,210
2026-05-04,BUENOS AIRES,CARHUE,270
2026-05-04,BUENOS AIRES,CARLOS CASARES,600
2026-05-04,BUENOS AIRES,COPETONAS,31
2026-05-04,BUENOS AIRES,CORONEL PRINGLES,90
2026-05-04,BUENOS AIRES,EMPORIO STROEDER,30
2026-05-04,BUENOS AIRES,HENDERSON,30
2026-05-04,BUENOS AIRES,IGARZABAL,390
2026-05-04,BUENOS AIRES,JUAN N. FERNANDEZ,120
2026-05-04,BUENOS AIRES,LA DULCE,150
2026-05-04,BUENOS AIRES,LOBERIA,30
2026-05-04,BUENOS AIRES,PEHUEN CO,30
2026-05-04,BUENOS AIRES,SAN CAYETANO,1000
2026-05-04,BUENOS AIRES,TRES ARROYOS,1000
2026-05-04,SANTA FE,CHAPUY,150
2026-05-05,BUENOS AIRES,BAHIA BLANCA,130
2026-05-05,BUENOS AIRES,BALCARCE,86
2026-05-05,BUENOS AIRES,BARKER,58
2026-05-05,BUENOS AIRES,BARRIO VILLA GAUCHO,60
2026-05-05,BUENOS AIRES,CHACABUCO,30
2026-05-05,BUENOS AIRES,CHIVILCOY,30
2026-05-05,BUENOS AIRES,DARREGUEIRA,1700
2026-05-05,BUENOS AIRES,GONZALES CHAVES,120
2026-05-05,BUENOS AIRES,LARTIGAU,405
2026-05-05,BUENOS AIRES,LOBERIA,420
2026-05-05,BUENOS AIRES,NECOCHEA,270
2026-05-05,BUENOS AIRES,SAN MANUEL,240
2026-05-05,BUENOS AIRES,SANTA ROSA,60
2026-05-05,BUENOS AIRES,TANDIL,310
2026-05-05,BUENOS AIRES,TRES ARROYOS,984
2026-05-06,BUENOS AIRES,BALCARCE,90
2026-05-06,BUENOS AIRES,BARRIO JARDIN,34
2026-05-06,BUENOS AIRES,CORONEL DORREGO,210
2026-05-06,BUENOS AIRES,NECOCHEA,3000
2026-05-06,BUENOS AIRES,PUAN,480
2026-05-06,BUENOS AIRES,TANDIL,309
2026-05-06,BUENOS AIRES,TRENQUE LAUQUEN,20
2026-05-06,BUENOS AIRES,TRES ARROYOS,144
2026-05-06,SANTA FE,CHAPUY,29
2026-05-07,BUENOS AIRES,BAJO HONDO,120
2026-05-07,BUENOS AIRES,BALCARCE,150
2026-05-07,BUENOS AIRES,CAMINERA NAPALEOFU,30
2026-05-07,BUENOS AIRES,CHACABUCO,30
2026-05-07,BUENOS AIRES,CHIVILCOY,30
2026-05-07,BUENOS AIRES,CORONEL DORREGO,450
2026-05-07,BUENOS AIRES,CORONEL PRINGLES,35
2026-05-07,BUENOS AIRES,GENERAL LAMADRID,30
2026-05-07,BUENOS AIRES,GONZALES CHAVES,2000
2026-05-07,BUENOS AIRES,LOBERIA,170
2026-05-07,BUENOS AIRES,NECOCHEA,650
2026-05-07,BUENOS AIRES,OLAVARRIA,210
2026-05-07,BUENOS AIRES,TANDIL,300
2026-05-07,BUENOS AIRES,TORNQUIST,450
2026-05-07,BUENOS AIRES,TRES ARROYOS,430
2026-05-07,LA PAMPA,GENERAL PICO,90
2026-05-07,SANTA FE,SANTA FE,10
2026-05-08,BUENOS AIRES,AZUL,228
2026-05-08,BUENOS AIRES,COPETONAS,2
2026-05-08,BUENOS AIRES,CORONEL DORREGO,330
2026-05-08,BUENOS AIRES,CORONEL PRINGLES,90
2026-05-08,BUENOS AIRES,GOYENA,95
2026-05-08,BUENOS AIRES,HUANGUELEN,120
2026-05-08,BUENOS AIRES,NECOCHEA,333
2026-05-08,BUENOS AIRES,TRES ARROYOS,4
2026-05-11,BUENOS AIRES,ADOLFO GONZALES CHAVEZ,89
2026-05-11,BUENOS AIRES,BENITO JUAREZ,600
2026-05-11,BUENOS AIRES,BRAGADO,29
2026-05-11,BUENOS AIRES,CHASICO,30
2026-05-11,BUENOS AIRES,JUAN N. FERNANDEZ,300
2026-05-11,BUENOS AIRES,LA DULCE,90
2026-05-11,BUENOS AIRES,LARTIGAU,60
2026-05-11,BUENOS AIRES,LOBERIA,770
2026-05-11,BUENOS AIRES,NECOCHEA,500
2026-05-11,BUENOS AIRES,OLAVARRIA,140
2026-05-11,BUENOS AIRES,PUAN,140
2026-05-11,BUENOS AIRES,TRES ARROYOS,690
2026-05-11,SANTA FE,CHAPUY,235
2026-05-11,SANTA FE,SAN LORENZO,500
2026-05-12,BUENOS AIRES,BALCARCE,294
2026-05-12,BUENOS AIRES,BARRIO VILLA GAUCHO,30
2026-05-12,BUENOS AIRES,CABILDO,90
2026-05-12,BUENOS AIRES,CARHUE,90
2026-05-12,BUENOS AIRES,CHACABUCO,60
2026-05-12,BUENOS AIRES,CORONEL SUAREZ,90
2026-05-12,BUENOS AIRES,DAIREAUX,60
2026-05-12,BUENOS AIRES,GARDEY,90
2026-05-12,BUENOS AIRES,LA DULCE,150
2026-05-12,BUENOS AIRES,LARTIGAU,530
2026-05-12,BUENOS AIRES,LOBERIA,390
2026-05-12,BUENOS AIRES,SAN CAYETANO,1200
2026-05-12,BUENOS AIRES,SAN MANUEL,300
2026-05-12,BUENOS AIRES,TRES ARROYOS,1229
2026-05-12,CHACO,GENERAL CAPDEVILA,30
2026-05-13,BUENOS AIRES,17  DE AGOSTO,30
2026-05-13,BUENOS AIRES,ADOLFO GONZALES CHAVEZ,58
2026-05-13,BUENOS AIRES,BAHIA BLANCA,660
2026-05-13,BUENOS AIRES,BALCARCE,90
2026-05-13,BUENOS AIRES,BARRIO LELOIR DE QUI,560
2026-05-13,BUENOS AIRES,CABILDO,30
2026-05-13,BUENOS AIRES,CHIVILCOY,30
2026-05-13,BUENOS AIRES,CORONEL DORREGO,90
2026-05-13,BUENOS AIRES,CORONEL SUAREZ,60
2026-05-13,BUENOS AIRES,DARREGUEIRA,1770
2026-05-13,BUENOS AIRES,ESPARTILLAR (PDO. SAAVEDRA),1200
2026-05-13,BUENOS AIRES,LARTIGAU,150
2026-05-13,BUENOS AIRES,LOBERIA,180
2026-05-13,BUENOS AIRES,MAR DEL PLATA,420
2026-05-13,BUENOS AIRES,NECOCHEA,60
2026-05-13,BUENOS AIRES,TANDIL,510
2026-05-13,SANTA FE,CHAPUY,360
2026-05-14,BUENOS AIRES,BAHIA BLANCA,300
2026-05-14,BUENOS AIRES,BOLIVAR,150
2026-05-14,BUENOS AIRES,CABILDO,210
2026-05-14,BUENOS AIRES,CHACABUCO,115
2026-05-14,BUENOS AIRES,CHIVILCOY,400
2026-05-14,BUENOS AIRES,CORONEL DORREGO,390
2026-05-14,BUENOS AIRES,DARREGUEIRA,910
2026-05-14,BUENOS AIRES,JUAN N. FERNANDEZ,30
2026-05-14,BUENOS AIRES,NECOCHEA,1700
2026-05-14,BUENOS AIRES,SALLIQUELO,60
2026-05-14,BUENOS AIRES,SAN MANUEL,300
2026-05-14,BUENOS AIRES,SAN MIGUEL,300
2026-05-14,BUENOS AIRES,TORNQUIST,390
2026-05-14,BUENOS AIRES,TRES ARROYOS,600
2026-05-14,BUENOS AIRES,TRES LOMAS,300
2026-05-14,LA PAMPA,QUEMU-QUEMU,25
2026-05-14,SANTA FE,CHAPUY,116
2026-05-15,BUENOS AIRES,ADOLFO GONZALES CHAVEZ,60
2026-05-15,BUENOS AIRES,BAHIA BLANCA,2300
2026-05-15,BUENOS AIRES,BORDENAVE,200
2026-05-15,BUENOS AIRES,CAMINERA AZUL,120
2026-05-15,BUENOS AIRES,CORONEL DORREGO,510
2026-05-15,BUENOS AIRES,CORONEL SUAREZ,11
2026-05-15,BUENOS AIRES,GONZALES CHAVES,60
2026-05-15,BUENOS AIRES,LARTIGAU,200
2026-05-15,BUENOS AIRES,LOBERIA,227
2026-05-15,BUENOS AIRES,NECOCHEA,60
2026-05-15,BUENOS AIRES,PIGUE,900
2026-05-15,BUENOS AIRES,QUEQUEN,180
2026-05-15,BUENOS AIRES,TANDIL,400
2026-05-15,BUENOS AIRES,TRES ARROYOS,22
2026-05-15,LA PAMPA,CATRILO,1000
2026-05-18,BUENOS AIRES,ADOLFO GONZALES CHAVEZ,60
2026-05-18,BUENOS AIRES,BAHIA BLANCA,30
2026-05-18,BUENOS AIRES,BARKER,30
2026-05-18,BUENOS AIRES,BARRIO VILLA GAUCHO,180
2026-05-18,BUENOS AIRES,BENITO JUAREZ,700
2026-05-18,BUENOS AIRES,CABILDO,30
2026-05-18,BUENOS AIRES,CARHUE,30
2026-05-18,BUENOS AIRES,CARLOS CASARES,16
2026-05-18,BUENOS AIRES,JUAN N. FERNANDEZ,32
2026-05-18,BUENOS AIRES,LOBERIA,90
2026-05-18,BUENOS AIRES,NECOCHEA,970
2026-05-18,BUENOS AIRES,OLAVARRIA,60
2026-05-18,BUENOS AIRES,PUAN,480
2026-05-18,BUENOS AIRES,SALLIQUELO,60
2026-05-18,BUENOS AIRES,SAN MIGUEL ARCANGEL,300
2026-05-18,BUENOS AIRES,TANDIL,170
2026-05-18,BUENOS AIRES,TRES ARROYOS,60
2026-05-18,SANTA FE,ROSARIO,35
2026-05-19,BUENOS AIRES,BALCARCE,71
2026-05-19,BUENOS AIRES,BARADERO,60
2026-05-19,BUENOS AIRES,CABILDO,60
2026-05-19,BUENOS AIRES,ESPARTILLAR (PDO. SAAVEDRA),3
2026-05-19,BUENOS AIRES,LA DULCE,180
2026-05-19,BUENOS AIRES,LOBERIA,30
2026-05-19,BUENOS AIRES,MICAELA CASCALLARES,31
2026-05-19,BUENOS AIRES,OLAVARRIA,120
2026-05-19,BUENOS AIRES,PIGUE,310
2026-05-19,BUENOS AIRES,PUAN,4
2026-05-19,BUENOS AIRES,TANDIL,5510
2026-05-19,BUENOS AIRES,TRENQUE LAUQUEN,36
2026-05-19,BUENOS AIRES,VILLA LONGA,150
2026-05-19,CÓRDOBA,JUSTINIANO POSSE,90
2026-05-19,LA PAMPA,CATRILO,150
2026-05-19,SANTA FE,CHAPUY,110
2026-05-19,SANTA FE,SAN LORENZO,7
2026-05-20,BUENOS AIRES,ADOLFO ALSINA,60
2026-05-20,BUENOS AIRES,BAHIA BLANCA,300
2026-05-20,BUENOS AIRES,BARRIO JARDIN,69
2026-05-20,BUENOS AIRES,CARHUE,90
2026-05-20,BUENOS AIRES,CORONEL DORREGO,210
2026-05-20,BUENOS AIRES,CORONEL PRINGLES,510
2026-05-20,BUENOS AIRES,CORONEL SUAREZ,140
2026-05-20,BUENOS AIRES,CRISTIANO MUERTO,30
2026-05-20,BUENOS AIRES,DE LA GARMA,130
2026-05-20,BUENOS AIRES,FELIPE SOLA,71
2026-05-20,BUENOS AIRES,LARTIGAU,300
2026-05-20,BUENOS AIRES,LOBERIA,129
2026-05-20,BUENOS AIRES,OLAVARRIA,55
2026-05-20,BUENOS AIRES,SALLIQUELO,17
2026-05-20,SANTA FE,CHAPUY,650
2026-05-21,BUENOS AIRES,BAHIA BLANCA,1000
2026-05-21,BUENOS AIRES,CAÑADA MARIANO (EMBA,60
2026-05-21,BUENOS AIRES,LA DULCE,90
2026-05-21,BUENOS AIRES,ORENSE,30
2026-05-21,BUENOS AIRES,PIGUE,60
2026-05-21,BUENOS AIRES,TANDIL,180
2026-05-21,BUENOS AIRES,TENIENTE ORIGONE,500
2026-05-21,LA PAMPA,COLONIA CASTEX,10
2026-05-21,SANTA FE,ROSARIO,120
2026-05-22,BUENOS AIRES,9 DE JULIO,120
2026-05-22,BUENOS AIRES,BARKER,60
2026-05-22,BUENOS AIRES,CASCADA,500
2026-05-22,BUENOS AIRES,CLARAZ,4
2026-05-22,BUENOS AIRES,PEHUAJO,18
2026-05-22,BUENOS AIRES,QUEQUEN,261
